name,Planck_350,Planck_350_err,Planck_350_flag,Planck_550,Planck_550_err,Planck_550_flag,Planck_850,Planck_850_err,Planck_850_flag,Planck_1380,Planck_1380_err,Planck_1380_flag,Planck_2100,Planck_2100_err,Planck_2100_flag,Planck_3000,Planck_3000_err,Planck_3000_flag,Planck_4260,Planck_4260_err,Planck_4260_flag,Planck_6810,Planck_6810_err,Planck_6810_flag,Planck_10600,Planck_10600_err,Planck_10600_flag
ESO097-013,60.807213,8.62912188849,e,16.606062,2.7222989,e,4.4593368,0.8436917,e,1.1695954,0.26480523,e,,,,0.5000786,0.2782215,,,,,,,,,,
ESO116-012,1.2903122,0.517168437847,C,0.2125056,0.25410134,C,,,,,,,,,,,,,,,,,,,,,
ESO149-001,,,,,,,,,,,,,,,,,,,,,,,,,,,
ESO149-013,,,,,,,,,,,,,,,,,,,,,,,,,,,
ESO157-047,,,,,,,,,,,,,,,,,,,,,,,,,,,
ESO157-049,0.9019652,0.275332665172,C,,,,,,,,,,,,,,,,,,,,,,,,
ESO209-009,14.304373,3.78945997911,,4.5321226,1.3326298,,1.4769552,0.3862064,,0.33349115,0.067794934,,,,,,,,,,,,,,,,
ESO240-004,,,,,,,,,,,,,,,,,,,,,,,,,,,
ESO289-020,,,,,,,,,,,,,,,,,,,,,,,,,,,
ESO351-030,,,,,,,,,,,,,,,,,,,,,,,,,,,
ESO358-006,,,,,,,,,,,,,,,,,,,,,,,,,,,
ESO358-015,,,,,,,,,,,,,,,,,,,,,,,,,,,
ESO358-016,,,,,,,,,,,,,,,,,,,,,,,,,,,
ESO358-019,,,,,,,,,,,,,,,,,,,,,,,,,,,
ESO358-042,,,,,,,,,,,,,,,,,,,,,,,,,,,
ESO358-043,,,,,,,,,,,,,,,,,,,,,,,,,,,
ESO358-050,,,,,,,,,,,,,,,,,,,,,,,,,,,
ESO358-051,,,,,,,,,,,,,,,,,,,,,,,,,,,
ESO358-054,,,,,,,,,,,,,,,,,,,,,,,,,,,
ESO358-056,,,,,,,,,,,,,,,,,,,,,,,,,,,
ESO358-059,,,,,,,,,,,,,,,,,,,,,,,,,,,
ESO358-060,,,,,,,,,,,,,,,,,,,,,,,,,,,
ESO358-063,3.649534,0.418078981554,,1.1203731,0.21661079,,0.45984522,0.0715055,,0.022056518,0.1019097,,,,,,,,,,,,,,,,
ESO358-066,,,,,,,,,,,,,,,,,,,,,,,,,,,
ESO359-002,,,,,,,,,,,,,,,,,,,,,,,,,,,
ESO373-008,4.6621046,0.516085682458,,1.7040538,0.2519073,,0.5115409,0.13119443,,,,,,,,,,,,,,,,,,,
ESO377-039,,,,,,,,,,,,,,,,,,,,,,,,,,,
ESO405-014,,,,,,,,,,,,,0.31127405,0.121170044,,,,,0.58490616,0.19669959,,,,,0.55026186,0.2448546,
ESO406-031,,,,,,,,,,,,,,,,,,,,,,,,,,,
ESO407-002,,,,,,,,,,,,,,,,,,,,,,,,,,,
ESO407-018,,,,,,,,,,,,,,,,,,,,,,,,,,,
ESO410-005,,,,,,,,,,,,,,,,,,,,,,,,,,,
ESO410-012,,,,,,,,,,,,,,,,,,,,,,,,,,,
ESO410-018,,,,,,,,,,,,,,,,,,,,,,,,,,,
ESO411-013,,,,,,,,,,,,,,,,,,,,,,,,,,,
ESO411-016,,,,,,,-0.050941117,0.105492316,,,,,,,,,,,,,,,,,,,
ESO411-026,,,,,,,,,,,,,,,,,,,,,,,,,,,
ESO411-027,,,,,,,,,,,,,,,,,,,,,,,,,,,
ESO428-014,0.81194437,1.89150153352,,,,,,,,,,,,,,,,,,,,,,,,,
ESO434-040,,,,,,,,,,,,,,,,,,,,,,,,,,,
ESO471-006,,,,,,,,,,,,,,,,,,,,,,,,,,,
ESO491-020,3.5861905,0.756403326415,C,,,,,,,,,,,,,,,,,,,,,,,,
ESO491-021,,,,0.95710975,0.33617643,C,,,,,,,,,,,,,,,,,,,,,
ESO493-016,17.77409,18.8656164575,,,,,,,,,,,,,,,,,,,,,,,,,
ESO495-021,2.8876941,0.588149671289,,0.7770652,0.28032732,,,,,,,,,,,,,,,,,,,,,,
ESO549-035,,,,,,,,,,,,,,,,,,,,,,,,,,,
ESO560-004,,,,,,,,,,,,,,,,,,,,,,,,,,,
ESO603-031,,,,,,,,,,,,,,,,,,,,,,,,,,,
HS98117,,,,,,,,,,,,,,,,,,,,,,,,,,,
IC0010,50.775578,11.2852907544,e,18.381283,6.2674484,e,5.809357,1.365052,e,1.219556,0.16350807,e,0.4164036,0.15857492,,,,,,,,,,,,,
IC0335,,,,,,,,,,,,,,,,,,,,,,,,,,,
IC0342,70.700195,12.1518008801,e,17.957123,3.6996672,e,4.470382,0.9024466,e,1.1507024,0.21618545,e,,,,,,,,,,,,,,,
IC0610,1.3730787,0.286973822821,,,,,,,,,,,,,,,,,,,,,,,,,
IC0691,,,,,,,,,,,,,,,,,,,,,,,,,0.5512482,0.27572072,
IC0755,,,,,,,,,,,,,,,,,,,,,,,,,,,
IC0781,,,,,,,,,,,,,,,,,,,,,,,,,,,
IC0782,,,,,,,,,,,,,,,,,,,,,,,,,,,
IC0783,,,,,,,,,,,,,,,,,,,,,,,,,,,
IC0794,,,,,,,,,,,,,,,,,,,,,,,,,,,
IC0797,0.42736176,0.474462506583,,,,,,,,,,,,,,,,,,,,,,,,,
IC0800,,,,,,,,,,,,,,,,,,,,,,,,,,,
IC0902,1.720262,0.337002742534,,0.6980706,0.21143937,,0.29425588,0.09862739,,,,,,,,,,,,,,,,,,,
IC0976,,,,,,,,,,,,,,,,,,,,,,,,,,,
IC1613,,,,0.8268285,0.17927931,,,,,,,,,,,,,,,,,,,,,,
IC2085,,,,,,,,,,,,,,,,,,,,,,,,,,,
IC2163,10.357793,0.928965145441,C,,,,,,,0.1844185,0.08562658,,,,,,,,,,,,,,,,
IC2233,,,,,,,,,,,,,,,,,,,,,,,,,,,
IC2461,1.193293,0.197180815536,,,,,,,,,,,,,,,,,,,,,,,,,
IC2531,3.4998581,0.595834823712,,1.1799642,0.28957245,,0.3135844,0.17426388,,,,,,,,,,,,,,,,,,,
IC2574,,,,,,,,,,,,,,,,,,,,,,,,,,,
IC2828,,,,,,,,,,,,,,,,,,,,,,,,,,,
IC3019,,,,,,,,,,,,,,,,,,,,,,,,,,,
IC3021,,,,,,,,,,,,,,,,,,,,,,,,,,,
IC3023,,,,,,,,,,,,,,,,,,,,,,,,,,,
IC3033,,,,,,,,,,,,,,,,,,,,,,,,,,,
IC3044,,,,,,,,,,,,,,,,,,,,,,,,,,,
IC3059,,,,,,,,,,,,,,,,,,,,,,,,,,,
IC3061,1.0372509,0.273525923346,,,,,,,,,,,,,,,,,,,,,,,,,
IC3065,,,,,,,,,,,,,,,,,,,,,,,,,,,
IC3077,,,,,,,,,,,,,,,,,,,,,,,,,,,
IC3096,,,,,,,,,,,,,,,,,,,,,,,,,,,
IC3099,,,,,,,,,,,,,,,,,,,,,,,,,,,
IC3100,,,,,,,,,,,,,,,,,,,,,,,,,,,
IC3102,0.8726881,0.695847596963,,,,,,,,,,,,,,,,,,,,,,,,,
IC3104,,,,,,,,,,,,,,,,,,,,,,,,,,,
IC3105,,,,,,,,,,,,,,,,,,,,,,,,,,,
IC3115,0.34506604,0.45034376568,,,,,,,,,,,,,,,,,,,,,,,,,
IC3131,,,,,,,,,,,,,,,,,,,,,,,,,,,
IC3167,,,,,,,,,,,,,,,,,,,,,,,,,,,
IC3229,,,,,,,,,,,,,,,,,,,,,,,,,,,
IC3258,,,,,,,,,,,,,,,,,,,,,,,,,,,
IC3259,,,,,,,,,,,,,,,,,,,,,,,,,,,
IC3267,,,,,,,,,,,,,,,,,,,,,,,,,,,
IC3268,,,,,,,,,,,,,,,,,,,,,,,,,,,
IC3305,,,,,,,,,,,,,,,,,,,,,,,,,,,
IC3311,,,,,,,,,,,,,,,,,,,,,,,,,,,
IC3313,,,,,,,,,,,,,,,,,,,,,,,,,,,
IC3322,,,,,,,,,,,,,,,,,,,,,,,,,,,
IC3331,,,,,,,,,,,,,,,,,,,,,,,,,,,
IC3355,,,,,,,,,,,,,,,,,,,,,,,,,,,
IC3358,,,,,,,,,,,,,,,,,,,,,,,,,,,
IC3371,,,,,,,,,,,,,,,,,,,,,,,,,,,
IC3381,,,,,,,,,,,,,,,,,,,,,,,,,,,
IC3391,0.85556597,0.468971287068,,,,,,,,,,,,,,,,,,,,,,,,,
IC3392,0.9978498,0.630996694661,,,,,,,,,,,,,,,,,,,,,,,,,
IC3393,,,,,,,,,,,,,,,,,,,,,,,,,,,
IC3413,,,,,,,,,,,,,,,,,,,,,,,,,,,
IC3430,,,,,,,,,,,,,,,,,,,,,,,,,,,
IC3459,,,,,,,,,,,,,,,,,,,,,,,,,,,
IC3468,,,,,,,,,,,,,,,,,,,,,,,,,,,
IC3475,,,,,,,,,,,,,,,,,,,,,,,,,,,
IC3476,1.0734749,0.435507872356,,,,,,,,,,,,,,,,,,,,,,,,,
IC3499,,,,,,,,,,,,,,,,,,,,,,,,,,,
IC3509,,,,,,,,,,,,,,,,,,,,,,,,,,,
IC3517,,,,,,,,,,,,,,,,,,,,,,,,,,,
IC3518,,,,,,,,,,,,,,,,,,,,,,,,,,,
IC3521,0.99985194,0.310091349228,,,,,,,,,,,,,,,,,,,,,,,,,
IC3586,,,,,,,,,,,,,,,,,,,,,,,,,,,
IC3611,,,,,,,,,,,,,,,,,,,,,,,,,,,
IC3631,,,,,,,,,,,,,,,,,,,,,,,,,,,
IC3718,,,,,,,,,,,,,,,,,,,,,,,,,,,
IC4213,,,,,,,,,,,,,,,,,,,,,,,,,,,
IC5270,3.0222695,0.302472726284,,0.99824715,0.14113978,,0.3538363,0.08192981,,,,,,,,,,,,,,,,,,,
IC5334,,,,,,,,,,,,,,,,,,,,,,,,,,,
NGC0007,,,,,,,,,,,,,,,,,,,,,,,,,,,
NGC0115,,,,,,,,,,,,,,,,,,,,,,,,,,,
NGC0131,0.747188,0.365794636878,,,,,,,,,,,,,,,,,,,,,,,,,
NGC0147,,,,,,,,,,,,,,,,,,,,,,,,,,,
NGC0148,,,,,,,,,,,,,,,,,,,,,,,,,,,
NGC0150,4.1832542,0.433239376064,,1.2631729,0.13418846,,0.3226064,0.10253068,,,,,,,,,,,,,,,,,,,
NGC0253,,,,81.46369,4.6918736,e,20.174288,1.1934855,e,5.289157,0.3193157,e,1.3077711,0.2016289,e,1.2421869,0.21285352,e,0.7001478,0.23438364,,1.023346,0.52478325,,1.0351641,0.30433032,
NGC0254,,,,,,,,,,,,,,,,,,,,,,,,,,,
NGC0274,1.3886445,0.44516896915,C,,,,,,,,,,,,,,,,,,,1.2707351,0.51264817,,1.13579,0.33385685,
NGC0275,,,,0.30635792,0.20007704,C,,,,,,,,,,,,,,,,,,,,,
NGC0289,6.4250817,0.468918610252,,2.1417706,0.16287279,,0.5598808,0.08340375,,,,,,,,,,,,,,,,,,,
NGC0300,16.905077,3.8374666382,e,6.386695,1.1716785,e,,,,,,,,,,,,,,,,,,,,,
NGC0337,4.4344563,3.4936631357,,1.5283395,0.87365246,,0.57296807,0.23483005,,0.10716026,0.13113292,,,,,,,,,,,,,,,,
NGC0428,2.8555694,0.5833355391,,0.85173273,0.1404876,,0.28894266,0.11936752,,,,,,,,,,,,,,,,,,,
NGC0448,,,,,,,,,,,,,,,,,,,,,,,,,1.1328211,0.31857276,
NGC0450,2.0181794,0.51414853923,C,0.748594,0.2555528,C,0.35140857,0.12760165,C,,,,,,,,,,,,,,,,,,
NGC0493,2.1384215,0.330410895962,c,0.56141704,0.15716423,c,,,,,,,,,,,,,,,,,,,,,
NGC0520,,,,,,,0.16380224,0.08664283,,,,,,,,,,,,,,,,,,,
NGC0584,,,,,,,,,,,,,,,,,,,,,,,,,,,
NGC0586,,,,,,,,,,,,,,,,,,,,,,,,,,,
NGC0613,16.746809,1.12944078201,,4.429162,0.15004939,,1.1186943,0.079324104,,0.23171099,0.08805956,,,,,,,,,,,,,,,,
NGC0625,2.1591766,0.289890031933,,0.7580158,0.18481645,,0.21645671,0.10227108,,,,,,,,,,,,,,,,,,,
NGC0628,24.34151,1.87735295009,e,7.2871995,0.42260593,e,1.9825712,0.15687338,e,0.473149,0.13360193,,,,,,,,,,,,,,,,
NGC0678,0.57915175,0.419849462875,,,,,,,,,,,,,,,,,,,,,,,,,
NGC0720,,,,,,,,,,,,,,,,,,,,,,,,,,,
NGC0855,,,,,,,,,,,,,,,,,,,,,,,,,,,
NGC0891,67.0633,4.47090076026,e,19.326164,0.5038815,e,4.793628,0.22884148,e,1.208604,0.13504656,e,0.5161843,0.13697098,,0.5476584,0.13572086,,,,,,,,,,
NGC0895,3.629932,0.387347726236,,1.3343832,0.13948408,,0.44870496,0.09367092,,,,,,,,,,,,,,,,,,,
NGC0925,9.759981,0.955544473211,e,4.575268,0.27592695,e,1.5703293,0.1380989,e,0.2894776,0.112510026,e,,,,,,,,,,,,,,,
NGC1052,,,,,,,0.42561796,0.07488144,,0.41068295,0.14524923,,0.36612698,0.32392234,,0.22634715,0.28298247,,0.41064543,0.31852406,,0.36114106,0.48580372,,1.0191715,0.2719052,
NGC1056,1.0341381,1.87292377564,,0.45766303,0.6755014,,,,,,,,,,,,,,,,,,,,,,
NGC1068,48.22655,3.16576950361,,11.96407,0.3516225,,2.9214895,0.1565795,,0.7577083,0.10276532,,0.29134464,0.13298729,,0.5223634,0.14416733,,,,,,,,0.8244266,0.26282695,
NGC1097,26.545017,1.87350977709,e,7.5391326,0.38117316,e,2.1291277,0.120596334,e,0.5082743,0.08275748,e,,,,,,,,,,,,,,,
NGC1140,,,,,,,,,,,,,,,,,,,,,,,,,,,
NGC1189,,,,,,,,,,,,,,,,,,,,,,,,,,,
NGC1199,,,,,,,,,,,,,,,,,,,,,,,,,,,
NGC1222,1.2425362,0.494647937153,,0.37441254,0.28637454,,,,,,,,,,,,,,,,,,,,,,
NGC1266,2.6610708,0.42898205073,c,,,,,,,,,,,,,,,,,,,,,,,,
NGC1316,1.9676441,0.332689929249,C,,,,,,,,,,,,,,,,,,,5.5346484,0.6217656,,10.355165,0.4294152,
NGC1317,2.3269467,0.318634468412,C,,,,,,,,,,,,,,,,,,,,,,,,
NGC1320,,,,,,,,,,,,,,,,,,,,,,,,,,,
NGC1336,,,,,,,,,,,,,,,,,,,,,,,,,,,
NGC1351,,,,,,,,,,,,,,,,,,,,,,,,,,,
NGC1351A,0.7574681,0.163342630623,,,,,,,,,,,,,,,,,,,,,,,,,
NGC1365,42.431133,2.84243329533,e,11.241025,0.31488276,e,2.74355,0.1368007,e,0.5753,0.08128202,e,,,,,,,,,,,,,,,
NGC1369,,,,,,,,,,0.17978989,0.07423164,,0.26440832,0.16465487,,0.34819973,0.19760795,,,,,,,,0.54307574,0.2965655,
NGC1373,,,,,,,,,,,,,,,,,,,,,,,,,,,
NGC1374,,,,,,,,,,,,,,,,,,,,,,,,,,,
NGC1375,,,,,,,,,,,,,,,,,,,,,,,,,,,
NGC1377,,,,,,,,,,,,,,,,,,,,,,,,,,,
NGC1379,,,,,,,,,,,,,,,,,,,,,,,,,,,
NGC1380A,,,,,,,,,,,,,,,,,,,,,,,,,,,
NGC1381,,,,,,,,,,,,,,,,,,,,,,,,,,,
NGC1386,2.0294225,0.21612859336,,0.7333977,0.11003858,,,,,,,,,,,,,,,,,,,,,,
NGC1387,1.1432441,0.285140804183,,,,,,,,,,,,,,,,,,,,,,,,,
NGC1389,,,,,,,,,,,,,,,,,,,,,,,,,,,
NGC1399,,,,,,,,,,,,,,,,,,,,,,,,,,,
NGC1404,,,,,,,,,,,,,,,,,,,,,,,,,,,
NGC1412,,,,,,,,,,,,,,,,,,,,,,,,,,,
NGC1419,,,,,,,,,,,,,,,,,,,,,,,,,,,
NGC1427,,,,,,,,,,,,,,,,,,,,,,,,,,,
NGC1427A,,,,,,,,,,,,,,,,,,,,,,,,,,,
NGC1428,,,,,,,,,,,,,,,,,,,,,,,,,,,
NGC1436,1.6399527,0.282459531414,,0.40017965,0.14815274,,,,,,,,,,,,,,,,,,,,,,
NGC1437B,1.2305794,0.441074286372,,,,,,,,,,,,,,,,,,,,,,,,,
NGC1460,,,,,,,,,,,,,,,,,,,,,,,,,,,
NGC1481,,,,,,,,,,,,,,,,,,,,,,,,,,,
NGC1482,5.321065,0.448840223832,,1.1938015,0.2513809,,,,,,,,,,,,,,,,,,,,,,
NGC1510,,,,,,,,,,,,,,,,,,,,,,,,,,,
NGC1512,5.463367,0.541691855679,c,1.7783024,0.19843177,c,0.55134875,0.09076964,c,,,,,,,,,,,,,,,,,,
NGC1566,15.69361,1.07170947836,e,4.8364897,0.20592514,e,1.4200839,0.10053295,,0.30902016,0.14249924,,,,,,,,,,,,,,,,
NGC1569,,,,,,,,,,,,,,,,,,,,,,,,,,,
NGC1617,2.1613276,0.259330177356,,0.69388515,0.11695703,,0.31716254,0.09110596,,,,,,,,,,,,,,,,,,,
NGC1705,,,,,,,,,,,,,,,,,,,,,,,,,,,
NGC1800,0.57061183,0.265846125885,,,,,,,,,,,,,,,,,,,,,,,,,
NGC1808,25.367712,1.81791561255,,6.23251,0.30051187,,1.5245216,0.098447286,,0.33167678,0.062499564,,,,,,,,,,,,,,,,
NGC1924,3.1146183,1.76835772515,,,,,,,,,,,,,,,,,,,,,,,,,
NGC2110,,,,,,,,,,,,,,,,,,,,,,,,,,,
NGC2146,23.945951,1.70273360948,,5.7186174,0.32538402,,1.5918399,0.1377835,,0.5012893,0.107800566,,,,,,,,,,,,,,0.71102166,0.40096056,
NGC2207,,,,2.7981021,0.19538404,C,0.79781127,0.13743566,C,,,,,,,,,,,,,,,,,,
NGC2273,2.903826,0.740412601774,,1.0999911,0.3860077,,0.2908771,0.11887065,,,,,,,,,,,,,,,,,,,
NGC2403,39.975426,3.95316155862,e,13.92194,1.254065,e,4.219784,0.32802382,e,1.0093236,0.12170218,e,,,,,,,,,,,,,,,
NGC2480,,,,,,,,,,,,,,,,,,,,,,,,,,,
NGC2481,,,,,,,,,,,,,,,,,,,,,,,,,,,
NGC2549,,,,,,,,,,,,,,,,,,,,,,,,,,,
NGC2577,,,,,,,,,,,,,,,,,,,0.9812741,0.20151116,,1.8316206,0.40599948,,1.41311,0.22890925,
NGC2592,2.8978255,3.2482428338,C,,,,,,,,,,,,,,,,,,,,,,,,
NGC2655,2.806725,0.428337871086,,,,,,,,,,,,,,,,,,,,,,,,,
NGC2679,,,,,,,,,,,,,,,,,,,,,,,,,,,
NGC2685,1.5695262,1.27652622287,,,,,,,,,,,,,,,,,,,,,,,,,
NGC2764,0.6773782,0.674027312136,,,,,,,,,,,,,,,,,,,,,,,,,
NGC2768,,,,,,,,,,,,,,,,,,,,,,,,,,,
NGC2778,,,,,,,,,,,,,,,,,,,,,,,,,,,
NGC2787,5.444803,3.18125674416,C,,,,,,,,,,,,,,,,,,,,,,,,
NGC2798,,,,0.48777667,0.30439827,C,,,,,,,,,,,,,,,,,,,,,
NGC2799,2.9115107,0.585915285448,C,,,,,,,,,,,,,,,,,,,,,,,,
NGC2841,15.089205,1.09766514497,e,4.571289,0.24549939,e,1.2214743,0.10532291,e,0.19942969,0.091189854,e,,,,,,,,,,,,,,,
NGC2853,,,,,,,,,,,,,,,,,,,,,,,,,,,
NGC2859,,,,,,,,,,,,,,,,,,,,,,,,,,,
NGC2907,0.869071,0.959003805845,,,,,,,,,,,,,,,,,,,,,,,,,
NGC2915,,,,,,,,,,,,,,,,,,,,,,,,,,,
NGC2950,,,,,,,,,,,,,,,,,,,,,,,,,,,
NGC2974,0.5212103,0.392122219729,,,,,,,,,,,,,,,,,,,,,,,,,
NGC2976,12.913065,2.24521665734,,4.0892253,1.0534822,,1.1040243,0.22059783,,0.23940758,0.059212893,,,,,,,,,,,,,,,,
NGC2992,3.5392115,0.580696766809,C,1.0504608,0.22475891,C,,,,,,,,,,,,,,,,,,,,,
NGC2993,,,,,,,,,,,,,,,,,,,,,,,,,,,
NGC3031,29.576017,5.00902786136,e,9.635609,2.2167978,e,2.6281667,0.4930505,e,,,,0.22359464,0.08949598,e,,,,,,,,,,,,
NGC3034,151.40965,9.87890389928,e,35.135956,0.64812094,e,9.004298,0.1852601,e,2.9299,0.12765282,e,1.0300647,0.18991096,,1.1483297,0.23986831,,0.8236629,0.23595624,,1.0484053,0.42736846,,1.3308622,0.24472073,
NGC3049,1.8875259,0.469047928503,,1.0134532,0.23045284,,,,,,,,,,,,,,,,,,,,,,
NGC3073,,,,,,,,,,,,,,,,,,,,,,,,,,,
NGC3077,6.067611,1.00255844642,c,1.9233199,0.32110286,c,,,,,,,,,,,,,,,,,,,,,
NGC3079,21.302996,1.42204030645,e,6.064881,0.26893282,,1.5173603,0.10089417,,0.21663609,0.073029526,,,,,,,,,,,,,,,,
NGC3081,,,,0.51236534,0.17600073,,,,,,,,,,,,,,,,,,,,,,
NGC3147,11.624135,1.0126600711,,3.0000055,0.28350642,,0.76594394,0.173461,,0.23217286,0.1028476,,,,,,,,,,,,,,,,
NGC3155,0.5195702,0.717884443243,,,,,,,,,,,,,,,,,,,,,,,,,
NGC3182,,,,,,,,,,,,,,,,,,,,,,,,,,,
NGC3184,14.200544,1.04261396537,,4.4913144,0.22298889,,1.2652699,0.09460975,,0.30416417,0.12496736,,,,,,,,,,,,,,,,
NGC3185,1.3554217,0.404285225472,,0.2818071,0.2779489,,,,,,,,,,,,,,,,,,,,,,
NGC3187,3.0830982,0.370334422531,C,,,,,,,,,,,,,,,,,,,,,,,,
NGC3190,4.131959,0.756755147174,C,1.4527811,0.3470676,C,,,,,,,,,,,,,,,,,,,,,
NGC3193,,,,,,,,,,,,,,,,,,,,,,,,,,,
NGC3198,8.712305,0.665920803177,,3.2781703,0.15373617,,1.0513062,0.103017434,,0.3275272,0.08137392,,,,,,,,,,,0.7738594,0.45491764,,,,
NGC3226,,,,,,,,,,,,,,,,,,,,,,,,,,,
NGC3227,5.8519135,0.453577746043,C,1.5526017,0.10932388,C,0.41467756,0.065445006,C,0.13148835,0.08792442,,,,,,,,,,,,,,,,
NGC3245A,,,,,,,,,,,,,,,,,,,,,,,,,,,
NGC3252,,,,,,,,,,,,,,,,,,,,,,,,,,,
NGC3254,2.0605052,0.234050010119,,0.59815896,0.13027336,,0.24574801,0.06260895,,,,,,,,,,,,,,,,,,,
NGC3256,13.911574,1.33437333043,,3.3460088,0.33693156,,0.90947115,0.1415363,,0.35902056,0.08231696,,,,,,,,,,,,,,,,
NGC3277,,,,,,,,,,,,,,,,,,,,,,,,,,,
NGC3283,0.7531649,2.38344067255,,,,,,,,,,,,,,,,,,,,,,,,,
NGC3287,1.8626093,0.31375054934,,0.3864154,0.18548562,,0.18604231,0.074016206,,,,,,,,,,,,,,,,,,,
NGC3294,5.5432487,0.545493221374,,1.5635577,0.21006848,,0.39917612,0.08377799,,,,,,,,,,,,,,,,,,,
NGC3301,,,,,,,,,,,,,,,,,,,,,,,,,0.2702033,0.28970546,
NGC3338,6.182985,0.691974273521,,2.148548,0.23605406,,0.7446783,0.09610957,,,,,,,,,,,,,,,,,,,
NGC3346,2.6881158,0.423008491725,,0.96612954,0.13084646,,,,,,,,,,,,,,,,,,,,,,
NGC3348,,,,,,,,,,,,,,,,,,,,,,,,,,,
NGC3351,13.90904,0.962362955994,,3.6923091,0.19635846,,1.0275321,0.09445982,,,,,,,,,,,,,,,,,,,
NGC3353,1.1853349,0.238914333961,,,,,,,,,,,,,,,,,,,,,,,,,
NGC3364,,,,,,,,,,,,,,,,,,,,,,,,,,,
NGC3370,3.4417102,0.478943061744,,1.2576691,0.17068036,,0.37187088,0.0995426,,,,,,,,,,,,,,,,,0.23272072,0.26928842,
NGC3380,,,,,,,,,,,,,,,,,,,,,,,,,,,
NGC3381,1.439061,0.319499090705,,0.41030517,0.16289534,,,,,,,,,,,,,,,,,,,,,,
NGC3395,,,,0.9211721,0.3315088,C,0.28897426,0.11717347,C,,,,,,,,,,,,,,,,,,
NGC3396,2.9811563,0.699192886596,C,,,,,,,,,,,,,,,,,,,,,,,,
NGC3403,4.343318,1.93179033613,,1.3823155,0.4927593,,,,,,,,,,,,,,,,,,,,,,
NGC3413,,,,,,,,,,,,,,,,,,,,,,,,,,,
NGC3414,,,,,,,,,,,,,,,,,,,,,,,,,,,
NGC3424,4.4721165,0.718142114901,c,1.4884053,0.33044815,c,0.39119163,0.1434903,c,,,,,,,,,,,,,,,,,,
NGC3430,4.393193,0.807636001159,c,1.3732663,0.34817675,c,0.4144585,0.12666577,c,,,,,,,,,,,,,,,,,,
NGC3437,3.956427,0.365009758401,,1.1011978,0.1734506,,0.26174188,0.10955583,,,,,,,,,,,,,,,,,,,
NGC3440,,,,,,,,,,,,,,,,,,,,,,,,,,,
NGC3445,0.47826636,0.147259098166,c,,,,,,,,,,,,,,,,,,,,,,,,
NGC3448,2.6497858,0.258599997109,,0.9596166,0.102808975,,0.25157565,0.06918506,,,,,,,,,,,,,,,,,,,
NGC3454,,,,,,,,,,,,,,,,,,,,,,,,,,,
NGC3455,2.5666938,0.471986017037,C,0.89840406,0.22778371,C,,,,,,,,,,,,,,,,,,,,,
NGC3458,,,,,,,,,,,,,,,,,,,,,,,,,,,
NGC3485,1.7077923,0.264673227477,,0.4858413,0.12607078,,,,,,,,,,,,,,,,,,,,,,
NGC3488,,,,,,,,,,,,,,,,,,,,,,,,,,,
NGC3501,2.515973,0.428327132627,,0.95584226,0.22355826,,,,,,,,,,,,,,,,,,,,,,
NGC3504,5.2151513,0.489724613993,,1.4906504,0.15278617,,0.45805746,0.1072346,,,,,,,,,,,,,,,,,,,
NGC3512,0.9346416,0.296830079398,,0.3901903,0.2087186,,,,,,,,,,,,,,,,,,,,,,
NGC3516,,,,,,,,,,,,,,,,,,,,,,1.5877956,0.4518761,,1.3323215,0.28382877,
NGC3521,40.127567,2.78574393148,e,11.589815,0.3908639,e,3.125247,0.14523187,e,0.7370988,0.08757502,e,0.19467142,0.18879806,,,,,,,,,,,,,
NGC3526,0.85849315,0.521662247366,,,,,0.00896377,0.09431671,,,,,,,,,,,,,,,,,,,
NGC3547,1.4492197,0.233013491458,,,,,,,,,,,,,,,,,,,,,,,,,
NGC3564,,,,,,,,,,,,,,,,,,,,,,,,,,,
NGC3592,,,,,,,,,,,,,,,,,,,,,,,,,,,
NGC3596,4.058485,0.384124213373,,1.348304,0.1752766,,0.44402093,0.08485024,,,,,,,,,,,,,,,,,,,
NGC3608,,,,,,,,,,,,,,,,,,,,,,,,,,,
NGC3610,,,,,,,,,,,,,,,,,,,,,,,,,,,
NGC3613,,,,,,,,,,,,,,,,,,,,,,,,,,,
NGC3619,0.7865319,0.561499786092,,,,,,,,,,,,,,,,,,,,,,,,,
NGC3620,12.091398,10.4416581502,,4.085951,3.4177043,,0.7081604,1.2720498,,,,,,,,,,,,,,,,,,,
NGC3621,27.38464,2.11125095265,e,8.81526,0.5207168,e,2.5384557,0.12344036,e,0.52362204,0.09328835,e,0.046841227,0.1545448,,,,,,,,,,,,,
NGC3622,1.0742629,0.178223816254,,,,,,,,,,,,,,,,,,,,,,,,,
NGC3626,1.3608109,0.162889812459,,,,,,,,,,,,,,,,,,,,,,,,,
NGC3627,35.968864,2.37794750174,e,9.320922,0.2621776,e,2.2864037,0.11940708,e,0.58866066,0.17492436,e,,,,,,,,,,0.58965206,0.46168858,,0.71139914,0.29726398,
NGC3628,43.572983,2.91348230602,e,12.273812,0.3548861,e,3.1204934,0.16595887,e,0.5685783,0.10001166,e,,,,,,,,,,,,,,,
NGC3629,1.4477965,0.221537892356,,,,,,,,,,,,,,,,,,,,,,,,,
NGC3631,9.225098,0.910838981346,,2.6738148,0.35157382,,0.6523578,0.08967917,,0.049506664,0.09123391,,,,,,,,,,,,,,,,
NGC3640,,,,,,,,,,,,,,,,,,,,,,,,,,,
NGC3655,4.942103,0.465457086424,,1.469853,0.162532,,0.46690375,0.0809864,,,,,,,,,,,,,,,,,,,
NGC3659,1.5314572,0.374203006322,,0.5089137,0.19518024,,,,,,,,,,,,,,,,,,,,,,
NGC3665,1.1404791,0.194585574554,,,,,,,,,,,,,,,,,,,,,,,,,
NGC3666,2.8339977,0.332689006274,,0.7874776,0.11629626,,0.2845458,0.09170841,,,,,,,,,,,,,,,,,,,
NGC3674,,,,,,,,,,,,,,,,,,,,,,,,,,,
NGC3681,1.6137699,0.302223211311,,,,,,,,,,,,,,,,,,,,,,,,,
NGC3683,5.4927506,0.427584434374,,1.5155317,0.15626062,,0.40871364,0.06955229,,0.059280176,0.12492985,,-0.10364358,0.25924075,,,,,,,,,,,,,
NGC3684,2.5885763,0.259484366124,,0.7802046,0.13140245,,,,,,,,,,,,,,,,,,,,,,
NGC3686,4.104929,0.422773258965,,0.97710866,0.17573982,,0.1391721,0.091583215,,,,,,,,,,,,,,,,,,,
NGC3691,,,,,,,,,,,,,,,,,,,,,,,,,,,
NGC3692,2.4862766,0.382946382485,,0.82289374,0.18310322,,,,,,,,,,,,,,,,,,,,,,
NGC3718,2.9988105,0.455331625268,,1.040487,0.25291055,,0.38264644,0.1275485,,,,,,,,,,,,,,,,,,,
NGC3729,2.213737,0.358355806549,,0.5010627,0.17085862,,,,,,,,,,,,,,,,,,,,,,
NGC3755,1.1324289,0.233293315452,,,,,,,,,,,,,,,,,,,,,,,,,
NGC3756,3.804371,0.340976976663,,1.154871,0.13582924,,0.38017923,0.089832604,,,,,,,,,,,,,,,,,,,
NGC3757,,,,,,,,,,,,,,,,,,,,,,,,,,,
NGC3773,,,,,,,,,,,,,,,,,,,,,,,,,,,
NGC3786,2.8872008,0.299826134073,C,,,,,,,,,,,,,,,,,,,,,,,,
NGC3788,,,,0.8940985,0.18083893,C,,,,,,,,,,,,,,,,,,,,,
NGC3794,0.89715606,0.536167004331,,,,,,,,,,,,,,,,,,,,,,,,,
NGC3795,1.5285078,0.334857819371,,,,,,,,,,,,,,,,,,,,,,,,,
NGC3796,,,,,,,,,,,,,,,,,,,,,,,,,,,
NGC3813,5.103215,0.433784889876,,1.6732244,0.17723009,,0.41767555,0.08887762,,,,,,,,,,,,,,,,,,,
NGC3838,,,,,,,,,,,,,,,,,,,,,,,,,,,
NGC3846A,0.80574936,0.384445774396,C,,,,,,,,,,,,,,,,,,,,,,,,
NGC3870,,,,,,,,,,,,,,,,,,,,,,,,,,,
NGC3898,2.2930226,0.353375617696,,,,,,,,,,,,,,,,,,,,,,,,,
NGC3938,10.411277,0.767441018317,,3.1225994,0.1736691,,0.8844698,0.084303595,,0.2327534,0.069177665,,,,,,,,,,,,,,,,
NGC3941,,,,,,,,,,,,,,,,,,,,,,,,,,,
NGC3945,,,,,,,,,,,,,,,,,,,,,,,,,0.61872727,0.3087175,
NGC3952,0.43437654,0.282718948773,,,,,,,,,,,,,,,,,,,,,,,,,
NGC3953,16.489763,1.64036203633,e,4.573184,0.426398,e,1.2854064,0.13925967,e,0.3489972,0.124536924,e,,,,,,,,,,,,,,,
NGC3972,2.8533554,0.348071681029,,1.1485851,0.18512595,,0.39533988,0.08407397,,,,,,,,0.29471815,0.24325728,,,,,,,,,,
NGC3982,3.4182804,0.467333291239,,0.98118293,0.23652814,,0.24629343,0.11839777,,,,,,,,,,,,,,,,,,,
NGC3990,,,,,,,,,,,,,,,,,,,,,,,,,,,
NGC3998,,,,,,,,,,,,,,,,,,,,,,,,,,,
NGC4013,8.20975,0.666479345709,,2.2653854,0.22240263,,0.62050974,0.08840504,,,,,,,,,,,,,,,,,,,
NGC4030,14.357772,0.982608782755,,3.796851,0.20235413,,0.97216487,0.087983415,,0.331933,0.06766073,,,,,,,,,,,,,,,,
NGC4032,1.2268457,0.814244717829,,,,,,,,,,,,,,,,,,,,,,,,,
NGC4036,,,,,,,,,,,,,,,,,,,,,,,,,,,
NGC4037,1.0066847,0.289940543434,,,,,,,,,,,,,,,,,,,,,,,,,
NGC4038,,,,,,,1.0223787,0.10821309,C,0.2735829,0.08715841,,,,,,,,,,,,,,,,
NGC4039,15.762204,1.06983024447,C,4.4274225,0.20545861,C,,,,,,,,,,,,,,,,,,,,,
NGC4045,3.248745,0.451077247632,c,0.7467556,0.22875999,c,,,,,,,,,,,,,,,,,,,,,
NGC4051,10.316499,0.704835132832,,2.836312,0.16438141,,0.76283574,0.098696984,,0.14995764,0.075296074,,,,,,,,,,,,,,,,
NGC4067,,,,,,,,,,,,,,,,,,,,,,,,,,,
NGC4100,6.865604,0.506656787317,,1.828602,0.17454936,,0.47694373,0.084462345,,,,,,,,,,,,,,,,,,,
NGC4102,8.754334,0.586214750133,,1.9233264,0.1408256,,0.3821252,0.07637491,,,,,,,,,,,,,,,,,,,
NGC4111,,,,,,,,,,,,,,,,,,,,,,,,,,,
NGC4116,3.1505764,0.328495490162,,1.1283185,0.18201017,,0.44030166,0.08915257,,,,,,,,,,,,,,,,,,,
NGC4117,,,,,,,,,,,,,,,,,,,,,,,,,,,
NGC4119,,,,,,,,,,,,,,,,,,,,,,,,,,,
NGC4123,4.082109,0.336754983212,,1.451026,0.09439227,,0.45173684,0.07684935,,,,,,,,,,,,,,,,,,,
NGC4125,,,,,,,,,,,,,,,,,,,,,,,,,,,
NGC4138,2.4437904,0.364694586988,,0.8699357,0.17507114,,,,,,,,,,,,,,,,,,,,,,
NGC4144,1.9798954,0.244850009984,,0.6012524,0.121827796,,0.18520713,0.08044049,,,,,,,,,,,,,,,,,,,
NGC4151,2.6886578,0.357105057945,C,0.75074154,0.107590534,C,,,,,,,,,,,,,,,,,,,,,
NGC4152,2.4841428,0.523926597396,,0.8962635,0.26734826,,0.19152053,0.15120749,,,,,,,,,,,,,,,,,,,
NGC4165,,,,,,,,,,,,,,,,,,,,,,,,,,,
NGC4168,,,,,,,,,,,,,,,,,,,,,,,,,,,
NGC4178,4.7571125,0.377213473766,,1.7197579,0.08575418,,0.6381413,0.067381576,,0.22095783,0.079118,,,,,,,,,,,,,,,,
NGC4179,,,,,,,,,,,,,,,,,,,,,,,,,,,
NGC4180,1.5364531,0.258950873687,,,,,,,,,,,,,,,,,,,,,,,,,
NGC4183,2.352783,0.369601722102,,0.928366,0.19969647,,0.4240312,0.08254044,,,,,,,,,,,,,,,,,,,
NGC4189,3.2165747,0.427484948998,,0.7340428,0.15661849,,,,,,,,,,,,,,,,,,,,,,
NGC4191,,,,,,,,,,,,,,,,,,,,,,,,,,,
NGC4192,11.888134,0.883624307793,e,3.5979116,0.21931036,e,1.1134354,0.12557206,e,0.26352227,0.18076853,e,,,,,,,,,,,,,,,
NGC4193,1.776586,0.39663118618,,0.68647647,0.18268137,,,,,,,,,,,,,,,,,,,,,,
NGC4194,1.8854499,0.290993027391,,0.37717676,0.11290608,,,,,,,,,,,,,,,,,,,,,,
NGC4197,2.2734766,0.395075141339,,0.956867,0.14600241,,0.24416935,0.118750066,,,,,,,,,,,,,,,,,,,
NGC4200,,,,,,,,,,,,,,,,,,,,,,,,,,,
NGC4203,1.0235296,0.257716928828,C,,,,,,,,,,,,,,,,,,,,,,,,
NGC4206,2.007036,0.382100399662,,0.8489279,0.17453739,,0.32630977,0.09450196,,,,,,,,,,,,,,,,,,,
NGC4207,1.561647,0.218997590318,,,,,,,,,,,,,,,,,,,,,,,,,
NGC4212,5.2835975,0.617709814304,,1.4780992,0.2253211,,0.39093742,0.0754941,,0.074465394,0.06338605,,,,,,,,,,,,,,,,
NGC4214,9.221958,0.750682341164,e,3.6091344,0.30846834,e,1.2511458,0.08184535,e,0.2427784,0.11041003,e,,,,,,,,,,,,,,,
NGC4215,,,,,,,,,,,,,,,,,,,,,,,,,,,
NGC4216,9.819872,0.702308435435,,2.7904341,0.15580063,,0.83472484,0.08735285,,0.18868932,0.07058303,,,,,,,,,,,,,,,,
NGC4217,12.986377,0.882482548669,,3.46828,0.1956322,,0.82427394,0.07434901,,0.28119272,0.10961831,,,,,,,,,,,,,,,,
NGC4222,1.8642861,0.457947875183,,0.67754114,0.22950393,,0.3078913,0.090043694,,,,,,,,,,,,,,,,,,,
NGC4224,,,,,,,,,,,,,,,,,,,,,,,,,,,
NGC4233,,,,,,,,,,,,,,,,,,,,,,,,,,,
NGC4234,0.79384774,0.288781089662,,0.16436599,0.18291655,,,,,,,,,,,,,,,,,,,,,,
NGC4235,,,,,,,,,,,,,,,,,,,,,,,,,,,
NGC4236,4.1175284,0.502083004908,,1.9542992,0.32023185,,0.7283248,0.1020055,,0.20180959,0.051172473,,,,,,,,,,,,,,,,
NGC4237,3.4906795,0.296090511021,,0.8719576,0.123130165,,,,,,,,,,,,,,,,,,,,,,
NGC4239,,,,,,,,,,,,,,,,,,,,,,,,,,,
NGC4244,7.75332,0.743648545138,e,3.169294,0.3022305,e,1.1628679,0.14730904,e,0.18989287,0.16275775,e,,,,,,,,,,,,,,,
NGC4251,,,,,,,,,,,,,,,,,,,,,,,,,,,
NGC4252,,,,,,,,,,,,,,,,,,,,,,,,,,,
NGC4254,25.647846,1.69948950273,,6.4789743,0.24377917,,1.5917349,0.09336299,,0.42110848,0.0542709,,,,,,,,,,,,,,,,
NGC4255,,,,,,,,,,,,,,,,,,,,,,,,,,,
NGC4258,26.805958,2.96151258978,e,8.81381,0.9257743,e,2.5534158,0.29057193,e,0.6048913,0.09643452,e,,,,,,,,,,,,,,,
NGC4259,,,,,,,,,,,,,,,,,,,,,,,,,,,
NGC4260,,,,,,,,,,,,,,,,,,,,,,,,,,,
NGC4261,,,,,,,,,,0.50476426,0.06982925,,0.8084394,0.121951066,,1.0481336,0.15784185,,1.254092,0.2149539,,1.9787225,0.40880877,,2.5114698,0.26564804,
NGC4262,,,,,,,,,,,,,,,,,,,,,,,,,,,
NGC4266,,,,,,,,,,,,,,,,,,,,,,,,,,,
NGC4267,,,,,,,,,,,,,,,,,,,,,,,,,,,
NGC4268,,,,,,,,,,,,,,,,,,,,,,,,,,,
NGC4269,,,,,,,,,,,,,,,,,,,,,,,,,,,
NGC4270,,,,,,,,,,,,,,,,,,,,,,,,,,,
NGC4273,4.548371,0.433646978659,,1.5399438,0.1660049,,0.46467128,0.065672286,,,,,,,,,,,,,,,,,,,
NGC4276,,,,,,,,,,,,,,,,,,,,,,,,,,,
NGC4281,,,,,,,,,,,,,,,,,,,,,,,,,,,
NGC4287,,,,,,,,,,,,,,,,,,,,,,,,,,,
NGC4289,1.2644982,0.22381503905,,,,,,,,,,,,,,,,,,,,,,,,,
NGC4292,,,,,,,,,,,,,,,,,,,,,,,,,,,
NGC4294,2.1342442,0.310911667042,C,0.90894085,0.17181204,C,,,,,,,,,,,,,,,,,,,,,
NGC4298,12.88547,0.903793799268,C,3.4942784,0.17182145,C,,,,,,,,,,,,,,,,,,,,,
NGC4299,1.5564778,0.500350608379,C,,,,,,,,,,,,,,,,,,,,,,,,
NGC4300,,,,,,,,,,,,,,,,,,,,,,,,,,,
NGC4302,,,,,,,0.78443396,0.11620739,C,0.10573792,0.09352191,,,,,,,,,,,,,,,,
NGC4303A,,,,,,,,,,,,,,,,,,,,,,0.7338106,0.3838336,,0.7899543,0.23651004,
NGC4305,,,,,,,,,,,,,,,,,,,,,,,,,,,
NGC4306,,,,,,,,,,,,,,,,,,,,,,,,,,,
NGC4307,2.4324548,0.369930770012,,0.59022367,0.25435555,,,,,,,,,,,,,,,,,,,,,,
NGC4309,0.45429865,0.218386922463,,,,,,,,,,,,,,,,,,,,,,,,,
NGC4312,1.4688056,0.351141355187,,,,,,,,,,,,,,,,,,,,,,,,,
NGC4313,2.0989027,0.607686998905,,,,,,,,,,,,,,,,,,,,,,,,,
NGC4316,1.6654718,0.422964898899,,,,,,,,,,,,,,,,,,,,,,,,,
NGC4321,26.82583,1.87173889083,c,7.1105504,0.24868256,c,1.6531461,0.086735986,c,0.33150455,0.094727606,,,,,,,,,,,,,,,,
NGC4322,,,,,,,,,,,,,,,,,,,,,,,,,,,
NGC4324,1.1006073,0.24138144341,,,,,,,,,,,,,,,,,,,,,,,,,
NGC4328,,,,,,,,,,,,,,,,,,,,,,,,,,,
NGC4330,1.2388725,0.291671462329,,0.27127096,0.18423544,,,,,,,,,,,,,,,,,,,,,,
NGC4339,,,,,,,,,,,,,,,,,,,,,,,,,,,
NGC4340,,,,,,,,,,,,,,,,,,,,,,,,,,,
NGC4341,,,,,,,,,,,,,,,,,,,,,,,,,,,
NGC4342,,,,,,,,,,,,,,,,,,,,,,,,,,,
NGC4343,1.7873112,0.304672904538,,,,,,,,,,,,,,,,,,,,,,,,,
NGC4350,,,,,,,,,,,,,,,,,,,,,,,,,,,
NGC4351,0.90020347,0.309512802154,,,,,,,,,,,,,,,,,,,,,,,,,
NGC4352,,,,,,,,,,,,,,,,,,,,,,,,,,,
NGC4353,,,,,,,,,,,,,,,,,,,,,,,,,,,
NGC4355,2.882412,0.328638196614,,0.84325373,0.17532086,,0.33776492,0.07152667,,,,,,,,,,,,,,,,,,,
NGC4356,0.32570565,0.362138455108,c,,,,,,,,,,,,,,,,,,,,,,,,
NGC4359,0.96974033,0.196212394979,,0.34713933,0.19835325,,,,,,,,,,,,,,,,,,,,,,
NGC4365,,,,,,,,,,,,,,,,,,,,,,,,,,,
NGC4370,0.4793413,0.262988130144,,,,,,,,,,,,,,,,,,,,,,,,,
NGC4371,,,,,,,,,,,,,,,,,,,,,,,,,,,
NGC4374,,,,,,,,,,0.23238648,0.06070604,,0.24450329,0.14856225,,0.2827217,0.18372689,,,,,0.21458478,0.4582015,,0.615728,0.3140628,
NGC4376,0.105146654,0.259870024003,,,,,,,,,,,,,,,,,,,,,,,,,
NGC4377,,,,,,,,,,,,,,,,,,,,,,,,,,,
NGC4378,1.9907746,0.343911992004,,,,,,,,,,,,,,,,,,,,,,,,,
NGC4379,,,,,,,,,,,,,,,,,,,,,,,,,,,
NGC4380,1.8132938,0.480515505353,,0.4902786,0.23404709,,,,,,,,,,,,,,,,,,,,,,
NGC4383,2.2555656,0.258607440354,C,0.707788,0.118402675,C,,,,,,,,,,,,,,,,,,,,,
NGC4385,1.5596603,0.266892872787,,,,,,,,,,,,,,,,,,,,,,,,,
NGC4387,,,,,,,,,,,,,,,,,,,,,,,,,,,
NGC4388,4.132221,0.424645236357,,1.1477834,0.1585942,,0.44763014,0.0669161,,,,,,,,,,,,,,,,,,,
NGC4390,0.9546525,0.431852886477,,,,,,,,,,,,,,,,,,,,,,,,,
NGC4396,2.1617663,0.321605685024,,0.70166767,0.12924333,,0.23847279,0.08686562,,,,,,,,,,,,,,,,,,,
NGC4402,6.1973743,0.571723362397,,1.6440011,0.23369677,,0.49486053,0.08742779,,,,,,,,,,,,,,,,,,,
NGC4406,,,,,,,,,,,,,,,,,,,,,,,,,,,
NGC4409,1.9440074,0.425798298618,,0.3952584,0.21045367,,,,,,,,,,,,,,,,,,,,,,
NGC4411A,1.6722058,0.436491482459,C,0.87610185,0.24495426,C,,,,,,,,,,,,,,,,,,,,,
NGC4412,1.0439934,0.401848414589,,,,,,,,,,,,,,,,,,,,,,,,,
NGC4413,1.2129301,0.323996517499,,,,,,,,,,,,,,,,,,,,,,,,,
NGC4415,,,,,,,,,,,,,,,,,,,,,,,,,,,
NGC4416,,,,,,,,,,,,,,,,,,,,,,,,,,,
NGC4417,,,,,,,,,,,,,,,,,,,,,,,,,,,
NGC4419,3.0469835,0.703106450308,,0.75285953,0.1579874,,,,,,,,,,,,,,,,,,,,,,
NGC4423,0.72151905,0.19909654004,,,,,,,,,,,,,,,,,,,,,,,,,
NGC4424,1.1629499,0.221343678349,,,,,,,,,,,,,,,,,,,,,,,,,
NGC4425,,,,,,,,,,,,,,,,,,,,,,,,,,,
NGC4429,,,,,,,,,,,,,,,,,,,,,,,,,,,
NGC4430,2.0203993,0.326938467778,c,0.55392325,0.13534996,c,,,,,,,,,,,,,,,,,,,,,
NGC4434,,,,,,,,,,,,,,,,,,,,,,,,,,,
NGC4435,,,,,,,,,,,,,,,,,,,,,,,,,,,
NGC4436,,,,,,,,,,,,,,,,,,,,,,,,,,,
NGC4437,16.465538,1.20707900643,e,5.324018,0.26580968,e,1.7238805,0.09251158,e,0.32549185,0.16216458,e,,,,,,,,,,,,,,,
NGC4438,4.9628725,0.518578929609,C,1.2793741,0.21206424,C,0.5235894,0.11485192,C,,,,,,,,,,,,,,,,,,
NGC4440,,,,,,,,,,,,,,,,,,,,,,,,,,,
NGC4442,,,,,,,,,,,,,,,,,,,,,,,,,,,
NGC4445,,,,,,,,,,,,,,,,,,,,,,,,,,,
NGC4449,15.694306,1.10340607015,e,4.666664,0.22382922,,1.35903,0.07852244,,0.27738598,0.06330198,,,,,,,,,,,,,,,,
NGC4450,3.6053598,0.514888267824,,1.1026547,0.28446266,,,,,,,,,,,,,,,,,,,,,,
NGC4451,,,,,,,,,,,,,,,,,,,,,,,,,,,
NGC4452,,,,,,,,,,,,,,,,,,,,,,,,,,,
NGC4454,,,,,,,,,,,,,,,,,,,,,,,,,,,
NGC4457,2.1768188,0.330303438317,,,,,,,,,,,,,,,,,,,,,,,,,
NGC4458,,,,,,,,,,,,,,,,,,,,,,,,,,,
NGC4459,1.4695026,0.870712110589,C,,,,,,,,,,,,,,,,,,,,,,,,
NGC4460,1.2053108,0.222401024568,,0.38426846,0.12587936,,,,,,,,,,,,,,,,,,,,,,
NGC4461,,,,,,,,,,,,,,,,,,,,,,,,,,,
NGC4464,,,,,,,,,,,,,,,,,,,,,,,,,,,
NGC4468,,,,,,,,,,,,,,,,,,,,,,,,,,,
NGC4469,0.46783897,0.271540355339,,,,,,,,,,,,,,,,,,,,,,,,,
NGC4470,1.0682243,0.374502792643,,,,,,,,,,,,,,,,,,,,,,,,,
NGC4472,,,,,,,,,,,,,,,,,,,,,,,,,,,
NGC4473,,,,,,,,,,,,,,,,,,,,,,,,,,,
NGC4474,,,,,,,,,,,,,,,,,,,,,,,,,,,
NGC4476,,,,,,,,,,,,,,,,,,,,,,,,,,,
NGC4477,,,,,,,,,,,,,,,,,,,,,,,,,,,
NGC4478,,,,,,,,,,,,,,,,,,,,,,,,,,,
NGC4479,,,,,,,,,,,,,,,,,,,,,,,,,,,
NGC4480,1.3973567,0.264675531789,,0.47681168,0.13226639,,,,,,,,,,,,,,,,,,,,,,
NGC4482,,,,,,,,,,,,,,,,,,,,,,,,,,,
NGC4483,,,,,,,,,,,,,,,,,,,,,,,,,,,
NGC4486,1.3184097,0.358413326072,,1.8575776,0.19632615,,2.6704154,0.06619371,,4.3708286,0.15032868,,5.547584,0.28770238,,7.3716235,0.22043175,,9.410094,0.27206665,,13.5961895,0.54903364,,18.065554,0.36480954,
NGC4488,,,,,,,,,,,,,,,,,,,,,,,,,,,
NGC4491,,,,,,,,,,,,,,,,,,,,,,,,,,,
NGC4492,,,,,,,,,,,,,,,,,,,,,,,,,,,
NGC4494,,,,,,,,,,,,,,,,,,,,,,,,,,,
NGC4496A,3.960212,0.42652535661,C,1.2192136,0.15302607,C,0.35309702,0.12586875,C,,,,,,,,,,,,,,,,,,
NGC4497,,,,,,,,,,,,,,,,,,,,,,,,,,,
NGC4498,2.0887198,0.630056615614,,0.5630772,0.2738066,,,,,,,,,,,,,,,,,,,,,,
NGC4501,24.19531,1.77255010123,,6.4746776,0.32441914,,1.6098874,0.09315385,,0.36459684,0.07327204,,,,,,,,,,,,,,,,
NGC4502,,,,,,,,,,,,,,,,,,,,,,,,,,,
NGC4503,,,,,,,,,,,,,,,,,,,,,,,,,,,
NGC4506,0.40399712,0.579280956146,,,,,,,,,,,,,,,,,,,,,,,,,
NGC4516,,,,,,,,,,,,,,,,,,,,,,,,,,,
NGC4519,2.683028,0.363092689412,c,0.7901125,0.15474986,c,,,,,,,,,,,,,,,,,,,,,
NGC4521,,,,,,,,,,,,,,,,,,,,,,,,,,,
NGC4522,1.0301293,0.317085606433,,0.22226205,0.14749783,,,,,,,,,,,,,,,,,,,,,,
NGC4525,1.0438799,0.250596149115,,0.31693685,0.12113926,,,,,,,,,,,,,,,,,,,,,,
NGC4526,3.0501256,0.289186142794,,0.7274433,0.14601892,,,,,,,,,,,,,,,,,,,,,,
NGC4527,19.89836,1.35717118816,e,5.642373,0.21210964,e,1.4506729,0.08408067,e,0.2242598,0.072047815,e,,,,,,,,,,,,,,,
NGC4528,,,,,,,,,,,,,,,,,,,,,,,,,,,
NGC4531,1.0522978,0.530094236249,,,,,,,,,,,,,,,,,,,,,,,,,
NGC4532,3.5887415,0.335245784132,,1.1292323,0.1574024,,0.28167602,0.09100905,,,,,,,,,,,,,,,,,,,
NGC4533,,,,,,,,,,,,,,,,,,,,,,,,,,,
NGC4535,14.346803,1.08891522443,e,4.148071,0.28245795,,1.3153872,0.12335315,,0.43104726,0.10400397,,,,,,,,,,,,,,,,
NGC4536,12.268962,0.841213557602,,3.5630007,0.15868898,,0.9679931,0.07814155,,0.1839665,0.07300464,,,,,,,,,,,,,,,,
NGC4540,2.9470437,0.832780054368,C,0.86488837,0.3302548,C,,,,,,,,,,,,,,,,,,,,,
NGC4546,,,,,,,,,,,,,,,,,,,,,,,,,,,
NGC4550,,,,,,,,,,,,,,,,,,,,,,,,,,,
NGC4551,,,,,,,,,,,,,,,,,,,,,,,,,,,
NGC4552,,,,,,,,,,,,,,,,,,,,,,,,,,,
NGC4559,12.127596,0.841847528991,e,4.521579,0.20066488,e,1.4867592,0.11023287,e,0.48735183,0.09538455,e,,,,0.44285268,0.1798971,,,,,,,,,,
NGC4561,0.66002584,0.449279646154,,,,,,,,,,,,,,,,,,,,,,,,,
NGC4562,,,,,,,,,,,,,,,,,,,,,,,,,,,
NGC4564,,,,,,,,,,,,,,,,,,,,,,,,,,,
NGC4565,25.227465,1.77098580218,e,8.677259,0.27820578,e,2.2862525,0.12713353,e,0.329332,0.076766014,e,,,,,,,,,,,,,,,
NGC4567,,,,,,,1.1236149,0.06648187,C,,,,,,,,,,,,,,,,,,
NGC4568,17.516388,1.21884151567,C,4.9328566,0.20581278,C,,,,0.3317408,0.092202194,,,,,,,,,,,,,,,,
NGC4569,8.82033,0.699635484915,c,2.355023,0.22485775,c,0.6153507,0.08090453,c,0.20682162,0.08766555,,,,,,,,,,,,,,,,
NGC4570,,,,,,,,,,,,,,,,,,,,,,,,,,,
NGC4571,3.9010437,2.6191616702,,1.3599255,0.8242067,,,,,,,,,,,,,,,,,,,,,,
NGC4578,,,,,,,,,,,,,,,,,,,,,,,,,,,
NGC4579,9.014545,0.980940012416,,2.4424016,0.2958868,,0.6251114,0.11346261,,,,,,,,,,,,,,,,,,,
NGC4580,1.8246802,0.329865168918,,,,,,,,,,,,,,,,,,,,,,,,,
NGC4584,,,,,,,,,,,,,,,,,,,,,,,,,,,
NGC4586,,,,,,,,,,,,,,,,,,,,,,,,,0.7127498,0.32038137,
NGC4589,,,,,,,,,,,,,,,,,,,,,,,,,,,
NGC4591,,,,,,,,,,,,,,,,,,,,,,,,,,,
NGC4592,2.334175,0.333367163784,,1.0060933,0.19549248,,0.4095686,0.08775947,,,,,,,,,,,,,,,,,,,
NGC4594,11.389286,0.990906273547,e,3.790708,0.21326095,e,1.225121,0.14047834,e,0.5818731,0.07107656,e,0.3789336,0.14191854,,,,,,,,,,,,,
NGC4595,1.178255,0.222577733692,,,,,,,,,,,,,,,,,,,,,,,,,
NGC4596,,,,,,,,,,,,,,,,,,,,,,,,,,,
NGC4606,,,,,,,,,,,,,,,,,,,,,,,,,,,
NGC4607,2.6122005,0.91616743916,C,0.8077391,0.33996686,C,0.3000171,0.1531703,C,,,,,,,,,,,,,,,,,,
NGC4608,,,,,,,,,,,,,,,,,,,,,,,,,,,
NGC4612,,,,,,,,,,,,,,,,,,,,,,,,,,,
NGC4618,4.5222244,0.340742021129,,1.3577976,0.19347921,,0.35781696,0.087544866,,,,,,,,,,,,,,,,,,,
NGC4621,,,,,,,,,,,,,,,,,,,,,,,,,,,
NGC4624,,,,,,,,,,,,,,,,,,,,,,,,,,,
NGC4625,1.1685519,0.436639890772,,,,,,,,,,,,,,,,,,,,,,,,,
NGC4627,,,,,,,,,,,,,,,,,,,,,,,,,,,
NGC4629,,,,,,,,,,,,,,,,,,,,,,,,,,,
NGC4630,2.0610716,0.26641077838,,0.69211584,0.11647835,,,,,,,,,,,,,,,,,,,,,,
NGC4631,45.79083,3.13408832704,e,14.458651,0.4913491,e,4.2137113,0.17427833,e,0.9107976,0.12601322,e,0.23643771,0.24455084,e,,,,,,,,,,,,
NGC4633,3.2237182,0.466453908098,C,0.98840016,0.19153689,C,,,,,,,,,,,,,,,,,,,,,
NGC4636,,,,,,,,,,,,,,,,,,,,,,,,,,,
NGC4638,,,,,,,,,,,,,,,,,,,,,,,,,,,
NGC4639,1.9719244,0.372082193411,,0.5755588,0.14524493,,,,,,,,,,,,,,,,,,,,,,
NGC4643,2.0140758,0.416588589352,,,,,,,,,,,,,,,,,,,,,,,,,
NGC4647,5.410329,0.428228429626,C,1.3118908,0.17405452,C,0.36410502,0.070522286,C,,,,,,,,,,,,,,,,,,
NGC4649,,,,,,,,,,,,,,,,,,,,,,,,,,,
NGC4651,5.7834783,0.670104414245,,1.8053969,0.24657491,,0.6763642,0.080530904,,0.38418904,0.06582046,,0.34102798,0.106968634,,0.47001213,0.14306621,,0.6769661,0.17588778,,1.5189551,0.50238913,,1.264325,0.32415056,
NGC4654,12.73553,0.904519751668,,3.7290068,0.22669774,,1.0265565,0.09340248,,0.26660216,0.04197245,,,,,,,,,,,,,,,,
NGC4656,2.5590699,0.309174401403,,0.8777666,0.15071918,,0.39445755,0.07938152,,,,,,,,,,,,,,,,,,,
NGC4660,,,,,,,,,,,,,,,,,,,,,,,,,,,
NGC4666,20.905367,1.4541564957,,5.2194967,0.22907647,,1.351313,0.10497526,,0.20291907,0.095216185,,,,,,,,,,,,,,,,
NGC4668,0.48777604,0.51661679946,,,,,,,,,,,,,,,,,,,,,,,,,
NGC4684,,,,,,,,,,,,,,,,,,,,,,,,,,,
NGC4688,1.1475369,0.258408519234,,0.49056357,0.12097844,,,,,,,,,,,,,,,,,,,,,,
NGC4689,4.8929925,0.478723337073,,1.4307094,0.2090374,,0.38153538,0.09533331,,,,,,,,,,,,,,,,,,,
NGC4691,3.2095098,0.292085448984,,0.7678689,0.15584503,,0.22412921,0.06374714,,,,,,,,,,,,,,,,,,,
NGC4696,,,,,,,,,,,,,,,,,,,,,,,,,,,
NGC4697,,,,,,,,,,,,,,,,,,,,,,,,,,,
NGC4698,2.0886126,0.310832140761,,0.5110891,0.16272025,,,,,,,,,,,,,,,,,,,,,,
NGC4701,1.8492278,0.372801254517,,0.6686469,0.14581579,,,,,,,,0.33413696,0.118512824,,,,,,,,,,,,,
NGC4710,3.1751559,0.507999692147,,0.8678199,0.23206863,,,,,,,,,,,,,,,,,,,,,,
NGC4713,3.4480832,0.726247543377,,1.0672936,0.37213925,,0.39854565,0.07495007,,,,,,,,,,,,,,,,,,,
NGC4720,,,,,,,,,,,,,,,,,,,,,,,,,,,
NGC4725,12.971929,1.03684850731,e,4.196755,0.29076138,e,1.2839226,0.11369394,e,0.30564815,0.08463948,e,,,,,,,,,,,,,,,
NGC4731,3.9454114,0.36745589016,,1.5075715,0.14413933,,0.44678795,0.077918366,,,,,,,,,,,,,,,,,,,
NGC4736,22.89324,1.71566609125,e,6.1612597,0.38944444,e,1.6944257,0.11550573,e,0.39784384,0.06901384,e,,,,,,,,,,,,,,,
NGC4746,3.1973133,0.40180531723,,0.9615529,0.15887852,,0.2772111,0.09478026,,,,,,,,,,,,,,,,,,,
NGC4747,1.7396804,0.189688343176,,0.6242125,0.12982094,,,,,,,,,,,,,,,,,,,,,,
NGC4753,2.9926133,0.445310653786,,0.879719,0.14390776,,,,,,,,,,,,,,,,,,,,,,
NGC4754,,,,,,,,,,,,,,,,,,,,,,,,,,,
NGC4758,1.8808568,0.520956320543,,0.604661,0.30674374,,,,,,,,,,,,,,,,,,,,,,
NGC4762,,,,,,,,,,,,,,,,,,,,,,,,,,,
NGC4765,1.3466039,0.335736952389,,,,,,,,,,,,,,,,,,,,,,,,,
NGC4771,2.3115237,0.32770327833,,0.6992354,0.16513689,,,,,,,,,,,,,,,,,,,,,,
NGC4772,1.442048,0.311239481047,,,,,,,,,,,,,,,,,,,,,,,,,
NGC4775,2.247943,0.712786472099,,0.8173087,0.18563792,,,,,,,,,,,,,,,,,,,,,,
NGC4779,2.0553493,0.290309408641,,,,,,,,,,,,,,,,,,,,,,,,,
NGC4789A,,,,,,,,,,,,,,,,,,,,,,,,,,,
NGC4791,,,,,,,,,,,,,,,,,,,,,,,,,,,
NGC4793,5.2541103,0.393288000606,,1.3599473,0.13017154,,0.3785284,0.11058878,,,,,,,,,,,,,,,,,,,
NGC4795,,,,,,,,,,,,,,,,,,,,,,,,,,,
NGC4799,0.90498674,0.232917178892,,,,,,,,,,,,,,,,,,,,,,,,,
NGC4808,4.645826,0.535063197097,,1.4769069,0.14615478,,0.3603577,0.0822515,,,,,,,,,,,,,,,,,,,
NGC4826,16.105927,1.28845844257,,4.320097,0.39572957,,1.0143455,0.08852893,,0.27803028,0.09101018,,,,,,,,,,,,,,,,
NGC4845,6.145818,0.494185217788,,1.6470869,0.1694535,,0.25938022,0.10684345,,0.13555755,0.14229104,,-0.022628807,0.20447518,,,,,,,,,,,,,
NGC4866,,,,,,,,,,,,,,,,,,,,,,,,,,,
NGC4904,2.095694,0.264320608606,,0.49008912,0.13051683,,,,,,,,,,,,,,,,,,,,,,
NGC4941,2.9204066,0.286837009928,,0.915744,0.16365151,,0.12225107,0.08937737,,,,,,,,,,,,,,,,,,,
NGC4945,285.52505,19.9723006279,e,67.64169,2.6335487,e,16.580372,0.5696252,e,3.8589106,0.10316966,e,0.94968396,0.15422188,e,0.906366,0.19702898,e,0.81222314,0.26698193,,0.83655566,0.51470155,,0.9787481,0.30953977,
NGC4961,1.2779524,0.44915145248,,0.56309265,0.21637431,,,,,,,,,,,,,,,,,,,,,,
NGC4981,3.9071708,0.441926237253,,1.0984071,0.16308036,,0.2638594,0.10976133,,,,,,,,,,,,,,,,,,,
NGC5010,3.1459649,0.414037844383,,,,,,,,,,,,,,,,,,,,,,,,,
NGC5012,3.6841652,0.354477508641,,0.98412204,0.118691586,,0.19861384,0.12133195,,,,,,,,,,,,,,,,,,,
NGC5014,0.575462,0.333810508048,,,,,,,,,,,,,,,,,,,,,,,,,
NGC5016,1.4438792,0.293268408373,,,,,,,,,,,,,,,,,,,,,,,,,
NGC5023,1.2907312,0.300104019127,,0.6405417,0.17156182,,0.26928517,0.09185257,,,,,,,,,,,,,,,,,,,
NGC5033,18.492483,1.28362910933,e,5.0740294,0.2743664,e,1.3776792,0.10046871,e,0.24439718,0.06682716,e,,,,,,,,,,,,,,,
NGC5055,55.261246,3.92716667231,e,15.261417,0.49785456,e,3.9733214,0.15223901,e,0.9581987,0.12034269,e,0.3671694,0.13205436,e,,,,,,,,,,,,
NGC5103,,,,,,,,,,,,,,,,,,,,,,,,,,,
NGC5116,0.95752007,0.236374950178,,,,,,,,,,,,,,,,,,,,,,,,,
NGC5117,0.40830866,0.176740395587,,,,,,,,,,,,,,,,,,,,,,,,,
NGC5119,,,,,,,,,,,,,,,,,,,,,,,,,,,
NGC5122,,,,,,,,,,,,,,,,,,,0.653503,0.21438636,,0.88401616,0.43368283,,0.78012323,0.26002195,
NGC5128,115.77577,7.88889279128,e,37.81313,1.0341228,e,19.956444,0.35086125,e,15.729747,0.289676,e,18.149343,0.22633201,e,22.279104,0.25797746,,27.40405,0.44560364,,37.63288,1.0822047,,51.50941,1.2976288,
NGC5145,2.901578,0.299315327037,,0.801324,0.17487149,,0.35036272,0.1413056,,,,,,,,0.36561248,0.2923749,,,,,,,,,,
NGC5147,1.702508,0.295506030213,,0.45448637,0.19342318,,,,,,,,,,,,,,,,,,,,,,
NGC5194,75.65933,5.52759450227,eC,20.131275,0.85296655,eC,5.121335,0.22660755,eC,1.1748229,0.12086522,e,0.10393909,0.1439889,e,,,,,,,,,,,,
NGC5195,22.635288,2.35900609323,eC,,,,,,,,,,,,,,,,,,,,,,,,
NGC5236,112.00272,8.98518245801,e,29.040874,1.4873309,e,8.028757,0.2670284,e,1.8016468,0.0877659,e,0.15597297,0.09795203,e,,,,,,,,,,,,
NGC5240,0.9254053,0.158996877112,,,,,,,,,,,,,,,,,,,,,,,,,
NGC5248,16.867435,1.15940819533,,4.5558214,0.15221371,,1.1704254,0.106604345,,0.25526,0.037524074,,,,,,,,,,,,,,,,
NGC5273,,,,,,,,,,,,,,,,,,,,,,,,,,,
NGC5290,2.423745,0.246023048166,,0.729385,0.15483442,,,,,,,,,,,,,,,,,,,,,,
NGC5300,2.4445775,0.365559388784,,0.8168759,0.1510373,,0.28126675,0.109379165,,,,,,,,,,,,,,,,,,,
NGC5301,3.7380898,0.366959941473,,1.1968678,0.14112954,,0.41834143,0.07019991,,,,,,,,,,,,,,,,,,,
NGC5334,3.1084225,0.361891026584,,1.3384062,0.20551261,,0.40889445,0.13422327,,,,,,,,,,,,,,,,,,,
NGC5338,,,,,,,,,,,,,,,,,,,,,,,,,,,
NGC5347,1.3503659,0.339618710511,,,,,,,,,,,,,,,,,,,,,,,,,
NGC5348,,,,,,,,,,,,,,,,,,,,,,,,,,,
NGC5350,3.8337572,0.348721273139,c,1.0497013,0.17362437,c,0.30746612,0.067798145,c,,,,,,,,,,,,,,,,,,
NGC5353,,,,,,,,,,,,,,,,,,,,,,,,,,,
NGC5354,,,,,,,,,,,,,,,,,,,,,,,,,,,
NGC5355,,,,,,,,,,,,,,,,,,,,,,,,,,,
NGC5356,1.5585849,0.391925060847,,0.31421188,0.178177,,,,,,,,,,,,,,,,,,,,,,
NGC5358,,,,,,,,,,,,,,,,,,,,,,,,,,,
NGC5360,,,,,,,,,,,,,,,,,,,,,,,,,,,
NGC5363,1.7965977,0.23055495041,,0.6769722,0.16979843,,,,,,,,,,,,,,,,,,,,,,
NGC5364,8.23955,0.616398022075,,2.5077765,0.17983507,,0.75611943,0.117690876,,,,,,,,,,,,,,,,,,,
NGC5398,1.4572972,0.563378714019,c,,,,,,,,,,,,,,,,,,,,,,,,
NGC5408,,,,,,,,,,,,,,,,,,,,,,,,,,,
NGC5426,,,,,,,0.7557643,0.08849809,C,0.25139293,0.077602945,,,,,,,,,,,,,,,,
NGC5427,8.646917,0.719591529151,C,2.6927717,0.14808479,C,,,,,,,,,,,,,,,,,,,,,
NGC5457,37.78387,7.14190162382,e,11.2883005,2.0512514,e,3.0053713,0.50195277,e,0.6113999,0.21036637,e,,,,,,,,,,,,,,,
NGC5474,,,,1.0561088,0.26286203,,,,,,,,,,,,,,,,,,,,,,
NGC5477,,,,,,,,,,,,,,,,,,,,,,,,,,,
NGC5480,2.8843203,0.455169157479,c,0.78501457,0.21198104,c,0.20650397,0.090449035,c,,,,,,,,,,,,,,,,,,
NGC5481,,,,,,,,,,,,,,,,,,,,,,,,,,,
NGC5485,,,,,,,,,,,,,,,,,,,,,,,,,,,
NGC5486,1.1061594,0.476122250197,,,,,,,,,,,,,,,,,,,,,,,,,
NGC5496,0.97629505,0.250167360302,,0.30280825,0.19421625,,,,,,,,,,,,,,,,,,,,,,
NGC5506,0.98444426,1.0360949088,,,,,,,,,,,,,,,,,,,,,,,,,
NGC5507,,,,,,,,,,,,,,,,,,,,,,,,,,,
NGC5529,4.45837,0.425942205107,C,1.6082036,0.18007165,C,0.5151076,0.08648104,C,,,,,,,,,,,,,,,,,,
NGC5560,,,,,,,,,,,,,,,,,,,,,,,,,,,
NGC5566,3.7051382,0.467395889405,c,1.3726593,0.16298966,c,0.26405856,0.099038556,c,,,,,,,,,,,,,,,,,,
NGC5569,,,,,,,,,,,,,,,,,,,,,,,,,,,
NGC5574,,,,,,,,,,,,,,,,,,,,,,,,,,,
NGC5576,,,,,,,,,,,,,,,,,,,,,,,,,,,
NGC5577,1.4561396,0.210692097307,,0.30034226,0.12231088,,,,,,,,,,,,,,,,,,,,,,
NGC5582,,,,,,,,,,,,,,,,,,,,,,,,,,,
NGC5584,2.9904351,0.46691694068,,0.94377995,0.22293746,,0.33604684,0.07334543,,,,,,,,,,,,,,,,,,,
NGC5636,,,,,,,,,,,,,,,,,,,,,,,,,,,
NGC5638,,,,,,,,,,,,,,,,,,,,,,,,,,,
NGC5645,2.0909288,0.414326550742,,0.8044101,0.1593069,,,,,,,,,,,,,,,,,,,,,,
NGC5658,,,,,,,,,,,,,,,,,,,,,,,,,,,
NGC5667,1.1602566,0.212383001489,,,,,,,,,,,,,,,,,,,,,,,,,
NGC5668,3.8155491,0.424983767411,,1.4234916,0.18499097,,0.53732437,0.125184,,,,,,,,,,,,,,,,,,,
NGC5669,2.6202533,0.266474400778,,0.9008415,0.17659412,,0.2551881,0.10000248,,,,,,,,,,,,,,,,,,,
NGC5689,,,,,,,,,,,,,,,,,,,,,,,,,,,
NGC5690,5.1221857,0.591505945454,,1.2802393,0.13397974,,0.37640768,0.1149008,,,,,,,,,,,,,,,,,,,
NGC5691,1.1336181,0.310058700657,,,,,,,,,,,,,,,,,,,,,,,,,
NGC5693,,,,,,,,,,,,,,,,,,,,,,,,,,,
NGC5701,1.786761,0.424962759561,,,,,,,,,,,,,,,,,,,,,,,,,
NGC5705,1.2544396,0.446032380739,,,,,,,,,,,,,,,,,,,,,,,,,
NGC5713,6.565859,0.544897874477,,1.8858889,0.15714942,,0.5014342,0.11703145,,,,,,,,,,,,,,,,,,,
NGC5719,4.1105614,0.381884905888,,1.0440865,0.1975752,,0.23763193,0.09094072,,,,,,,,,,,,,,,,,,,
NGC5728,4.2664356,0.406553420821,,1.2422119,0.18496932,,,,,,,,,,,,,,,,,,,,,,
NGC5740,2.3719876,0.375360143235,,0.67855525,0.2253778,,,,,,,,,,,,,,,,,,,,,,
NGC5746,9.045323,0.674120091031,e,2.8805578,0.17887248,e,0.80155295,0.10257108,e,0.21589528,0.06574811,e,,,,,,,,,,,,,,,
NGC5750,0.5754906,0.219428694055,,,,,,,,,,,,,,,,,,,,,,,,,
NGC5777,2.0402157,0.353927442179,,0.815561,0.18183313,,0.25156265,0.0637419,,,,,,,,,,,,,,,,,,,
NGC5850,3.2816699,0.323588624156,,0.9869257,0.16554406,,0.3446423,0.073363766,,,,,,,,,,,,,,,,,,,
NGC5866,3.1414099,0.355141625257,,0.67605853,0.22942841,,0.19186606,0.067472756,,,,,,,,,,,,,,,,,,,
NGC5899,4.2770195,0.582678221238,,1.1964085,0.24286959,,0.3859153,0.10421314,,,,,,,,,,,,,,,,,,,
NGC5907,25.441286,1.68205143861,e,7.9029155,0.23920916,e,2.1248739,0.1314781,e,0.40706867,0.12450478,e,,,,,,,,,,,,,,,
NGC5953,3.4215422,0.457121804482,C,0.89747894,0.2300093,C,,,,,,,,,,,,,,,,,,,,,
NGC5954,,,,,,,,,,,,,,,,,,,,,,,,,,,
NGC6143,0.8990175,0.277108945169,,,,,,,,,,,,,,,,,,,,,,,,,
NGC6221,15.770594,2.23203120538,,3.6318605,0.8931372,,1.0794897,0.21747978,,0.30440503,0.08288406,,,,,,,,,,,,,,,,
NGC6300,13.460303,1.00030578374,,3.785932,0.1698578,,0.8475358,0.115354195,,0.093126,0.08028204,,,,,,,,,,,,,,,,
NGC6673,,,,,,,,,,,,,,,,,,,,,,,,,,,
NGC6703,,,,,,,,,,,,,,,,,,,,,,,,,,,
NGC6798,,,,,,,,,,,,,,,,,,,,,,,,,,,
NGC6814,7.4468026,2.16287529784,,2.2969813,0.610917,,0.6627781,0.16840409,,0.21284313,0.050526004,,,,,,,,,,,,,,,,
NGC6822,10.168356,9.53087363763,e,5.212034,3.5654752,e,,,,,,,,,,,,,,,,,,,0.7759202,0.25242218,
NGC6946,80.92758,7.17701419952,e,21.135386,1.738969,e,5.421706,0.39845535,e,1.4331368,0.11449282,e,0.21371649,0.09893561,,0.060004547,0.14487058,,,,,,,,,,
NGC7090,8.931707,0.896747714784,,3.2461853,0.31038278,,0.9539968,0.089646935,,0.35846922,0.13065843,,,,,,,,,,,,,,,,
NGC7172,2.923556,0.418854346205,,0.7953573,0.17488587,,,,,,,,,,,,,,,,,,,,,,
NGC7213,3.814195,0.414458300521,,1.0830573,0.16471402,,0.4205294,0.0851282,,0.29034293,0.04574495,,0.2738028,0.13034888,,0.28462982,0.16707678,,,,,,,,,,
NGC7314,5.6023855,0.486724252678,,1.7873008,0.16656849,,0.34542224,0.07191358,,0.02905213,0.087148525,,,,,,,,,,,,,,,,
NGC7320,1.9157871,0.340532841802,c,0.4127391,0.16112636,c,,,,,,,,,,,,,,,,,,,,,
NGC7331,35.29161,2.58511585505,e,10.866627,0.61162704,e,2.8904,0.15508775,e,0.46667635,0.0855097,e,,,,,,,,,,,,,,,
NGC7463,,,,,,,,,,,,,,,,,,,,,,,,,,,
NGC7465,-0.06147393,1.17259470032,C,,,,,,,,,,,,,,,,,,,,,,,,
NGC7552,14.944015,1.00514588672,,3.53136,0.15901066,,0.92225605,0.08528155,,0.31605908,0.0819554,,,,,,,,,,,,,,,,
NGC7582,13.040701,1.08285124606,,3.4379508,0.22078507,,0.8616636,0.122617155,,0.25879246,0.0817426,,,,,,,,,,,,,,,,
NGC7625,3.1130712,0.410098076504,,0.62313217,0.1918765,,0.2575529,0.092150435,,,,,,,,,,,,,,,,,,,
NGC7667,,,,,,,,,,,,,,,,,,,,,,,,,,,
NGC7689,3.39803,0.504375975054,,0.88410956,0.22140935,,0.2324183,0.11470126,,,,,,,,,,,,,,,,,,,
NGC7690,0.7713353,0.315559136301,,,,,,,,,,,,,,,,,,,,,,,,,
NGC7694,1.2734565,0.383276522095,,,,,,,,,,,,,,,,,,,,,,,,,
NGC7710,,,,,,,,,,,,,,,,,,,,,,,,,,,
NGC7714,1.6618432,0.681231938576,,,,,,,,,,,,,,,,,,,,,,,,,
NGC7715,,,,,,,,,,,,,,,,,,,,,,,,,,,
NGC7716,0.51392317,0.482681572653,,,,,,,,,,,,,,,,,,,,,,,,,
NGC7721,5.3738008,0.425632043972,,1.763876,0.14955783,,0.6797599,0.077851735,,,,,,,,,,,,,,,,,,,
NGC7755,3.316713,0.271810089819,,1.0267985,0.15653735,,0.30767798,0.08640592,,,,,,,,,,,,,,,,,,,
NGC7757,1.9409126,0.4674424844,,,,,0.2887893,0.09335549,,,,,,,,,,,,,,,,,,,
NGC7764,1.6048088,0.513580276206,,,,,0.2942599,0.12470493,,,,,,,,,,,,,,,,,,,
NGC7793,24.513012,1.72754039512,e,8.698953,0.41886774,e,2.8325865,0.13736634,e,0.69051933,0.09332091,e,0.26024973,0.11736918,,,,,,,,,,,,,
PGC007045,,,,,,,,,,,,,,,,,,,,,,,,,,,
PGC008962,,,,,,,,,,,,,,,,,,,,,,,,,,,
PGC009485,,,,,,,,,,,,,,,,,,,,,,,,,0.7228929,0.28404915,
PGC012608,,,,,,,,,,,,,,,,,,,,,,,,,,,
PGC013058,,,,,,,,,,,,,,,,,,,,,,,,,,,
PGC013084,,,,,,,,,,,,,,,,,,,,,,,,,,,
PGC013097,,,,,,,,,,,,,,,,,,,,,,,,,,,
PGC013146,,,,,,,,,,,,,,,,,,,,,,,,,,,
PGC013230,,,,,,,,,,,,,,,,,,,,,,,,,,,
PGC013343,,,,,,,,,,,,,,,,,,,,,,,,,,,
PGC013635,,,,,,,,,,,,,,,,,,,,,,,,,,,
PGC027066,,,,,,,,,,,,,,,,,,,,,,,,,,,
PGC028759,,,,,,,,,,,,,,,,,,,,,,,,,,,
PGC029653,,,,,,,,,,,,,,,,,,,,,,,,,,,
PGC034407,,,,,,,,,,,,,,,,,,,,,,,,,,,
PGC039052,,,,,,,,,,,,,,,,,,,,,,,,,,,
PGC039799,,,,,,,,,,,,,,,,,,,,,,,,,,,
PGC040045,,,,,,,,,,,,,,,,,,,,,,,,,,,
PGC040074,,,,,,,,,,,,,,,,,,,,,,,,,,,
PGC040547,,,,,,,,,,,,,,,,,,,,,,,,,,,
PGC040659,,,,,,,,,,,,,,,,,,,,,,,,,,,
PGC040759,,,,,,,,,,,,,,,,,,,,,,,,,,,
PGC040819,,,,,,,,,,,,,,,,,,,,,,,,,,,
PGC040821,,,,,,,,,,,,,,,,,,,,,,,,,,,
PGC041994,,,,,,,,,,,,,,,,,,,,,,,,,,,
PGC042068,,,,,,,,,,,,,,,,,,,,,,,,,,,
PGC042147,,,,,,,,,,,,,,,,,,,,,,,,,,,
PGC042160,,,,,,,,,,,,,,,,,,,,,,,,,,,
PGC042902,,,,,,,,,,,,,,,,,,,,,,,,,,,
PGC043526,,,,,,,,,,,,,,,,,,,,,,,,,,,
PGC044532,,,,,,,,,,,,,,,,,,,,,,,,,,,
PGC046875,,,,,,,,,,,,,,,,,,,,,,,,,,,
PGC065367,,,,,,,,,,,,,,,,,,,,,,,,,,,
PGC072006,,,,,,,,,,,,,,,,,,,,,,,,,,,
PGC090942,,,,,,,,,,,,,,,,,,,,,,,,,,,
PGC091228,,,,,,,,,,,,,,,,,,,,,,,,,,,
PGC093080,6.3995647,0.499773387969,C,1.3758979,0.13985446,C,,,,,,,,,,,,,,,,,,,,,
PGC093119,,,,,,,,,,,,,,,,,,,,,,,,,,,
PGC166069,,,,,,,,,,,,,,,,,,,,,,,,,,,
PGC166071,,,,,,,,,,,,,,,,,,,,,,,,,,,
PGC166077,,,,,,,,,,,,,,,,,,,,,,,,,,,
PGC166755,,,,,,,,,,,,,,,,,,,,,,,,,,,
PGC166861,,,,,,,,,,,,,,,,,,,,,,,,,,,
PGC2807061,,,,,,,,,,,,,,,,,,,,,,,,,,,
SDSSJ121727.85+071937.6,,,,,,,,,,,,,,,,,,,,,,,,,,,
SDSSJ140459.26+533838.8,2.8079631,0.562586087367,C,,,,0.3784403,0.085198104,C,,,,,,,,,,,,,,,,,,
SDSSJ140638.13+545947.6,,,,,,,,,,,,,,,,,,,,,,,,,,,
UGC00300,,,,,,,,,,,,,,,,,,,,,,,,,,,
UGC00313,,,,,,,,,,,,,,,,,,,,,,,,,0.89477813,0.28383175,
UGC00320,,,,,,,,,,,,,,,,,,,,,,,,,,,
UGC00772,,,,,,,,,,,,,,,,,,,,,,,,,,,
UGC00931,,,,,,,,,,,,,,,,,,,,,,,,,,,
UGC02392,,,,,,,,,,,,,,,,,,,,,,,,,,,
UGC02826,,,,,,,,,,,,,,,,,,,,,,,,,,,
UGC03016,,,,,,,,,,,,,,,,,,,,,,,,,,,
UGC03701,,,,,,,,,,,,,,,,,,,,,,,,,,,
UGC03960,,,,,,,,,,,,,,,,,,,,,,,,,,,
UGC04305,,,,,,,,,,,,,,,,,,,,,,,,,,,
UGC04483,,,,,,,,,,,,,,,,,,,,,,,,,,,
UGC04549,1.4778622,0.767633669255,,,,,,,,,,,,,,,,,,,,,,,,,
UGC04551,,,,,,,,,,,,,,,,,,,,,,,,,,,
UGC04684,,,,,,,,,,,,,,,,,,,,,,,,,,,
UGC05139,,,,,,,,,,,,,,,,,,,,,,,,,,,
UGC05336,,,,,,,,,,,,,,,,,,,,,,,,,,,
UGC05340,,,,,,,,,,,,,,,,,,,,,,,,,,,
UGC05364,,,,,,,,,,,,,,,,,,,,,,,,,,,
UGC05373,,,,,,,,,,,,,,,,,,,,,,,,,,,
UGC05423,,,,,,,,,,,,,,,,,,,,,,,,,,,
UGC05454,,,,,,,,,,,,,,,,,,,,,,,,,,,
UGC05570,,,,,,,,,,,,,,,,,,,,,,,,,,,
UGC05612,1.208603,0.971560670096,,,,,,,,,,,,,,,,,,,,,,,,,
UGC05686,,,,,,,,,,,,,,,,,,,,,,,,,-0.34688446,0.27373692,
UGC05689,,,,,,,,,,,,,,,,,,,,,,,,,,,
UGC05692,,,,,,,,,,,,,,,,,,,,,,,,,,,
UGC05720,0.6927235,0.36203584626,c,,,,,,,,,,,,,,,,,,,,,,,,
UGC05846,,,,,,,,,,,,,,,,,,,,,,,,,,,
UGC05955,,,,,,,,,,,,,,,,,,,,,,0.42661455,0.5944598,,0.7772266,0.30803412,
UGC05958,,,,,,,,,,,,,,,,,,,,,,,,,,,
UGC05990,,,,,,,,,,,,,,,,,,,,,,,,,,,
UGC06016,,,,,,,,,,,,,,,,,,,,,,,,,0.52636343,0.34228998,
UGC06023,0.95136976,0.337444121959,,,,,,,,,,,,,,,,,,,,,,,,,
UGC06324,,,,,,,,,,,,,,,,,,,,,,,,,,,
UGC06341,,,,,,,,,,,,,,,,,,,,,,,,,,,
UGC06566,,,,,,,,,,,,,,,,,,,,,,,,,,,
UGC06575,,,,,,,,,,,,,,,,,,,,,,,,,,,
UGC06728,,,,,,,,,,,,,,,,,,,,,,,,,,,
UGC06879,,,,,,,,,,,,,,,,,,,,,,,,,,,
UGC06919,,,,,,,,,,,,,,,,,,,,,,,,,,,
UGC06998,,,,,,,,,,,,,,,,,,,,,,,,,,,
UGC07035,,,,,,,,,,,,,,,,,,,,,,,,,,,
UGC07086,1.1314843,1.51394267089,,0.37229672,0.5721661,,,,,,,,,,,,,,,,,,,,,,
UGC07089,,,,,,,,,,,,,,,,,,,,,,,,,,,
UGC07094,,,,,,,,,,,,,,,,,,,,,,,,,,,
UGC07178,,,,,,,,,,,,,,,,,,,,,,,,,,,
UGC07184,,,,,,,,,,,,,,,,,,,,,,,,,,,
UGC07249,,,,,,,,,,,,,,,,,,,,,,,,,,,
UGC07321,0.7577034,0.376495338155,,,,,,,,,,,,,,,,,,,,,,,,,
UGC07387,,,,,,,,,,,,,,,,,,,,,,,,,,,
UGC07396,,,,,,,,,,,,,,,,,,,,,,,,,,,
UGC07411,,,,,,,,,,,,,,,,,,,,,,,,,,,
UGC07422,,,,,,,,,,,,,,,,,,,,,,,,,,,
UGC07436,,,,,,,,,,,,,,,,,,,,,,,,,,,
UGC07522,1.3087947,0.292832706973,,0.46335667,0.12982814,,,,,,,,,,,,,,,,,,,,-0.004173417,0.27342498,
UGC07579,,,,,,,,,,,,,,,,,,,,,,,,,,,
UGC07596,,,,,,,,,,,,,,,,,,,,,,,,,,,
UGC07636,,,,,,,,,,,,,,,,,,,,,,,,,,,
UGC07688,,,,,,,,,,,,,,,,,,,,,,,,,,,
UGC07700,,,,,,,,,,,,,,,,,,,,,,,,,,,
UGC07795,,,,,,,,,,,,,,,,,,,,,,,,,,,
UGC07802,,,,,,,0.23893318,0.08099806,,,,,,,,,,,,,,,,,1.0662135,0.25757024,
UGC07916,,,,,,,,,,,,,,,,,,,,,,,,,,,
UGC07982,,,,,,,,,,,,,,,,,,,,,,,,,,,
UGC07991,,,,,,,,,,,,,,,,,,,,,,,,,,,
UGC08032,,,,,,,,,,,,,,,,,,,,,,,,,,,
UGC08042,,,,,,,,,,,,,,,,,,,,,,,,,,,
UGC08181,,,,,,,,,,,,,,,,,,,,,,,,,,,
UGC08201,,,,,,,,,,,,,,,,,,,,,,,,,,,
UGC08246,,,,,,,,,,,,,,,,,,,,,,,,,,,
UGC08333,,,,,,,,,,,,,,,,,,,,,,,,,,,
UGC08412,,,,,,,,,,,,,,,,,,,,,,,,,,,
UGC08630,,,,,,,,,,,,,,,,,,,,,,,,,,,
UGC08662,,,,,,,,,,,,,,,,,,,,,,,,,,,
UGC08693,,,,,,,,,,,,,,,,,,,,,,,,,,,
UGC08756,,,,,,,,,,,,,,,,,,,,,,,,,,,
UGC08857,,,,,,,,,,,,,,,,,,,,,,,,,,,
UGC09242,,,,,,,,,,,,,,,,,,,,,,,,,,,
UGC09299,,,,,,,,,,,,,,,,,,,,,,,,,,,
UGC09310,,,,,,,,,,,,,,,,,,,,,,,,,,,
UGC09392,,,,,,,,,,,,,,,,,,,,,,,,,0.3650652,0.272651,
UGC09426,,,,,,,,,,,,,,,,,,,,,,,,,,,
UGC09470,,,,,,,,,,,,,,,,,,,,,,,,,,,
UGC09482,,,,,,,,,,,,,,,,,,,,,,,,,,,
UGC10854,,,,,,,,,,,,,,,,,,,,,,,,,,,
UGC12160,58.627594,28.7424535337,C,32.28739,13.750959,C,13.670296,2.025408,C,,,,2.683036,0.83233815,,2.486332,0.89031863,,,,,,,,,,
UGC12313,,,,,,,,,,,,,,,,,,,,,,,,,,,
UGC12690,,,,,,,,,,,,,,,,,,,,,,,,,,,
UGC12709,,,,,,,,,,,,,,,,,,,,,,,,,,,
