name,IRAS_12,IRAS_12_err,IRAS_12_flag,IRAS_25,IRAS_25_err,IRAS_25_flag,IRAS_60,IRAS_60_err,IRAS_60_flag,IRAS_100,IRAS_100_err,IRAS_100_flag
ESO097-013,20.12,4.024298491750397,e,70.47,14.09412795747488,e,229.37,45.87790957939262,e,322.51,64.72233889156469,e
ESO116-012,0.24,0.0555697754665,e,0.52,0.110724880283,e,0.86,0.175934649855,,3.15,0.637887156424,
ESO149-001,0.04,0.022472204726,e,0.16,0.0372155872049,e,0.52,0.107703292684,,1.25,0.26188547163,
ESO149-013,,,,,,,,,,-0.05,0.103484298459,
ESO157-047,,,,,,,0.1,0.0344093019447,,0.11,0.0878009119927,
ESO157-049,0.13,0.030528674631,e,0.21,0.0449444091536,e,2.03,0.407106859821,,5.37,1.07921821268,
ESO209-009,0.51,0.103942289724,e,0.65,0.131529459599,e,7.21,1.44732167174,e,27.36,5.56828037847,e
ESO240-004,,,,,,,,,,0.03,0.124145074392,
ESO289-020,0.11,0.0364005487095,e,,,,0.1,0.0510783697924,,0.33,0.164793805278,
ESO351-030,,,,,,,,,,,,
ESO358-006,0.04,0.0262488097971,e,0.06,0.0250599279392,e,,,,,,
ESO358-015,0.06,0.0268328157966,e,,,,0.02,0.0342344873619,,0.3,0.106508216595,
ESO358-016,,,,0.11,0.0356089882355,e,0.08,0.063063460674,,0.21,0.127137717638,
ESO358-019,0.01,0.0220907219116,e,0.03,0.0247386339236,e,,,,,,
ESO358-042,0.08,0.0256124963772,e,0.02,0.0194164872227,e,0.05,0.0306757225601,,,,
ESO358-043,0.09,0.0308058443217,e,,,,0.03,0.044407206368,,0.22,0.108337435233,
ESO358-050,0.03,0.0218403293588,e,,,,0.04,0.0320156206519,,,,
ESO358-051,,,,0.06,0.0313847087793,e,0.44,0.0947048041364,,1.19,0.253061269162,
ESO358-054,0.06,0.0286356425012,e,,,,0.15,0.05,,0.61,0.167657392255,
ESO358-056,0.06,0.024186772866,e,,,,0.09,0.0324499624587,,0.37,0.112698714692,
ESO358-059,,,,,,,,,,0.22,0.11569356138,
ESO358-060,0.13,0.0340587719268,e,0.05,0.0214709100823,e,,,,,,
ESO358-063,0.23,0.0493963566356,e,0.3,0.0626418411144,e,2.8,0.56091353114,e,9.44,1.88977979762,
ESO358-066,,,,,,,,,,0.21,0.122429573101,
ESO359-002,,,,,,,,,,,,
ESO373-008,0.14,0.0362353419845,e,0.21,0.0488773967031,e,2.89,0.579907772066,e,8.14,1.6436119438,e
ESO377-039,,,,,,,,,,,,
ESO405-014,,,,,,,,,,,,
ESO406-031,,,,-0.0,0.0540000014007,e,,,,0.25,0.13648809849,
ESO407-002,0.15,0.0372021513663,e,,,,0.31,0.0727186356188,,1.21,0.255837845457,
ESO407-018,,,,,,,,,,0.22,0.162086399748,
ESO410-005,,,,,,,,,,,,
ESO410-012,,,,,,,,,,,,
ESO410-018,0.03,0.0364965736311,e,,,,0.05,0.05787054524,,0.49,0.167630553254,
ESO411-013,,,,,,,,,,0.06,0.151476063804,
ESO411-016,0.07,0.0269258241048,e,,,,0.14,0.0425205844733,,0.38,0.126400160464,
ESO411-026,,,,,,,,,,0.52,0.161839422589,
ESO411-027,,,,0.08,0.0393954296458,e,,,,,,
ESO428-014,0.41,0.0848999403854,e,1.9,0.380821475753,e,4.39,0.881197454352,,5.37,1.22155637235,
ESO434-040,,,,,,,,,,,,
ESO471-006,,,,,,,,,,,,
ESO491-020,0.68,0.140431479375,eC,2.58,0.516759116321,eC,15.23,3.04642683191,C,22.64,4.53425042285,C
ESO491-021,0.67,0.140427920468,eC,2.61,0.523768057657,eC,14.98,2.99650470572,C,23.76,4.75780720866,C
ESO493-016,0.79,0.177552812973,e,1.52,0.324322366229,e,13.18,2.65913450536,,28.31,6.26209769449,
ESO495-021,1.28,0.262937248996,e,6.75,1.35033329218,e,23.72,4.74440498871,,26.26,5.25804226713,
ESO549-035,,,,,,,0.02,0.0332415400889,,0.38,0.149723071375,
ESO560-004,0.2,0.069634761801,e,0.27,0.0672011916577,e,3.78,0.760875805799,,9.08,1.9412500947,
ESO603-031,0.35,0.0826801052982,e,,,,0.26,0.0735391046533,,-0.32,0.196702825241,
HS98117,,,,0.06,0.0268328157966,ec,0.09,0.0531413219656,c,-1.15,0.612800145996,c
IC0010,0.92,0.188957670799,e,4.71,0.942806986841,e,42.1,8.42353434505,e,91.02,18.5325191865,e
IC0335,0.08,0.0240831883409,e,0.01,0.0181107695012,e,,,,0.17,0.0924770270211,
IC0342,,,,,,,,,,174.5,35.3840909327,e
IC0610,0.06,0.0398497164444,e,0.3,0.0732393353229,e,1.45,0.294110532633,,4.42,0.893653750767,
IC0691,0.21,0.0504777172448,e,0.56,0.114140265032,e,3.55,0.711241159109,,4.57,0.919673889142,
IC0755,,,,0.14,0.0547083161448,e,0.89,0.184358344052,,1.21,0.282630506255,
IC0781,,,,0.08,0.0544058829552,e,,,,,,
IC0782,,,,,,,,,,,,
IC0783,,,,0.12,0.0527730975306,e,,,,,,
IC0794,,,,0.08,0.0544058829552,ec,0.11,0.0537121947901,c,,,
IC0797,0.1,0.0483321838007,e,0.06,0.0660984090854,e,0.7,0.145880085774,,2.21,0.46517631661,
IC0800,-0.08,0.0412310549913,e,0.09,0.0540832684707,e,0.49,0.112378825145,,1.07,0.273305698985,
IC0902,0.15,0.0396988677347,e,0.18,0.0421900473779,e,0.98,0.198758651343,,2.96,0.601951001711,
IC0976,,,,,,,0.1,0.0613514451201,,0.22,0.202829976961,
IC1613,0.21,0.0488773967031,e,0.23,0.0528393802449,e,0.28,0.0591354377974,,0.48,0.133660016453,
IC2085,0.06,0.0233238070581,e,,,,0.24,0.0541202357315,,0.84,0.185224184405,
IC2163,0.86,0.173277237317,eC,1.38,0.277221931855,eC,12.15,2.43064510561,eC,36.33,7.27889073419,C
IC2233,0.0,0.0240000002086,e,0.1,0.0344093019447,e,0.24,0.0678822505303,,0.91,0.229617077057,
IC2461,,,,0.12,0.0432666137186,e,1.27,0.25868319995,,3.41,0.700289241409,
IC2531,0.07,0.0386264144089,e,0.1,0.0377359259751,e,0.88,0.184393599757,e,4.64,0.987980233298,
IC2574,0.15,0.0366196676614,e,0.08,0.0212602916409,e,1.21,0.243614457168,,1.51,0.361120476328,
IC2828,0.06,0.0332415397079,e,,,,0.36,0.0859825578865,,0.74,0.252031742065,
IC3019,0.11,0.0333016518116,e,,,,,,,0.32,0.161245156149,
IC3021,,,,0.24,0.0693108935991,e,,,,0.18,0.196328809729,
IC3023,,,,0.12,0.0475078947872,e,0.05,0.0364005496306,,0.36,0.189232659361,
IC3033,,,,0.15,0.0600333256042,e,0.15,0.0863770809309,,,,
IC3044,0.07,0.0277848881891,e,,,,0.06,0.0417612251022,,,,
IC3059,,,,,,,,,,,,
IC3061,0.08,0.03312098942,e,0.07,0.0395600813568,e,0.33,0.0926336873726,,1.46,0.415077097319,
IC3065,,,,,,,,,,0.47,0.243846257451,
IC3077,,,,,,,,,,,,
IC3096,,,,,,,,,,0.22,0.231224996731,
IC3099,,,,0.1,0.0465188130153,e,,,,,,
IC3100,0.15,0.0390512495338,e,,,,0.07,0.0386264144089,,0.37,0.192769295388,
IC3102,,,,0.05,0.0441474815654,e,0.26,0.0674759210921,,0.62,0.142888070064,
IC3104,,,,,,,0.27,0.0799812495148,,,,
IC3105,0.09,0.0324499624587,e,0.07,0.0404969123367,e,0.2,0.0609590030751,,,,
IC3115,0.1,0.0394461675904,e,,,,0.21,0.0586941222161,,0.28,0.134238594902,
IC3131,0.08,0.0430813174941,e,0.16,0.0576888203578,e,,,,0.21,0.111233987227,
IC3167,0.44,0.0939840406892,e,0.24,0.0651152814324,e,,,,,,
IC3229,0.08,0.0430813174941,e,0.09,0.0503289168816,e,0.11,0.0465295614381,,0.28,0.162926361131,
IC3258,,,,,,,0.52,0.113318133445,,0.84,0.263501415302,
IC3259,0.04,0.040792155197,e,0.14,0.0564358031846,e,0.19,0.0612209114912,,0.73,0.272426142345,
IC3267,,,,,,,0.21,0.0894706681786,,,,
IC3268,0.05,0.0316227760127,e,,,,0.7,0.145880085774,,1.67,0.364116729987,
IC3305,,,,,,,,,,,,
IC3311,,,,,,,0.09,0.056920999438,,0.23,0.269948145895,
IC3313,,,,0.02,0.0392045923592,eC,,,,,,
IC3322,,,,0.15,0.056603887778,e,0.45,0.101533242928,,1.75,0.381580920008,
IC3331,,,,,,,,,,,,
IC3355,,,,0.16,0.0653681876575,e,-0.05,0.05787054524,,0.33,0.213459593307,
IC3358,,,,0.12,0.060008332267,e,,,,,,
IC3371,,,,,,,0.14,0.0496487673517,,,,
IC3381,0.15,0.0484148735273,e,,,,0.01,0.0440454308509,,,,
IC3391,0.09,0.030000000596,e,0.12,0.0424381901674,e,0.46,0.0974063673707,,1.33,0.294333153207,
IC3392,0.06,0.0233238070581,e,0.18,0.0608029602685,e,0.78,0.159452181556,,3.18,0.658070677741,
IC3393,,,,,,,,,,,,
IC3413,,,,,,,,,,,,
IC3430,,,,,,,,,,,,
IC3459,0.14,0.0472016939718,e,0.1,0.0594642767173,e,,,,0.18,0.104403063177,
IC3468,,,,0.13,0.0545893761685,e,,,,0.26,0.217313133266,
IC3475,0.05,0.0316227760127,e,,,,,,,,,
IC3476,0.15,0.0417252923672,e,0.12,0.055461698935,e,1.54,0.312526791226,,3.06,0.662616020113,
IC3499,,,,,,,,,,,,
IC3509,0.25,0.0604648668703,e,0.19,0.0693397416361,e,,,,0.26,0.24850150935,
IC3517,,,,,,,0.13,0.0700071399249,,0.43,0.174642488416,
IC3518,0.14,0.0440454325932,e,,,,,,,,,
IC3521,0.02,0.0312569987023,e,0.12,0.0518844869154,e,1.02,0.209344210076,,2.67,0.556601309685,
IC3586,,,,0.16,0.0644980631323,e,-0.03,0.0493659789005,,,,
IC3611,,,,0.16,0.0544058814214,e,0.36,0.0849058335624,,0.25,0.219763510764,
IC3631,0.07,0.0395600813568,e,0.33,0.0878635314143,e,,,,,,
IC3718,,,,0.1,0.0483321838007,e,0.23,0.0896939240557,,0.26,0.111825755957,
IC4213,0.07,0.0277848881891,e,,,,0.26,0.0605392415729,,0.75,0.175965905882,
IC5270,0.22,0.0516236381596,e,0.28,0.0650000001146,e,3.17,0.635524995045,e,8.17,1.64210993867,
IC5334,0.11,0.043908995683,e,,,,0.11,0.043908995683,,0.43,0.131137333128,
NGC0007,0.11,0.0340587730644,e,,,,0.26,0.0615873346544,,0.54,0.148553022648,
NGC0115,,,,,,,0.4,0.0938136454102,,0.73,0.196824797536,
NGC0131,0.11,0.0356089882355,e,0.12,0.0424381901674,e,0.53,0.112605500283,,1.91,0.40070562105,
NGC0147,0.15,0.0366196676614,e,0.12,0.0339411252651,e,0.15,0.0609015599569,,,,
NGC0148,0.02,0.0272946888076,e,0.04,0.0388329744454,e,,,,,,
NGC0150,0.37,0.0787718235092,e,1.63,0.327665987503,e,8.34,1.66852872368,e,17.32,3.46647610354,
NGC0253,24.19,4.83803741547,e,128.33,25.6660178991,e,797.16,159.431998044,e,1038.98,207.806789872,e
NGC0254,0.17,0.0416173045058,e,0.07,0.0433243591359,e,,,,0.41,0.200531791175,
NGC0274,0.23,0.0578013848208,eC,0.65,0.140014280957,eC,4.91,0.986024817304,C,8.22,1.90175501027,C
NGC0275,0.24,0.059405386182,eC,0.65,0.138928034013,eC,4.9,0.983943106739,C,8.14,1.89866090175,C
NGC0289,0.24,0.0550726786603,e,0.57,0.11954915124,e,4.43,0.886902440572,e,16.16,3.2352062996,
NGC0300,,,,,,,3.81,0.762128586638,e,17.68,3.57461500307,e
NGC0337,0.19,0.0478016727256,e,0.66,0.143000004727,e,7.86,1.57498986807,e,16.84,3.51218453237,
NGC0428,0.04,0.0349285001508,e,0.18,0.0624259561859,e,1.73,0.355354756094,e,4.78,0.990725025056,
NGC0448,,,,,,,0.14,0.0875956590378,,,,
NGC0450,0.09,0.0349857111621,eC,0.28,0.0682422163288,eC,2.4,0.503190834796,C,5.08,1.12155292489,C
NGC0493,0.12,0.0384187445659,e,0.17,0.0509901944638,e,1.73,0.3483044682,e,4.27,0.861575297637,
NGC0520,0.69,0.14061649941,e,2.88,0.577529242826,e,29.84,5.96818509801,,45.77,9.15627291394,
NGC0584,,,,,,,0.11,0.0528015154594,,0.14,0.172290454218,
NGC0586,0.14,0.0538516482097,e,,,,0.13,0.0617413973279,,0.9,0.271309778504,
NGC0613,0.83,0.167871971783,e,2.64,0.528968829188,e,19.23,3.84625159028,e,52.31,10.4634974434,e
NGC0625,0.15,0.0366196676614,e,0.94,0.190378569646,e,4.89,0.978523350701,e,8.56,1.71708132806,
NGC0628,0.38,0.0796994345341,e,0.6,0.127137724916,e,6.34,1.2686954234,e,32.45,6.49386464162,e
NGC0678,0.11,0.0340587730644,e,0.02,0.0362215390024,e,0.37,0.0841189637931,,1.22,0.289606636313,
NGC0720,0.16,0.0406078806742,e,0.08,0.0375765899757,e,,,,,,
NGC0855,0.03,0.0199248582222,e,0.06,0.0323109881206,e,0.95,0.193380451397,,2.57,0.542652729222,
NGC0891,1.45,0.291163194032,e,1.95,0.39156737281,e,35.52,7.10412424587,e,139.6,27.9229967799,e
NGC0895,0.15,0.0372021513663,e,0.13,0.0412310568344,e,1.25,0.252723168774,e,5.68,1.14263945444,
NGC0925,0.2,0.0451774283884,e,0.25,0.054626001087,e,3.55,0.71118280811,e,14.19,2.84165084447,e
NGC1052,0.2,0.0442831799272,e,0.5,0.104694794372,e,0.74,0.151211773791,,1.2,0.26318055624,
NGC1056,0.34,0.0721110262532,e,0.46,0.0964624292597,e,5.34,1.06946718761,,10.84,2.20792847323,
NGC1068,37.86,7.57210055722,e,91.32,18.2640739642,e,178.32,35.6640238964,e,236.53,47.3083844355,e
NGC1097,2.19,0.438503147096,e,6.25,1.25014439165,e,44.4,8.88004765865,e,85.37,17.0748769763,e
NGC1140,0.11,0.0304138123698,e,0.46,0.0999249737045,e,3.23,0.647496721928,,5.38,1.0858600502,
NGC1189,,,,,,,0.18,0.0608029602685,,0.8,0.210639500713,
NGC1199,,,,,,,0.12,0.0518844869154,C,0.09,0.139168958721,C
NGC1222,0.5,0.102839681106,e,2.41,0.48391426583,e,13.02,2.60433877918,,15.66,3.13465545269,
NGC1266,0.14,0.0375366490953,e,1.24,0.25120509723,e,13.24,2.64845327643,,16.98,3.40081995644,
NGC1316,0.32,0.0659696888064,eC,0.25,0.0511957029319,eC,2.99,0.598564952456,eC,8.65,2.12037157516,C
NGC1317,0.23,0.0514295642489,e,0.23,0.0523545613619,e,3.24,0.703548147934,e,9.56,2.20984352606,
NGC1320,0.34,0.0731641998186,e,1.19,0.240276934881,e,2.25,0.451601594226,,3.25,0.664696170895,
NGC1336,0.05,0.0232594065077,e,0.02,0.0213775580316,e,,,,0.26,0.103942293824,
NGC1351,,,,,,,,,,,,
NGC1351A,,,,0.02,0.0174642500754,e,0.27,0.0627694219267,,1.07,0.235790170244,
NGC1365,3.68,0.736196318712,e,11.98,2.39612010577,e,73.77,14.7540172559,e,145.29,29.0597716262,e
NGC1369,0.04,0.0206155274956,e,0.06,0.0224722043945,e,,,,0.06,0.105683486435,
NGC1373,,,,0.07,0.0331058901321,e,,,,0.36,0.153883080364,
NGC1374,,,,,,,0.1,0.033600595973,,0.13,0.094641426522,
NGC1375,,,,0.07,0.0269258241048,ec,,,,0.21,0.104785495418,c
NGC1377,0.36,0.0752861236002,e,1.99,0.399205462747,e,7.2,1.44031242795,,6.02,1.20892389762,
NGC1379,,,,,,,,,,,,
NGC1380A,,,,,,,,,,0.32,0.127263504925,
NGC1381,0.04,0.0178885444198,e,,,,,,,,,
NGC1386,0.41,0.0833606614216,e,1.48,0.296546796021,e,4.99,0.998421207999,,9.66,1.93433422186,
NGC1387,0.17,0.0394461659282,e,0.15,0.0349857119926,e,2.23,0.446816521002,,5.92,1.18676747351,
NGC1389,,,,0.05,0.0250798725084,e,,,,,,
NGC1399,0.12,0.0424381901674,e,0.15,0.0378021173161,e,0.39,0.0835703267521,,0.31,0.0957757793103,
NGC1404,0.1,0.0290000000005,e,,,,,,,0.29,0.109603833038,
NGC1412,,,,,,,0.15,0.0390512495338,,,,
NGC1419,0.14,0.0368781780554,e,,,,,,,0.28,0.121655253203,
NGC1427,,,,,,,,,,,,
NGC1427A,0.04,0.0206155274956,e,0.02,0.0203960775985,e,0.19,0.0478016727256,,0.63,0.151990130968,
NGC1428,0.13,0.0316227753765,e,0.04,0.0234093996483,e,0.05,0.0335261107237,,0.2,0.0957548934107,
NGC1436,0.03,0.0180277572039,e,0.07,0.0252388587257,e,0.42,0.087641312051,e,2.41,0.50276537118,
NGC1437B,0.2,0.0434626285341,e,0.06,0.0192093722829,e,0.25,0.0559016996041,,1.06,0.226947119802,
NGC1460,,,,0.05,0.020591259677,e,0.1,0.0394461675904,C,0.22,0.110168056574,C
NGC1481,,,,,,,0.37,0.149586091938,c,42.33,8.56326637729,c
NGC1482,1.67,0.335089531774,e,4.99,0.998481301076,e,28.48,5.69640579291,e,47.32,9.46759820908,
NGC1510,0.06,0.0259422434577,e,0.16,0.0425205832818,e,0.95,0.195028200712,,1.01,0.229058944018,
NGC1512,0.2,0.0438634246245,ec,0.27,0.0560446270546,ec,3.04,0.608555659534,ec,11.04,2.21040108721,ec
NGC1566,0.94,0.18867962223,e,1.45,0.290291242614,e,13.46,2.69208191574,e,47.13,9.42689662752,e
NGC1569,0.82,0.16637307348,e,7.2,1.44016800761,e,44.97,8.99501336258,e,47.98,9.7179956339,
NGC1617,0.07,0.0197989902209,e,0.07,0.0212602922366,e,0.57,0.116103400762,e,3.48,0.700246388956,
NGC1705,,,,0.09,0.0316227774499,e,0.99,0.201427408241,,1.78,0.377974862862,
NGC1800,0.04,0.0187882949879,e,0.12,0.0332415399208,e,0.79,0.160124955532,,1.79,0.374225859563,
NGC1808,4.48,0.896161261642,e,16.78,3.35604319427,e,90.81,18.162039265,e,140.71,28.1438092763,e
NGC1924,0.29,0.0639765569894,e,0.47,0.0996242939417,e,3.45,0.69417289834,,7.94,1.68351568255,
NGC2110,0.33,0.0747060931693,e,0.88,0.181416646544,e,4.03,0.843291210456,,3.99,1.62450881656,
NGC2146,6.25,1.25012959327,e,18.4,3.68003918981,e,134.55,26.910045222,e,182.51,36.5039457155,
NGC2207,0.91,0.182887948978,eC,1.71,0.342986887864,eC,12.18,2.43681458004,eC,37.3,7.47555494375,eC
NGC2273,0.47,0.102552425852,e,1.36,0.273437381506,e,6.16,1.23264914908,,9.96,2.00047995004,
NGC2403,,,,,,,,,,68.73,13.7478583953,e
NGC2480,0.11,0.0413400532799,eC,,,,0.75,0.160822883342,C,1.5,0.367925263874,C
NGC2481,0.11,0.0421900448349,eC,0.39,0.122147447573,eC,0.57,0.131228805389,C,1.32,0.339841148483,C
NGC2549,0.06,0.024186772866,e,0.07,0.0286530979179,e,0.16,0.0536003738775,,,,
NGC2577,0.28,0.0635295205906,e,,,,0.17,0.0629682456321,,0.77,0.29022750071,
NGC2592,0.11,0.0388329768628,e,,,,,,,,,
NGC2655,0.16,0.0382753176647,e,0.16,0.038832975021,e,1.52,0.306124153848,,5.0,1.01045781643,
NGC2679,,,,,,,-0.04,0.0437378568602,,0.32,0.13248395768,
NGC2685,0.05,0.0223606794418,e,,,,0.3,0.0704911364739,e,1.66,0.397175015932,
NGC2764,0.28,0.0650000001146,e,0.55,0.121671692008,e,3.73,0.747673729488,,6.48,1.31420698811,
NGC2768,0.08,0.0233452354875,e,0.04,0.0206155274956,e,0.35,0.0765571668866,,1.07,0.256275252862,
NGC2778,0.23,0.0543783047582,e,,,,,,,0.39,0.120615088553,
NGC2787,0.1,0.0420594822508,e,0.08,0.0296816442803,e,0.64,0.136356148069,,0.54,0.549713537839,
NGC2798,0.75,0.151907866847,ec,3.27,0.655161808314,ec,19.79,3.95838230208,c,29.57,5.91597872522,c
NGC2799,0.68,0.138101413458,eC,2.96,0.592975555279,eC,18.88,3.77672486853,C,24.78,4.95781134797,C
NGC2841,0.32,0.0670522169582,e,0.33,0.0689637609785,e,2.7,0.541335395302,e,17.87,3.57636368376,e
NGC2853,0.04,0.029120440339,e,,,,0.29,0.0740270208412,,0.62,0.165096940204,
NGC2859,0.07,0.0269258241048,e,0.1,0.0394461675904,e,0.22,0.053254107248,,0.79,0.182332117357,
NGC2907,,,,0.09,0.033286635068,e,0.36,0.0937229974502,,1.1,0.317554724545,
NGC2915,0.01,0.0240831893618,e,0.06,0.0259422434577,e,0.89,0.185440014811,,,,
NGC2950,0.05,0.0223606794418,e,0.06,0.0268328157966,e,0.16,0.0445533379536,,,,
NGC2974,0.17,0.0410487518248,e,0.07,0.0252388587257,e,0.42,0.0891964097886,,1.35,0.318000002852,
NGC2976,0.56,0.113600176424,e,0.86,0.172939298473,e,9.48,1.89668570215,e,27.89,5.62953662602,e
NGC2992,0.45,0.0931450459276,e,1.39,0.279723074447,e,9.22,1.84447829939,e,18.07,3.61667202804,
NGC2993,0.38,0.0800062489664,e,1.64,0.330193879456,e,10.64,2.12849719104,,16.9,3.3848427559,
NGC3031,0.99,0.198645414696,e,1.17,0.23503190417,e,8.04,1.60811223969,e,36.99,7.43402784337,e
NGC3034,56.33,11.2660147457,e,289.37,57.8740048637,e,1115.53,223.106008927,e,1152.25,230.458791694,e
NGC3049,0.15,0.04242640724,e,0.42,0.0977547934063,e,2.8,0.565685415255,,4.19,0.95739909063,
NGC3073,0.08,0.0348855264708,e,,,,0.19,0.0628012741771,,0.3,0.235762593175,
NGC3077,0.54,0.110421922321,e,1.99,0.398722963382,e,12.64,2.52817806871,e,25.37,5.07726320984,
NGC3079,1.53,0.306789824624,e,2.4,0.480503921217,e,44.28,8.85614090199,e,95.26,19.0529881195,e
NGC3081,,,,,,,,,,,,
NGC3147,0.99,0.198909529013,e,0.6,0.121494860472,e,6.78,1.35637757055,e,27.3,5.46677074165,
NGC3155,0.06,0.0216333068593,e,0.06,0.0233238070581,e,0.45,0.0993176697435,,1.42,0.478415078965,
NGC3182,,,,0.07,0.0322024836506,e,0.4,0.101212647753,,1.02,0.278095301608,
NGC3184,0.31,0.0664830810744,e,0.54,0.111825761247,e,3.27,0.654832035715,e,20.57,4.11563500532,e
NGC3185,0.17,0.0460108682042,e,0.19,0.066030296948,e,1.46,0.369242471389,,3.28,1.46686062309,
NGC3187,0.08,0.0403112890372,e,0.09,0.044777227679,e,0.72,0.158823807635,,2.78,0.833532832928,
NGC3190,0.29,0.0620322480744,e,0.36,0.0823650431947,e,3.06,0.613579649248,e,10.15,2.0553792079,
NGC3193,-0.0,0.0270000007004,ec,0.08,0.0505964428454,ec,,,,1.56,0.347056178987,c
NGC3198,0.24,0.0512640211953,e,0.62,0.126495060201,e,3.86,0.772582660668,e,14.0,2.80167967487,e
NGC3226,0.5,0.101980390184,eC,1.57,0.317351550487,eC,6.91,1.38239390755,eC,15.24,3.05013109898,C
NGC3227,0.64,0.130418554225,eC,1.81,0.365168442988,eC,7.26,1.45244625815,eC,16.64,3.33165412198,eC
NGC3245A,,,,,,,0.05,0.0278567771085,,0.26,0.0954148809963,
NGC3252,0.12,0.0288444101789,e,0.11,0.0325576412654,e,0.85,0.179947219105,,1.56,0.830809222076,
NGC3254,,,,,,,0.26,0.0656048758105,e,2.23,0.46083836931,
NGC3256,3.31,0.662365446595,e,16.12,3.22416905299,e,90.27,18.0542440373,e,113.2,22.6466790584,
NGC3277,0.1,0.0320156216642,e,,,,0.7,0.143610582583,,1.98,0.417420654535,
NGC3283,0.07,0.0331058901321,e,0.09,0.0324499624587,e,0.9,0.193132074822,,3.87,0.973836222783,
NGC3287,0.14,0.0388973012495,e,0.27,0.0660302971285,e,1.7,0.342965022482,,5.26,1.05815882377,
NGC3294,0.51,0.104560985138,e,0.66,0.135148071893,e,5.97,1.19463672297,e,16.45,3.29315001211,
NGC3301,,,,0.03,0.0394588400888,e,0.49,0.104062483078,,0.77,0.195233189241,
NGC3338,0.27,0.0608276276057,e,0.27,0.0672011916577,e,2.86,0.573689790721,e,10.74,2.15118404676,e
NGC3346,0.08,0.0280178512847,e,0.25,0.0693108940936,e,1.27,0.256826785926,e,4.97,1.00097947869,
NGC3348,,,,,,,,,,,,
NGC3351,0.72,0.146891121582,e,2.28,0.458215009512,e,16.9,3.38048051085,e,33.25,6.65115598971,e
NGC3353,0.22,0.0666033036232,e,0.95,0.19220041375,e,5.34,1.07186989175,,6.71,1.37049188939,
NGC3364,0.11,0.0380131551353,e,,,,0.73,0.155666313842,,3.41,0.808918429441,
NGC3370,0.3,0.0666408301097,e,0.36,0.080950604984,e,3.52,0.705703191507,e,9.52,1.91610055847,
NGC3380,0.09,0.034132096,e,0.13,0.0545893761685,e,0.64,0.134406098673,,1.64,0.363638556496,
NGC3381,0.1,0.0290000000005,e,0.11,0.0364005487095,e,1.35,0.272660966187,,4.0,0.805980148327,
NGC3395,0.22,0.0511077294244,eC,0.51,0.106320268861,eC,7.86,1.57347007739,eC,16.04,3.22054672068,C
NGC3396,0.19,0.0424852908728,eC,0.62,0.126905477716,eC,7.41,1.48325483637,eC,15.75,3.1631383139,C
NGC3403,0.15,0.0344818807918,e,0.08,0.0248394839991,e,0.98,0.198436391481,e,4.5,0.935700810209,
NGC3413,,,,,,,0.97,0.280071428499,,1.72,0.895692491995,
NGC3414,0.05,0.0269258244369,e,0.06,0.0332415397079,e,0.2,0.0572800151933,,0.44,0.218504007076,
NGC3424,0.45,0.0945568586748,e,0.95,0.193018131842,e,7.98,1.60080979872,e,17.55,3.52872043846,
NGC3430,0.22,0.0487544866359,e,0.3,0.0689637615835,e,2.97,0.595214252774,e,10.03,2.01182623128,
NGC3437,0.66,0.135591302646,e,1.25,0.254950975826,e,11.17,2.23451562273,e,19.78,3.96000266258,
NGC3440,0.09,0.033286635068,e,0.23,0.0509901958373,e,0.65,0.133195340428,,0.92,0.231205539283,
NGC3445,-5.8,1.16020864007,ec,0.2,0.0488262234469,ec,2.05,0.415932677511,c,4.37,0.890379672162,c
NGC3448,0.2,0.0447213598832,e,0.44,0.0914822383564,e,5.55,1.11052063682,e,11.25,2.25217694684,
NGC3454,0.1,0.0352278293899,e,0.08,0.0440113630943,e,0.59,0.134718218709,,0.95,0.249687803564,
NGC3455,0.09,0.0324499624587,e,,,,0.86,0.182164762847,,2.78,0.587567862235,
NGC3458,0.08,0.0296816442803,e,,,,0.05,0.0383275362927,,,,
NGC3485,,,,,,,,,,,,
NGC3488,0.08,0.0272029407107,e,,,,0.45,0.0993176697435,e,1.88,0.399500939587,
NGC3501,,,,,,,,,,,,
NGC3504,1.09,0.219428810618,e,3.82,0.765209108496,e,19.4,3.88061340612,e,33.97,6.79660086477,
NGC3512,-0.02,0.0421900456473,e,0.16,0.0496789679981,e,1.45,0.298328687144,,3.88,0.89603574031,
NGC3516,0.44,0.0907083232721,e,0.9,0.180897756358,e,1.84,0.370741156434,,2.46,0.577293685359,
NGC3521,2.12,0.425789831553,e,2.22,0.446480688194,e,31.44,6.28820692592,e,104.17,20.8358945509,e
NGC3526,0.11,0.0388329768628,e,,,,0.71,0.146996594139,,1.8,0.417784624025,
NGC3547,0.24,0.07299999907,e,0.26,0.0778973658607,e,1.96,0.395433946561,,4.41,0.891822822077,
NGC3564,0.39,0.107517439027,eC,1.72,0.352732198967,eC,,,,15.2,4.0361645923,
NGC3592,,,,,,,,,,,,
NGC3596,,,,,,,2.95,0.60129527728,e,7.94,1.61045584849,
NGC3608,,,,,,,,,,,,
NGC3610,0.17,0.0480832626801,e,,,,,,,0.23,0.103754520321,
NGC3613,0.02,0.0213775580316,e,,,,,,,0.17,0.0805294968796,
NGC3619,0.08,0.0280178512847,e,0.09,0.0284253411678,e,0.37,0.0855862154014,e,1.42,0.309095447167,
NGC3620,1.0,0.201206361715,e,4.71,0.942234054979,e,44.36,8.87279815879,e,64.54,12.9946324613,
NGC3621,1.26,0.25287348423,e,1.51,0.303797628095,e,16.97,3.39422392718,e,64.39,12.8787938045,e
NGC3622,0.11,0.0318276608756,e,0.08,0.0296816442803,e,1.12,0.226565664991,,2.75,0.560503345757,
NGC3626,,,,,,,,,,,,
NGC3627,1.88,0.377445359318,e,3.09,0.620354720248,e,41.77,8.35411075638,e,106.79,21.3594516039,e
NGC3628,2.33,0.466781518289,e,5.16,1.03306966699,e,48.13,9.62607132286,e,105.96,21.1928248528,e
NGC3629,,,,,,,,,,,,
NGC3631,0.58,0.11825818884,e,0.71,0.143544413926,e,7.2,1.44042524629,e,23.99,4.80043878826,e
NGC3640,-0.02,0.0302654912244,e,0.12,0.0572712850024,e,,,,,,
NGC3655,0.58,0.120602650111,e,0.8,0.174244083183,e,8.1,1.62096768857,e,20.01,4.00434431148,
NGC3659,0.07,0.0386264144089,e,,,,1.69,0.340724240203,,4.2,0.848109035211,
NGC3665,0.05,0.0188679629875,e,0.17,0.0434165874078,e,1.71,0.34433124335,,5.83,1.1723651158,
NGC3666,0.23,0.0578013848208,e,0.26,0.0674759210921,e,2.49,0.507358849785,e,7.29,1.49248952472,
NGC3674,,,,0.03,0.0266833286208,e,,,,0.46,0.166688331653,
NGC3681,0.12,0.0475078947872,e,,,,0.67,0.143024476818,,2.55,0.539514587325,
NGC3683,0.95,0.192052074038,e,1.55,0.311088402412,e,13.46,2.69269104079,e,29.26,5.85790692498,
NGC3684,0.24,0.0566038855271,e,0.25,0.0700071415958,e,2.18,0.564780496972,e,6.26,2.11450232954,
NGC3686,0.23,0.0528393802449,e,0.23,0.0596657354258,e,3.15,0.632396255523,e,9.94,2.12441631645,
NGC3691,0.07,0.0358468965165,e,0.07,0.0471274883969,e,0.7,0.150053322135,,1.95,0.442471479397,
NGC3692,0.11,0.0421900448349,e,0.28,0.0694046116592,e,1.14,0.232997851354,e,3.97,0.808418213303,
NGC3718,0.11,0.0304138123698,e,0.14,0.0362353419845,e,0.61,0.126649124844,e,2.3,0.478289651266,
NGC3729,0.42,0.087361316207,e,0.35,0.0736817469606,e,2.48,0.501638320138,e,7.46,1.50798707599,
NGC3755,,,,0.17,0.0556057551278,e,0.72,0.151789333248,e,2.47,0.529278759018,
NGC3756,0.11,0.0348281500022,e,0.15,0.0372021513663,e,1.42,0.287388230629,e,6.21,1.24778364243,
NGC3757,,,,,,,0.08,0.03399999924,,,,
NGC3773,0.08,0.0305286753144,e,0.1,0.0438292148536,e,1.44,0.291341735031,,2.0,0.419677258175,
NGC3786,,,,,,,,,,,,
NGC3788,,,,,,,,,,,,
NGC3794,0.04,0.0281602563014,e,0.07,0.0252388587257,e,0.68,0.140431479375,,1.72,0.363675685337,
NGC3795,0.06,0.0216333068593,e,0.02,0.0213775580316,e,0.29,0.0648459694816,,1.2,0.26832816463,
NGC3796,,,,0.07,0.0260768095522,e,0.1,0.036055512362,,0.19,0.109786155722,
NGC3813,,,,,,,,,,,,
NGC3838,0.13,0.0360693771645,e,,,,,,,,,
NGC3846A,,,,0.08,0.0357770888395,e,0.43,0.095707889949,,1.23,0.274590608382,
NGC3870,0.08,0.0280178512847,e,0.13,0.0382099463335,e,1.17,0.236457176057,,2.48,0.514043777545,
NGC3898,0.09,0.0269072482403,e,0.05,0.0214709100823,e,0.37,0.0882043093119,e,1.9,0.405664883489,
NGC3938,0.33,0.069570110974,e,0.46,0.0945938703185,e,4.84,0.968669220617,e,23.33,4.6679237203,e
NGC3941,,,,,,,,,,,,
NGC3945,0.11,0.0304138123698,e,0.08,0.0233452354875,e,0.23,0.0584123271681,,0.86,0.329461673672,
NGC3952,0.11,0.0413400532799,e,0.26,0.072138754329,e,1.52,0.31240998261,,1.76,0.43642638743,
NGC3953,0.27,0.058694124355,e,0.37,0.076655072391,e,3.51,0.704073857968,e,21.88,4.3829651525,e
NGC3972,0.16,0.0367151184981,e,0.17,0.0404969136981,e,0.96,0.195164029377,,3.61,0.733433683403,
NGC3982,0.51,0.105019044128,e,0.84,0.169567090674,e,6.73,1.34738153852,e,16.11,3.22512771653,
NGC3990,0.03,0.0247386339236,e,,,,0.16,0.0520096149485,,0.26,0.153101267194,
NGC3998,0.09,0.0324499624587,eC,0.12,0.0416173052936,eC,0.36,0.0930859841984,C,0.86,0.348414986564,C
NGC4013,0.26,0.0595399005142,e,0.36,0.0747261694061,e,5.29,1.05871855746,e,21.03,4.20826343689,e
NGC4030,0.9,0.182482871095,e,1.45,0.296553545596,e,15.69,3.13848187397,e,47.72,9.54605387895,
NGC4032,,,,0.09,0.0484664851901,e,0.81,0.172754160568,,1.71,0.432041669823,
NGC4036,0.13,0.0340587719268,e,0.05,0.0241660919003,e,0.49,0.103092194036,,1.29,0.31573405695,
NGC4037,0.08,0.0348855264708,e,,,,0.45,0.0962081061891,e,1.56,0.336481787575,
NGC4038,1.63,0.328207250507,eC,4.49,0.898846437301,eC,41.18,8.23616421676,eC,80.15,16.0309230485,eC
NGC4039,1.59,0.320145286208,eC,4.48,0.896892416494,eC,41.35,8.27015694847,eC,80.14,16.0288286873,eC
NGC4045,0.25,0.0578013836478,ec,0.77,0.167155611677,ec,6.46,1.29296713794,ec,13.63,2.7288644387,c
NGC4051,0.78,0.157543639064,e,1.81,0.362862221419,e,6.58,1.31657774548,e,22.8,4.56150058732,e
NGC4067,,,,,,,0.67,0.13824616096,c,2.08,0.464655773926,c
NGC4100,0.44,0.0902441128174,e,0.88,0.177496477898,e,6.96,1.39236777517,e,21.1,4.22206402648,
NGC4102,1.55,0.310779655193,e,7.15,1.4302014035,e,46.38,9.27625684007,e,67.43,13.4872826636,
NGC4111,,,,,,,,,,,,
NGC4116,0.09,0.038470770091,e,0.15,0.0591692485524,e,1.92,0.389296793973,e,5.52,1.23430951398,e
NGC4117,,,,,,,,,,,,
NGC4119,0.19,0.0472016950136,e,,,,0.42,0.0972471050151,,1.43,0.306424532093,
NGC4123,0.27,0.0627694219267,e,1.1,0.227015423026,e,5.67,1.13528500156,e,9.63,1.93525116884,e
NGC4125,0.11,0.0297321371057,e,0.0,0.0230000000447,e,0.56,0.12390722352,,1.37,0.320881596682,
NGC4138,,,,,,,,,,,,
NGC4144,0.09,0.0247588379606,e,0.1,0.0377359259751,e,1.28,0.25910615006,e,3.93,0.79379910639,
NGC4151,1.93,0.38767511113,e,5.22,1.04501287666,e,5.4,1.08528753857,e,7.5,1.56983088247,
NGC4152,0.32,0.0706823866084,e,0.54,0.11738824871,e,4.28,0.857829861938,e,10.17,2.04168681792,
NGC4165,,,,0.12,0.0590931478729,e,0.16,0.0636317524624,,0.64,0.304236742441,
NGC4168,0.09,0.033286635068,eC,,,,0.05,0.0490306031274,C,0.44,0.284929813732,C
NGC4178,0.1,0.0328024395406,e,0.22,0.0673572555984,e,1.95,0.391751206091,e,7.71,1.55038221837,e
NGC4179,0.07,0.0286530979179,e,,,,0.17,0.0502493786987,,0.2,0.0948472485106,
NGC4180,0.22,0.0562227710937,e,0.45,0.107615052911,e,4.4,0.881535043932,,10.04,2.01213940064,
NGC4183,,,,,,,,,,,,
NGC4189,0.26,0.0595399005142,e,0.42,0.093914852456,e,3.11,0.6238493199,e,8.37,1.68009670117,
NGC4191,0.02,0.0282842720904,e,,,,0.14,0.0573061958359,,0.49,0.193631089809,
NGC4192,0.37,0.0781088993635,e,0.54,0.1129291854,e,5.46,1.0926609797,e,18.85,3.77310344072,e
NGC4193,0.08,0.0305286753144,e,0.21,0.0724223717649,e,1.17,0.238872342525,e,3.53,0.724347977201,
NGC4194,0.85,0.17229045728,e,4.71,0.942416051658,e,23.67,4.7342535995,,24.95,4.99193574903,
NGC4197,0.02,0.0223606796417,e,0.22,0.0651152825309,e,1.75,0.352881,e,5.19,1.05041183507,
NGC4200,,,,,,,,,,,,
NGC4203,,,,0.12,0.0424381901674,e,0.47,0.0989797955331,,1.97,0.411578674328,
NGC4206,0.05,0.0297321383587,e,0.14,0.0513127677315,e,0.55,0.115134706541,e,2.12,0.43905806063,
NGC4207,0.22,0.0526972478467,e,0.27,0.0709365930953,e,3.03,0.60797778984,,7.87,1.57797969845,
NGC4212,0.38,0.0794040292246,e,0.65,0.134372612112,e,5.99,1.19917175177,e,15.99,3.20799200478,
NGC4214,0.4,0.0865390095791,e,1.92,0.385502261386,e,15.16,3.0321795486,e,26.5,5.30169369173,e
NGC4215,0.15,0.0445982069115,e,,,,,,,,,
NGC4216,0.16,0.0406078806742,e,0.17,0.0556057551278,e,1.18,0.251525335926,e,8.21,1.7400976974,e
NGC4217,0.54,0.112641027269,e,0.52,0.109731486899,e,7.87,1.57510537044,e,35.98,7.19869597088,e
NGC4222,0.06,0.0268328157966,e,,,,0.67,0.149372021635,e,1.72,1.86303432488,
NGC4224,0.07,0.0304138133007,e,0.12,0.0527730975306,e,0.13,0.0444072048077,,1.05,0.228868948655,
NGC4233,0.08,0.03399999924,e,,,,0.13,0.0477074404981,,0.4,0.118928550428,
NGC4234,0.15,0.0476340225764,e,0.17,0.0760263147003,e,1.61,0.327542366239,,4.02,0.838486730054,
NGC4235,,,,,,,0.31,0.0697710552909,,0.55,0.160589539565,
NGC4236,0.09,0.021095023689,e,0.1,0.0238537212798,e,0.91,0.182887948978,,3.68,0.740121625075,
NGC4237,0.3,0.0710211249787,e,0.43,0.101548020155,e,2.67,0.536152978483,e,9.18,1.84560023345,
NGC4239,0.14,0.0456070158539,e,,,,,,,,,
NGC4244,,,,0.19,0.0472016950136,e,0.72,0.145670867515,e,4.99,1.03707661799,e
NGC4251,0.16,0.0425205832818,e,0.15,0.05,e,0.05,0.0509901958957,,0.36,0.181859833329,
NGC4252,,,,,,,0.11,0.0483011399487,,0.33,0.140470636945,
NGC4254,1.8,0.36116615717,e,2.18,0.438115295063,e,20.77,4.15426597132,e,81.23,16.2471234012,e
NGC4255,,,,,,,,,,,,
NGC4258,0.86,0.176366099483,e,1.09,0.221287150142,e,12.73,2.54673055777,e,51.64,10.3314247556,e
NGC4259,,,,,,,,,,,,
NGC4260,0.09,0.030000000596,e,,,,0.14,0.0440454325932,,0.73,0.176963277015,
NGC4261,,,,0.1,0.0474236242553,ec,0.09,0.0475394573462,c,,,
NGC4262,0.13,0.0468721667215,eC,,,,,,,,,
NGC4266,,,,,,,0.26,0.0700927931414,,1.42,0.339487844798,
NGC4267,,,,,,,0.08,0.0620966973971,,0.89,0.347113819475,
NGC4268,,,,,,,3.1,1.36226617069,,22.25,4.47856282698,
NGC4269,0.45,0.101999998093,eC,,,,,,,0.31,0.138636213006,C
NGC4270,,,,,,,,,,1.67,0.410703044466,
NGC4273,0.47,0.0972676717816,e,1.3,0.272624275171,e,9.02,1.80480811459,e,22.29,4.45983739996,
NGC4276,,,,,,,0.46,0.104235311586,,1.5,0.327354546756,
NGC4281,0.13,0.037483329471,e,,,,0.56,0.123065023502,,0.92,0.275465062204,
NGC4287,0.03,0.0364965736311,e,0.11,0.0537121947901,e,0.23,0.105550934862,,0.79,0.388573022402,
NGC4289,,,,,,,0.69,0.149308405228,e,2.56,0.521866830706,
NGC4292,,,,0.09,0.0540832684707,e,0.15,0.0524309087954,,0.81,0.187296555092,
NGC4294,0.09,0.0358468965789,e,0.12,0.048373545732,e,2.69,0.540226815503,e,6.24,1.2727937326,
NGC4298,0.37,0.0781088993635,eC,0.53,0.112605500283,eC,4.02,0.806017986071,eC,20.89,4.18840160112,C
NGC4299,0.09,0.0438634238771,e,0.24,0.0664830798416,e,2.55,0.513065288697,,4.77,0.993400723912,
NGC4300,0.2,0.0512249953144,e,,,,0.31,0.0737834668988,,0.8,0.215928227782,
NGC4302,0.37,0.0772010371426,ec,0.32,0.0744311744099,ec,4.0,0.802322254511,ec,20.88,4.18619619651,ec
NGC4303A,-0.02,0.0392045923592,e,-0.04,0.0555787726057,e,0.49,0.110941428175,,1.01,0.304611226457,
NGC4305,,,,0.04,0.0427551160632,e,,,,,,
NGC4306,,,,,,,,,,,,
NGC4307,0.05,0.0316227760127,e,0.16,0.0585234980895,e,0.71,0.215425158549,e,4.35,1.38527392881,
NGC4309,,,,,,,0.9,0.183182964298,,1.67,0.346705919587,
NGC4312,,,,,,,1.63,1.56923576843,,3.92,8.78306111559,
NGC4313,0.12,0.0361247839034,e,0.09,0.044777227679,e,0.87,0.178538511981,e,4.92,1.01284551016,
NGC4316,0.22,0.0516236381596,e,0.26,0.0707672229333,e,1.57,0.325564136677,e,5.07,1.25119344666,
NGC4321,1.21,0.243187178327,ec,1.97,0.39633950678,ec,17.78,3.56600981087,ec,58.23,11.6855823525,ec
NGC4322,,,,,,,,,,59.06,13.2812851341,
NGC4324,,,,,,,0.33,0.105261582344,,1.59,0.352029831346,
NGC4328,0.09,0.0308058443217,ec,-0.0,0.0399999991059,ec,0.03,0.0374833300772,c,,,
NGC4330,0.02,0.0253179781561,e,0.1,0.0474236242553,e,0.57,0.120166549343,e,2.66,0.57762359334,
NGC4339,0.11,0.0356089882355,e,0.07,0.0461735853133,e,,,,0.47,0.163682622321,
NGC4340,0.04,0.0206155274956,e,0.15,0.0438634263231,e,0.06,0.0295465739364,,,,
NGC4341,,,,,,,,,,,,
NGC4342,,,,-0.01,0.0500399847555,ec,,,,3.17,0.749637261692,c
NGC4343,0.1,0.0377359259751,e,0.17,0.0796241142996,e,1.12,0.228877697201,e,4.03,0.818587240037,
NGC4350,0.03,0.0257099205953,e,0.06,0.0351140994724,e,0.32,0.0729451837158,,0.8,0.192481170323,
NGC4351,,,,,,,0.77,0.162225148259,,2.27,0.534452990912,
NGC4352,,,,0.11,0.0509901951652,e,,,,,,
NGC4353,,,,0.09,0.0722772444651,ec,0.59,0.197200408367,c,,,
NGC4355,0.98,0.197850957878,e,9.83,1.96731795589,e,46.18,9.2363379176,,31.44,6.29105407235,
NGC4356,0.01,0.0270739734365,ec,,,,0.58,0.125159894033,c,1.41,0.307657272091,c
NGC4359,0.05,0.0269258244369,e,,,,0.52,0.110054527826,e,1.49,0.322386417165,
NGC4365,0.13,0.0396988653512,e,0.05,0.0509901958957,e,,,,,,
NGC4370,-0.05,0.0412310554249,e,0.11,0.0620322480744,e,0.99,0.203501844228,,3.16,0.651450707265,
NGC4371,0.08,0.0322490315662,e,0.08,0.0458802802317,e,0.06,0.0398497164444,,0.06,0.1315484674,
NGC4374,0.14,0.0382099468015,ec,0.09,0.0420475912852,ec,0.47,0.108908217883,c,0.83,0.3059493398,c
NGC4376,0.12,0.0416173052936,e,,,,0.69,0.143680199738,,1.32,0.284859624561,
NGC4377,0.07,0.0304138133007,eC,,,,0.34,0.090027774267,C,0.98,0.296892242531,C
NGC4378,0.1,0.0344093019447,e,,,,0.24,0.0700357037498,e,1.43,0.300128295339,
NGC4379,,,,,,,0.18,0.0553172672448,,,,
NGC4380,0.22,0.0516236381596,e,0.11,0.0447772269968,e,0.57,0.118962178021,e,3.05,0.61863477787,
NGC4383,0.33,0.078230430771,eC,1.09,0.222200366868,eC,8.61,1.72266879102,eC,12.62,2.52894046722,C
NGC4385,0.26,0.0610573492621,e,1.25,0.254950975826,e,4.75,0.950972660031,,5.68,1.14399341058,
NGC4387,0.06,0.0427200197381,e,,,,,,,,,
NGC4388,0.96,0.193620759142,e,3.77,0.755656002637,e,10.25,2.05040995903,e,17.42,3.48973582202,
NGC4390,0.08,0.03399999924,e,,,,0.82,0.171746905164,,1.76,0.376288451864,
NGC4396,0.11,0.0304138123698,e,0.16,0.043185644673,e,1.0,0.20321417246,e,3.34,0.685747021456,
NGC4402,0.38,0.0836719777791,e,0.53,0.113652975675,e,5.27,1.05619126699,e,17.19,3.44072866308,
NGC4406,,,,,,,-0.73,1.75109708976,C,,,
NGC4409,0.19,0.0509901960126,e,0.25,0.0700071415958,e,2.73,0.548470604752,e,7.17,1.44161716289,
NGC4411A,,,,0.07,0.0557853040948,e,0.24,0.0752861189291,,0.89,0.257449025289,
NGC4412,-0.06,0.0427200197381,e,0.46,0.106677084973,e,3.01,0.604241671697,,5.94,1.19622072686,
NGC4413,0.14,0.0388973012495,e,,,,0.92,0.188957670799,e,3.36,0.69807232443,
NGC4415,,,,,,,,,,0.16,0.154353483492,
NGC4416,0.17,0.0453431360195,e,,,,0.95,0.19525623999,,3.01,0.613074218125,
NGC4417,,,,,,,0.19,0.053740114169,,0.14,0.123223371821,
NGC4419,0.53,0.10938463706,e,1.52,0.307766141284,e,7.38,1.47648910171,e,14.69,2.94285652161,
NGC4423,,,,0.23,0.0829276783603,e,0.46,0.101552943988,,1.21,0.276139464839,
NGC4424,0.11,0.0348281500022,e,0.32,0.0788162408715,e,2.89,0.580610906047,,5.92,1.19671719065,
NGC4425,,,,,,,,,,,,
NGC4429,0.15,0.0384187464858,e,0.18,0.0509116881611,e,1.55,0.313542650904,,4.06,0.830433609431,
NGC4430,0.17,0.054817881662,e,0.21,0.060108235837,e,1.21,0.250838600788,e,4.23,0.854052109738,
NGC4434,,,,,,,,,,,,
NGC4435,0.11,0.0325576412654,e,0.22,0.0666033036232,e,0.87,0.178538511981,,6.83,1.3782035255,
NGC4436,0.37,0.081437093924,e,0.23,0.067208630035,e,,,,,,
NGC4437,0.33,0.0702282020003,e,0.57,0.126142775557,e,4.14,0.82922189789,e,18.16,3.63921210969,e
NGC4438,0.17,0.0410487518248,e,0.16,0.0474236224329,e,3.64,0.729153639942,e,10.29,2.06413298186,
NGC4440,0.06,0.037947330367,e,,,,0.09,0.0597745767793,,,,
NGC4442,,,,0.09,0.0402492225288,e,,,,,,
NGC4445,0.11,0.0333016518116,e,,,,0.22,0.0574891295316,,1.22,0.268895895,
NGC4449,0.42,0.0917877965456,e,1.94,0.392460200432,e,19.04,3.80864351109,e,52.68,10.54116679,e
NGC4450,0.11,0.0356089882355,e,0.1,0.0447213588836,e,1.27,0.256680731839,e,6.74,1.35061462912,e
NGC4451,0.11,0.0388329768628,e,0.21,0.066843099879,e,1.67,0.337871268635,,4.38,0.888581477003,
NGC4452,0.05,0.0260000002499,e,0.07,0.0567538542205,e,,,,0.43,0.169446155517,
NGC4454,0.08,0.0430813174941,e,0.05,0.0717007694036,e,0.33,0.0828009687183,,1.42,0.306400058102,
NGC4457,0.23,0.0748131012522,e,0.49,0.132382025403,e,4.42,0.884816380321,e,9.91,1.98693831791,
NGC4458,0.07,0.0322024836506,e,,,,,,,,,
NGC4459,0.49,0.100895987947,eC,0.19,0.063600313415,eC,1.64,0.331789086918,C,4.92,1.02988932613,C
NGC4460,,,,0.51,0.111892804144,e,3.2,0.643394134384,,5.17,1.05185789581,
NGC4461,0.12,0.0332415399208,e,0.05,0.0383275362927,e,,,,,,
NGC4464,0.23,0.0578013848208,e,,,,,,,,,
NGC4468,,,,,,,,,,,,
NGC4469,0.01,0.0270739734365,e,,,,1.07,0.218277357084,,3.09,0.633659197794,
NGC4470,0.15,0.0460977231754,e,0.12,0.0618465842036,e,1.87,0.38031171488,,4.08,0.837828129267,
NGC4472,0.17,0.0416173045058,e,0.2,0.0664003010637,e,0.67,0.140730242024,,,,
NGC4473,0.11,0.0356089882355,e,0.11,0.0474130778076,e,,,,,,
NGC4474,,,,0.11,0.0456508480012,e,,,,,,
NGC4476,0.04,0.0476759881477,e,0.09,0.0493963564848,e,0.61,0.131472432747,,1.62,0.353751327826,
NGC4477,0.08,0.0296816442803,e,0.05,0.039293764265,e,0.43,0.0952732928942,,1.07,0.256275252862,
NGC4478,,,,0.03,0.0533385407754,e,,,,,,
NGC4479,,,,0.11,0.0676757000987,e,,,,,,
NGC4480,,,,0.3,0.0834505847344,e,0.92,0.192044268843,e,3.81,0.784610084671,
NGC4482,0.09,0.0367151211768,e,,,,,,,,,
NGC4483,0.04,0.0243515913073,e,0.05,0.0500099977744,e,,,,,,
NGC4486,0.28,0.0626099039698,ec,0.23,0.062289646244,ec,0.41,0.0891571640034,,,,
NGC4488,,,,,,,0.09,0.0402492225288,,0.27,0.124338252385,
NGC4491,0.12,0.0400000008941,e,0.44,0.109999999404,e,2.78,0.559016988511,,3.9,0.833921472333,
NGC4492,0.03,0.0296141849456,e,0.1,0.0510783697924,e,0.19,0.0573846677201,,1.0,0.232725161194,
NGC4494,0.06,0.0259422434577,e,0.26,0.0590592909713,e,0.17,0.0495176727314,,0.21,0.127137717638,
NGC4496A,0.19,0.0503289176514,e,0.34,0.0788923318565,e,3.28,0.657541628077,e,9.02,1.80779017865,
NGC4497,,,,,,,,,,0.14,0.265480694687,
NGC4498,0.14,0.0417731968523,e,0.11,0.043046486849,e,1.25,0.253671047078,e,3.91,0.788885306806,
NGC4501,1.0,0.201814271145,e,1.62,0.329508725919,e,12.55,2.51036833784,e,57.58,11.5176008107,e
NGC4502,,,,0.13,0.0528393788631,ec,0.18,0.0538144964807,c,0.27,0.154728791832,c
NGC4503,0.05,0.0325729945134,e,0.12,0.0492442900227,e,0.17,0.0629682456321,,,,
NGC4506,0.05,0.0306757225601,e,,,,0.17,0.0604648666485,,0.5,0.188679619608,
NGC4516,,,,,,,,,,,,
NGC4519,0.27,0.0612943731785,ec,0.58,0.123369360775,ec,3.66,0.733443948192,ec,7.09,1.42138245594,c
NGC4521,,,,0.05,0.0287923608063,e,0.16,0.0504479931909,,0.23,0.135074057858,
NGC4522,0.11,0.0340587730644,e,0.14,0.0564358031846,e,1.3,0.262762240339,e,4.38,0.884454657082,
NGC4525,0.01,0.0310644486256,e,,,,0.26,0.0644049664915,e,1.53,0.332469540347,
NGC4526,0.34,0.0804549577271,e,0.36,0.109877203676,e,5.27,1.05612735604,,16.06,3.21462957627,
NGC4527,1.45,0.29134859804,e,2.29,0.462044362692,e,25.1,5.02016750379,e,60.16,12.0329101744,e
NGC4528,0.02,0.0272946888076,e,0.12,0.0510000013253,e,0.05,0.0519711449336,,,,
NGC4531,0.23,0.0543783047582,e,,,,0.32,0.0724706833315,,1.63,0.351710106749,
NGC4532,0.25,0.054626001087,e,0.88,0.183240278233,e,8.21,1.64251180366,e,15.24,3.05268156231,
NGC4533,,,,0.07,0.0616116859105,e,0.22,0.0895544539935,,,,
NGC4535,0.37,0.0774919359882,e,0.87,0.180499308508,e,6.53,1.30688182696,e,21.8,4.36227918297,e
NGC4536,1.37,0.275530398458,e,3.87,0.775678389845,e,29.6,5.92016358755,e,45.15,9.03223707137,e
NGC4540,0.16,0.046690470975,eC,0.12,0.0590931478729,eC,1.4,0.286148558221,C,5.91,1.19998872028,C
NGC4546,0.05,0.0316227760127,e,0.13,0.0502493788618,e,0.23,0.0679411521191,,0.52,0.242439678677,
NGC4550,,,,,,,0.1,0.0420594822508,,,,
NGC4551,,,,,,,,,,,,
NGC4552,0.14,0.0382099468015,e,0.07,0.0509607680091,e,0.17,0.0724706865803,,,,
NGC4559,0.4,0.0841189646788,e,0.61,0.127200631235,e,4.97,0.994804461444,e,21.75,4.35185351328,e
NGC4561,0.05,0.0297321383587,e,,,,1.23,0.250081990631,,2.66,0.556118708928,
NGC4562,,,,,,,,,,,,
NGC4564,0.01,0.0260768101522,e,0.06,0.0398497164444,e,,,,0.51,0.259855721657,
NGC4565,0.77,0.155708056398,e,0.82,0.166048184449,e,6.07,1.21450446,e,31.13,6.22683530452,e
NGC4567,0.64,0.13081666295,eC,1.53,0.31038684993,eC,16.37,3.27462564264,eC,52.68,10.5367775571,eC
NGC4568,0.81,0.16376812927,eC,1.48,0.299708194928,eC,15.73,3.14630758572,eC,52.57,10.5146398282,eC
NGC4569,0.53,0.108908212755,e,1.24,0.252230055612,e,6.72,1.34475309532,e,23.34,4.67495981614,e
NGC4570,0.04,0.0252982214227,e,,,,0.06,0.0388973010484,,0.1,0.0912195170332,
NGC4571,0.12,0.0332415399208,e,0.1,0.0447213588836,e,0.89,0.187523329278,e,6.07,1.32385047507,
NGC4578,,,,,,,,,,0.25,0.108240473762,
NGC4579,0.41,0.0876641309276,e,0.45,0.103942290154,e,4.21,0.843729822277,e,18.41,3.68787035795,e
NGC4580,0.18,0.0502095619721,e,,,,1.3,0.275136322002,,4.71,0.966671097746,
NGC4584,0.08,0.0384837627966,e,,,,0.22,0.0673572555984,,,,
NGC4586,0.19,0.0530377224157,e,0.13,0.0554707114144,e,0.38,0.0836719777791,,1.65,0.34511012382,
NGC4589,,,,0.05,0.0223606794418,e,0.15,0.0516139518344,,0.4,0.208000001999,
NGC4591,0.09,0.038470770091,e,,,,0.67,0.141675689173,,1.76,0.37030932899,
NGC4592,0.17,0.0460108682042,e,0.17,0.0588217652266,e,1.94,0.390957809643,e,4.96,0.999970007374,
NGC4594,0.46,0.0953362487499,e,0.57,0.119251833044,e,2.91,0.583815056323,e,14.62,2.93167526597,e
NGC4595,0.14,0.0410365686485,e,0.16,0.0671192967516,e,0.93,0.189264366806,,3.04,0.62947040561,
NGC4596,0.12,0.0353836120562,e,0.05,0.0412310554249,e,0.43,0.0952732928942,,1.1,0.266835155124,
NGC4606,0.13,0.0389486829304,e,0.2,0.058000000001,e,0.84,0.180499302465,,2.75,0.69937401273,
NGC4607,0.2,0.0456508493069,e,0.19,0.0596657353259,e,2.34,0.471220737977,,7.76,1.60246845003,
NGC4608,0.08,0.0357770888395,e,0.09,0.0438634238771,e,,,,0.14,0.129073624406,
NGC4612,0.02,0.0312569987023,e,0.13,0.0563560114355,e,,,,,,
NGC4618,0.13,0.037483329471,e,0.2,0.0477074425596,e,3.44,0.706359692085,e,11.36,2.39102670313,
NGC4621,0.16,0.038832975021,ec,0.16,0.045967379112,ec,0.08,0.0412310549913,c,0.45,0.203036938082,c
NGC4624,0.05,0.0269258244369,e,0.11,0.0456508480012,e,0.05,0.0316227760127,,0.21,0.127137717638,
NGC4625,0.11,0.0447772269968,e,0.15,0.0476340225764,e,,,,,,
NGC4627,2.29,0.459412660796,ec,2.75,0.551837838645,ec,22.97,4.60398129233,c,89.46,17.8964037298,c
NGC4629,,,,,,,0.18,0.0665732701359,,0.47,0.222800365342,
NGC4630,0.2,0.0488262234469,e,0.33,0.089872133778,e,2.44,0.49025810653,,5.21,1.05451790694,
NGC4631,,,,,,,,,,,,
NGC4633,,,,,,,3.36,0.675233272103,,5.91,1.19387936036,
NGC4636,0.11,0.0348281500022,ec,0.07,0.0433243591359,e,0.12,0.0475078947872,,0.25,0.11720068146,
NGC4638,,,,0.15,0.0508035448014,eC,-0.01,0.0340587745738,C,,,
NGC4639,0.08,0.0288444101789,e,0.15,0.0453431383692,e,1.35,0.272660966187,e,4.44,0.901084357566,
NGC4643,,,,,,,0.6,0.126178449852,,1.88,0.41729725282,
NGC4647,0.42,0.08854377227,eC,0.53,0.114389680096,eC,5.13,1.02721762399,eC,17.05,3.41338584954,C
NGC4649,0.27,0.0575847220525,eC,0.24,0.0555697754665,eC,0.43,0.0980051023915,C,11.12,2.23324537295,C
NGC4651,0.32,0.0680073512126,e,0.48,0.105190302374,e,4.67,0.934856153872,e,16.25,3.25093586529,e
NGC4654,0.94,0.190874303689,e,1.48,0.298964884578,e,11.93,2.38631877404,e,34.81,6.96328972722,e
NGC4656,0.11,0.0304138123698,e,0.36,0.078000002383,e,3.22,0.645570296351,e,7.1,1.4249775249,
NGC4660,0.08,0.0412310549913,e,,,,,,,,,
NGC4666,1.65,0.331102698404,e,2.17,0.437992024227,e,26.57,5.31419047,e,77.0,15.4011844025,e
NGC4668,,,,,,,0.63,0.135930127869,,1.55,0.343949117254,
NGC4684,0.06,0.0268328157966,e,0.51,0.118848641955,e,1.42,0.288196105108,,1.99,0.423933958172,
NGC4688,,,,,,,0.65,0.158685218039,,2.28,0.900062236906,
NGC4689,0.23,0.0528393802449,e,0.35,0.0832165848497,e,2.18,0.438018277695,e,9.8,1.9655048078,
NGC4691,0.7,0.142772544212,e,2.51,0.504686039233,e,14.49,2.89868465598,e,22.81,4.56566884748,
NGC4696,0.07,0.0269258241048,e,,,,0.18,0.0456070186638,,1.25,0.370912380475,
NGC4697,0.18,0.0456070186638,ec,0.4,0.0890000014241,ec,0.39,0.0867640447468,c,1.01,0.313694113197,c
NGC4698,0.09,0.0324499624587,e,,,,0.16,0.0438634234185,e,1.8,0.373364423891,e
NGC4701,0.23,0.0572014003536,e,0.22,0.0666033036232,e,2.81,0.563351566253,e,6.7,1.35368530257,
NGC4710,0.17,0.0446878056736,e,0.49,0.103092194036,e,5.57,1.11941773988,e,13.31,2.66988191613,
NGC4713,0.23,0.0596657354258,e,0.19,0.0710211222301,e,4.46,0.894588181295,e,10.69,2.14498779454,
NGC4720,0.04,0.0388329744454,e,,,,0.98,0.202780673652,,2.57,0.573777817489,
NGC4725,0.23,0.050159745403,e,0.18,0.0468614987251,e,1.38,0.277965824269,e,10.5,2.10348306384,e
NGC4731,0.11,0.0325576412654,e,0.15,0.0532541082973,e,2.18,0.437923522702,e,6.39,1.28586466359,e
NGC4736,3.12,0.625155957616,e,4.03,0.806943038699,e,58.67,11.7340859212,e,103.87,20.7754334449,e
NGC4746,0.37,0.0781088993635,e,0.54,0.118186297713,e,4.73,0.947069695101,e,12.31,2.47476168687,
NGC4747,0.08,0.0296816442803,e,0.26,0.0649999989569,e,1.92,0.387113669718,,4.5,0.906576527067,
NGC4753,0.3,0.065391133298,e,0.39,0.0867640447468,e,2.59,0.519391934981,e,8.63,1.73474841901,e
NGC4754,,,,0.07,0.0452216776254,e,,,,,,
NGC4758,0.06,0.0277308494675,e,,,,0.88,0.180269242321,e,2.5,0.541538550599,
NGC4762,0.09,0.0367151211768,e,0.07,0.0433243591359,e,,,,,,
NGC4765,0.09,0.0358468965789,e,0.2,0.0704556587797,e,2.27,0.457319359423,,4.87,0.984881695833,
NGC4771,0.1,0.0320156216642,e,0.05,0.0422018968276,e,0.77,0.157708588703,e,3.45,0.698247100478,
NGC4772,,,,0.22,0.0728010974191,e,0.27,0.0654599134358,e,1.31,0.279728428124,
NGC4775,0.12,0.0416173052936,e,0.15,0.0617737826493,e,3.53,0.707768318021,e,8.36,1.67801900219,
NGC4779,0.15,0.0410365705186,e,0.68,0.15678010282,e,1.95,0.394437583758,e,4.02,0.816098029671,
NGC4789A,,,,,,,0.08,0.0348855264708,,,,
NGC4791,,,,0.13,0.0765506335969,e,0.15,0.0492036597652,,,,
NGC4793,0.65,0.1329811972,e,1.33,0.268560988607,e,11.67,2.3344532703,e,28.14,5.62909438776,
NGC4795,0.09,0.034132096,e,0.13,0.0493963551575,e,,,,0.29,0.124354331148,
NGC4799,0.14,0.0432781699575,e,0.28,0.0718401015286,e,1.18,0.264304740217,,2.4,0.605442820865,
NGC4808,0.62,0.128316017023,e,0.69,0.143680199738,e,6.55,1.31064148417,e,15.74,3.15036310798,
NGC4826,1.98,0.396788360515,e,2.97,0.595278931981,e,34.98,6.99611425857,e,82.36,16.4758683236,e
NGC4845,0.41,0.0851645459376,e,0.61,0.130740202489,e,8.65,1.73055937084,e,21.17,4.23721384065,
NGC4866,0.09,0.0316227774499,e,0.06,0.0360555144078,e,0.12,0.0424381901674,,0.44,0.162828125376,
NGC4904,0.22,0.0581377664359,e,0.33,0.0798811649084,e,2.67,0.535649154063,e,7.56,1.51757832225,
NGC4941,0.16,0.0412310560393,e,0.52,0.112160595393,e,1.28,0.259262409854,e,4.39,0.887281215098,
NGC4945,5.64,1.12817726433,e,16.74,3.34808597463,e,401.2,80.2400139631,e,816.21,163.39069422,e
NGC4961,,,,0.15,0.0468614976281,e,1.08,0.223651522495,,2.99,0.608397898628,
NGC4981,0.19,0.0484148729579,e,0.37,0.095900991782,e,3.14,0.630317401396,e,10.66,2.1461453523,
NGC5010,0.37,0.0798498597426,e,0.92,0.193535529212,e,10.53,2.10659340527,,22.11,4.42496656256,
NGC5012,0.21,0.0573149191102,e,0.21,0.0504777172448,e,2.53,0.508366987602,e,8.44,1.69346972771,
NGC5014,0.09,0.0308058443217,e,0.28,0.0630634599297,e,2.24,0.449525307123,,3.73,0.758656710731,
NGC5016,0.08,0.0296816442803,e,0.1,0.0429418201647,e,1.35,0.272802130926,,3.6,0.72896911632,
NGC5023,0.61,0.124149106723,e,0.12,0.0527730975306,e,0.02,0.0611310075404,,0.25,0.180080530781,
NGC5033,1.0,0.200721199756,e,1.22,0.244663039228,e,13.63,2.72623772343,e,43.43,8.68663467976,e
NGC5055,2.11,0.422739851813,e,1.98,0.396610644103,e,29.81,5.96212099225,e,95.88,19.1785374556,e
NGC5103,0.23,0.0578013848208,eC,,,,,,,0.36,0.176366096268,C
NGC5116,0.07,0.0244131108994,e,0.14,0.040311288224,e,0.92,0.187299229146,,3.02,0.628840992898,
NGC5117,,,,0.01,0.037054015101,e,0.35,0.0843148841061,,0.89,0.22645970756,
NGC5119,0.08,0.0403112890372,e,0.08,0.0505964428454,e,0.12,0.0518844869154,,,,
NGC5122,0.17,0.047381431094,e,,,,,,,,,
NGC5128,13.13,2.62609217664,e,19.15,3.83008151553,e,151.34,30.2680058752,e,363.67,72.7387382805,e
NGC5145,0.43,0.0914166298582,e,0.63,0.128654575463,e,6.17,1.23513765937,,12.65,2.5339259292,
NGC5147,0.13,0.037483329471,e,0.28,0.0744110200247,e,2.75,0.551920284107,e,7.31,1.46998400184,
NGC5194,2.71,0.54253111273,eC,3.94,0.788365408961,eC,40.39,8.07816724437,eC,153.22,30.6561497896,eC
NGC5195,0.92,0.186271310673,eC,3.57,0.714716713832,eC,40.17,8.03543739408,eC,131.21,27.1818695087,eC
NGC5236,6.62,1.32425523953,e,23.14,4.62813989309,e,136.94,27.3880425505,e,289.01,57.8208440413,e
NGC5240,0.07,0.0322024836506,e,,,,0.3,0.0699714239852,,1.38,0.292882227134,
NGC5248,1.1,0.223089672852,e,1.85,0.371845402774,e,16.93,3.38629907325,e,50.43,10.0874158351,e
NGC5273,0.04,0.0252982214227,e,0.18,0.0421900473779,e,0.81,0.165737745143,,1.38,0.289387282094,
NGC5290,0.08,0.0272029407107,e,0.21,0.0504777172448,e,1.25,0.253842470794,e,5.94,1.19575918529,
NGC5300,,,,0.2,0.0524976206445,e,0.87,0.177890416738,e,3.91,0.787629371115,
NGC5301,0.19,0.042941820477,e,0.3,0.0629364779987,e,1.99,0.39936574904,e,8.03,1.60752475207,
NGC5334,,,,0.11,0.0447772269968,e,0.71,0.148660683303,e,3.52,0.721512298528,
NGC5338,0.08,0.0322490315662,e,0.13,0.0572450858427,e,0.41,0.0916787869442,,0.6,0.200800898019,
NGC5347,0.31,0.0657875372231,e,0.92,0.187683247158,e,1.44,0.291192387808,,2.92,0.602216753161,
NGC5348,0.05,0.0260000002499,e,0.07,0.0395600813568,e,0.24,0.0599999982119,,0.74,0.197648677826,
NGC5350,4.13,0.826441188379,eC,0.57,0.117881294672,e,2.16,0.433183581093,e,8.44,1.69284604091,
NGC5353,-0.03,0.0473814293486,eC,0.04,0.0398120592271,eC,-0.22,0.0681175461287,C,1.57,0.341790883489,C
NGC5354,0.3,0.0710211249787,eC,0.21,0.0540370244878,eC,0.79,0.161012425995,C,6.09,1.22524000697,C
NGC5355,,,,0.09,0.0402492225288,e,,,,0.64,0.187491327173,
NGC5356,0.1,0.036055512362,e,0.16,0.0445533379536,e,0.47,0.106943909868,e,2.21,0.453171057154,
NGC5358,,,,,,,,,,0.09,0.124310099596,
NGC5360,,,,0.04,0.0545893776152,e,,,,,,
NGC5363,0.15,0.0390512495338,e,0.17,0.0509901944638,e,1.69,0.340477617222,e,4.95,1.00175292542,
NGC5364,0.11,0.0311126982036,e,0.24,0.0678822505303,e,2.06,0.413569813282,e,12.52,2.50611760668,e
NGC5398,0.06,0.0268328157966,e,0.24,0.0560802982214,e,1.48,0.301438222961,e,2.47,0.630013498033,
NGC5408,,,,0.43,0.0917605598464,e,2.82,0.565488271348,,3.2,0.720069455582,
NGC5426,0.06,0.0332415397079,ec,0.49,0.10701869229,ec,5.74,1.14876799,c,18.06,3.61430273035,c
NGC5427,0.35,0.0765571668866,ec,0.53,0.113296066637,ec,6.09,1.21886835809,c,18.04,3.60996209425,c
NGC5457,0.79,0.158808064595,e,0.88,0.177022596414,e,9.23,1.84616918564,e,48.47,9.79229781908,e
NGC5474,0.04,0.0187882949879,e,0.12,0.0325576407162,e,1.32,0.265813854995,e,5.01,1.00458354122,
NGC5477,,,,0.08,0.0248394839991,e,0.3,0.0694622220817,,0.54,0.133809571786,
NGC5480,0.27,0.0579396256447,ec,0.39,0.0802807544214,ec,3.66,0.73309209862,c,10.04,2.01687505009,c
NGC5481,0.07,0.0244131108994,e,0.23,0.0493963566356,e,0.75,0.154738488771,,1.29,0.340364506571,
NGC5485,,,,,,,0.14,0.0432781699575,,0.53,0.149201200057,
NGC5486,0.04,0.0215406587471,e,0.08,0.0296816442803,e,0.47,0.103368274053,,1.27,0.292473925081,
NGC5496,,,,,,,0.54,0.121655255211,,1.99,0.458680718553,
NGC5506,1.26,0.253550782068,e,3.58,0.7181865902,e,7.93,1.58655598422,,8.21,1.66758658847,
NGC5507,,,,,,,,,,8.23,1.67438487376,
NGC5529,0.21,0.0483735454548,e,0.18,0.0398120601628,e,1.75,0.351459812919,e,7.76,1.55786043776,e
NGC5560,0.18,0.0444072080961,e,0.22,0.053254107248,e,1.66,0.334400950202,,4.96,1.00022398326,
NGC5566,0.12,0.0339411252651,ec,0.12,0.0510000013253,ec,0.82,0.167287176792,ec,6.08,1.22403266421,c
NGC5569,,,,0.08,0.0468187992966,e,,,,5.83,1.18137883996,
NGC5574,,,,,,,,,,,,
NGC5576,,,,0.06,0.037000000054,eC,,,,,,
NGC5577,,,,,,,0.51,0.110308655886,e,2.0,0.417612259586,
NGC5582,0.05,0.0223606794418,e,0.09,0.0284253411678,e,0.08,0.0357770888395,,,,
NGC5584,0.12,0.0318904368481,e,0.23,0.0554707134023,e,1.85,0.372490273234,e,5.74,1.17685381277,
NGC5636,0.07,0.0304138133007,e,,,,0.17,0.0502493786987,,0.4,0.144222049448,
NGC5638,,,,0.05,0.0335261107237,ec,0.12,0.0400000008941,c,0.35,0.141523851943,c
NGC5645,0.37,0.0777946023266,e,0.08,0.0348855264708,e,2.11,0.423891474579,e,4.98,1.00457802429,
NGC5658,0.08,0.0296816442803,ec,,,,0.46,0.0984327197507,c,1.35,0.292308062409,c
NGC5667,0.09,0.0240831901971,e,0.11,0.0278028780195,e,1.34,0.268901475587,,3.3,0.663915647477,
NGC5668,0.12,0.0376430594646,e,0.2,0.0518555689958,e,2.48,0.497860426133,e,6.87,1.38032602559,
NGC5669,0.07,0.0260768095522,e,0.11,0.0413400532799,e,1.66,0.33464607501,e,5.04,1.019545479,
NGC5689,0.08,0.0240831883409,e,,,,0.38,0.0813449433379,,1.32,0.296514766896,
NGC5690,0.48,0.0997246189556,e,0.54,0.112089254109,e,6.06,1.21242235725,e,17.32,3.46711761801,
NGC5691,0.15,0.0410365705186,e,0.43,0.0980051023915,e,3.48,0.703147214748,,6.91,1.4069896641,
NGC5693,0.08,0.0322490315662,e,,,,0.4,0.0854400383339,,1.3,0.285524071156,
NGC5701,,,,0.08,0.0375765899757,e,0.28,0.0644980629475,,1.46,0.314567964276,
NGC5705,,,,,,,0.5,0.121494854877,,1.59,0.456845718147,
NGC5713,0.95,0.191637676652,e,2.69,0.539878701631,e,21.08,4.2165010223,e,36.99,7.40160590479,
NGC5719,0.46,0.0950789162596,e,0.79,0.162742131665,e,8.08,1.61640092507,e,18.04,3.61045070893,e
NGC5728,0.27,0.0590931488563,e,0.83,0.170519790507,e,7.71,1.54244384778,e,14.97,2.99760659856,
NGC5740,0.16,0.0438634234185,e,0.28,0.0635295205906,e,2.78,0.558616141718,e,6.78,1.37278261734,
NGC5746,0.18,0.0450000015646,e,0.14,0.040311288224,e,1.26,0.254848972817,e,9.75,1.95982550192,e
NGC5750,0.05,0.0260000002499,e,,,,0.53,0.112271985919,,2.38,0.492651015242,
NGC5777,0.15,0.0344818807918,e,0.18,0.0393954328231,e,2.03,0.406768970513,,5.09,1.0211386105,
NGC5850,0.08,0.0248394839991,e,0.09,0.033286635068,e,0.73,0.149683002048,,4.17,0.843917664052,
NGC5866,0.24,0.0502891627187,e,0.23,0.048383882303,e,4.8,0.960275519444,,16.68,3.33671356382,
NGC5899,0.28,0.0585235000501,e,0.39,0.0816088203793,e,3.31,0.663268410932,e,11.47,2.30452516682,
NGC5907,0.77,0.154935466748,e,0.97,0.194743426722,e,7.55,1.51025961849,e,36.03,7.20737909938,e
NGC5953,0.52,0.106512906301,eC,1.22,0.246357469783,eC,10.8,2.16046873732,C,20.2,4.04205915731,C
NGC5954,0.57,0.117153743908,eC,1.21,0.243852421871,eC,10.77,2.15455735461,C,19.7,3.94191960893,C
NGC6143,0.04,0.0196977148229,e,0.11,0.0297321371057,e,0.8,0.163168627071,,2.78,0.565642991721,
NGC6221,1.89,0.380326172896,e,6.06,1.21232337778,e,37.68,7.53653746229,e,80.46,16.1020210572,
NGC6300,0.88,0.179254009132,e,2.24,2.60382973623,e,13.55,2.71112231502,e,38.85,7.7824478961,e
NGC6673,0.03,0.0257099205953,e,,,,0.09,0.108503457049,,1.22,0.374422232344,
NGC6703,0.06,0.0250599279392,e,,,,,,,,,
NGC6798,0.06,0.024186772866,e,,,,,,,,,
NGC6814,0.37,0.0777946023266,e,0.58,0.120070809084,e,5.06,1.01402168479,e,18.36,3.70780000742,
NGC6822,0.15,0.0335410205788,e,0.97,0.195604197907,e,9.0,1.80061350652,e,15.81,3.50750175353,e
NGC6946,3.63,0.72619903144,e,8.61,1.72212797536,e,63.01,12.6020663599,e,170.66,34.1436805721,e
NGC7090,0.2,0.0447213598832,e,0.47,0.0975294826351,e,5.5,1.10062209683,e,17.14,3.43211409518,e
NGC7172,0.4,0.087726849249,e,0.77,0.157496027929,e,5.46,1.12275777464,,12.73,3.00276198825,
NGC7213,0.51,0.10604244227,e,0.7,0.141876704693,e,2.45,0.492646941784,e,7.97,1.59921132577,
NGC7314,0.24,0.0528015141048,e,0.65,0.134629115613,e,3.43,0.686997102143,e,13.33,2.66883587346,
NGC7320,0.09,0.0375898924439,ec,0.19,0.0496789700078,ec,0.54,0.119436178898,c,2.81,0.611494060092,c
NGC7331,1.25,0.252168594373,e,1.84,0.369303404915,e,22.6,4.52024442808,e,87.38,17.4814623475,e
NGC7463,0.08,0.0384837627966,ec,0.17,0.0742428446189,ec,3.69,0.74140745695,c,7.26,1.49989337063,c
NGC7465,0.24,0.0612209098604,e,0.4,0.0903548567769,e,3.64,0.730985656837,,6.87,1.40468499479,
NGC7552,2.94,0.588574560686,e,12.41,2.48218126825,e,68.04,13.6080848389,e,106.91,21.3828990392,e
NGC7582,1.72,0.345305667339,e,6.56,1.31223815292,e,47.34,9.4681166859,e,74.34,14.8690291283,
NGC7625,0.61,0.124951993725,e,1.13,0.230436541655,e,8.96,1.79287479416,e,19.15,3.83248527912,
NGC7667,,,,,,,0.3,0.0774661226635,,0.29,0.121708668435,
NGC7689,0.18,0.0393954328231,e,0.25,0.0531413207599,e,2.85,0.570737223429,e,9.78,1.95850371227,
NGC7690,0.11,0.0348281500022,e,0.26,0.0610573492621,e,2.09,0.419723701447,,4.44,0.897757216699,
NGC7694,0.08,0.0393954296458,e,0.2,0.0771751255294,e,0.87,0.180499308508,,2.75,0.584216568388,
NGC7710,,,,0.06,0.0710211238667,e,0.05,0.0568858523411,,,,
NGC7714,0.47,0.115433964581,e,2.85,0.574655529948,e,10.62,2.12471195759,,12.27,2.45787722403,
NGC7715,0.31,0.126269552656,e,2.81,0.566342641145,e,6.84,1.36906540518,,11.13,2.23008993167,
NGC7716,,,,0.21,0.0630317359635,e,0.65,0.137898508942,,1.8,0.393954301905,
NGC7721,0.28,0.0626099039698,e,0.4,0.0965194298678,e,3.1,0.622434716509,e,11.4,2.28454276614,
NGC7755,0.22,0.0496487661586,e,0.27,0.0622655619129,e,2.61,0.523239885697,e,8.33,1.67075789678,
NGC7757,0.05,0.0325729945134,e,,,,1.1,0.226061943302,,3.7,0.766031339887,
NGC7764,,,,,,,,,,,,
NGC7793,0.92,0.185970431161,e,0.66,0.135823420226,e,9.01,1.8029656583,e,41.56,8.31460236979,e
PGC007045,,,,0.19,0.0573846677201,e,0.18,0.0502095619721,,1.06,0.24166090783,
PGC008962,,,,0.56,0.123065023502,e,0.08,0.0421544784254,,0.45,0.167275223241,
PGC009485,,,,,,,,,,,,
PGC012608,,,,,,,0.02,0.0292745614978,,0.31,0.135959552443,
PGC013058,,,,,,,0.07,0.0386264144089,,0.33,0.104484450445,
PGC013084,,,,0.05,0.0241660919003,e,,,,,,
PGC013097,0.07,0.0244131108994,e,0.05,0.0287923608063,e,,,,0.41,0.132438666291,
PGC013146,0.06,0.0259422434577,e,,,,,,,0.22,0.0801560989735,
PGC013230,,,,,,,,,,0.18,0.142618368904,
PGC013343,0.1,0.0304795015375,e,0.06,0.0259422434577,e,,,,0.56,0.290461707777,
PGC013635,0.12,0.0312409980053,e,,,,0.06,0.0259422434577,,,,
PGC027066,,,,,,,,,,,,
PGC028759,,,,,,,,,,,,
PGC029653,0.06,0.0259422434577,e,0.05,0.0325729945134,e,0.21,0.0534134803027,,0.56,0.199421669511,
PGC034407,,,,,,,,,,,,
PGC039052,,,,0.1,0.0538516488738,e,0.1,0.0538516488738,,0.34,0.121757959935,
PGC039799,,,,,,,,,,0.28,0.161049675376,
PGC040045,,,,0.11,0.0447772269968,e,0.07,0.036769554353,,0.2,0.0921357667971,
PGC040074,0.06,0.0341760163102,e,0.18,0.0850000002279,e,,,,,,
PGC040547,,,,0.2,0.0551724564871,eC,,,,,,
PGC040659,,,,,,,,,,,,
PGC040759,0.07,0.0331058901321,e,,,,0.13,0.0681542374184,,,,
PGC040819,0.01,0.0300665920847,e,,,,,,,0.27,0.163193137033,
PGC040821,,,,,,,,,,,,
PGC041994,,,,,,,,,,,,
PGC042068,,,,,,,0.08,0.0375765899757,,,,
PGC042147,0.13,0.0404598556473,e,,,,0.14,0.069856999619,,,,
PGC042160,,,,0.06,0.0436806587175,e,0.1,0.0438292148536,,0.49,0.180013883592,
PGC042902,0.14,0.0538516482097,eC,,,,,,,,,
PGC043526,,,,-0.09,0.0588217665439,e,0.21,0.059396968292,,0.56,0.142435950598,
PGC044532,0.13,0.0353836114666,e,0.44,0.0929731137257,e,1.84,0.369567321389,,2.47,0.503626851102,
PGC046875,0.01,0.0330605503284,e,,,,0.14,0.0599416377849,,0.22,0.196002550602,
PGC065367,,,,,,,0.17,0.0532634970424,,0.14,0.110602894051,
PGC072006,0.13,0.0502493788618,e,,,,0.07,0.0586941224065,,0.07,0.0772787139529,
PGC090942,,,,0.4,0.144222049448,e,9.16,2.10022684163,,19.38,3.97243938999,
PGC091228,,,,,,,0.04,0.0359026462475,,,,
PGC093080,0.74,0.151855196454,eC,2.95,0.592466042406,eC,31.59,6.31829449976,C,48.44,9.69036297973,C
PGC093119,,,,0.12,0.0510000013253,eC,,,,0.35,0.127027554364,C
PGC166069,,,,0.17,0.0540370241293,e,0.46,0.275797018381,,4.91,1.99449736477,
PGC166071,,,,,,,,,,,,
PGC166077,0.08,0.0348855264708,e,,,,,,,,,
PGC166755,0.11,0.0657875358188,e,0.07,0.0304138133007,e,0.73,0.158230847806,,2.95,2.21887826393,
PGC166861,,,,,,,0.42,0.105603030016,,,,
PGC2807061,,,,,,,,,,,,
SDSSJ121727.85+071937.6,0.03,0.0355105619333,e,0.13,0.0528393788631,e,,,,0.16,0.148489052607,
SDSSJ140459.26+533838.8,0.06,0.0192093722829,eC,0.13,0.0316227753765,eC,0.96,0.194030921248,eC,5.0,1.00280855623,C
SDSSJ140638.13+545947.6,,,,0.07,0.0349284998095,e,0.03,0.0315753062848,,0.71,0.19319678585,
UGC00300,0.03,0.0414366998113,e,0.11,0.0657875358188,e,,,,0.12,0.0979846913949,
UGC00313,,,,,,,0.32,0.0782368198346,,0.77,0.254007877174,
UGC00320,,,,0.3,0.0914385041849,ec,,,,,,
UGC00772,0.09,0.0484664851901,e,0.1,0.064195016127,e,,,,,,
UGC00931,0.21,0.0534134803027,e,0.14,0.0617170962853,e,,,,,,
UGC02392,-0.02,0.0263058933925,e,,,,0.08,0.0468187992966,,0.53,0.217568375186,
UGC02826,0.19,0.0668505791372,e,0.21,0.066843099879,e,2.46,0.5435301375,,4.63,1.30532604092,
UGC03016,,,,,,,0.35,0.122065556694,,,,
UGC03701,,,,,,,,,,,,
UGC03960,,,,,,,0.11,0.0592368125575,,,,
UGC04305,0.11,0.0318276608756,e,0.15,0.0360555134986,e,1.22,0.246497470175,,2.57,0.522524626855,
UGC04483,0.07,0.0349284998095,e,,,,0.18,0.0502095619721,,,,
UGC04549,,,,,,,0.67,0.144100662137,,2.03,0.67240762166,
UGC04551,,,,,,,,,,0.18,0.136821050698,
UGC04684,0.48,0.0997246189556,e,0.1,0.041182519354,e,0.35,0.0884081443329,,0.9,0.273561690267,
UGC05139,,,,0.08,0.0248394839991,e,0.1,0.0368917332272,,,,
UGC05336,,,,-0.01,0.0191049725623,e,,,,,,
UGC05340,-0.06,0.0286356425012,e,,,,0.06,0.0427200197381,,,,
UGC05364,0.43,0.0892860585761,eC,0.07,0.0358468965165,eC,0.04,0.0310483486985,C,,,
UGC05373,,,,0.11,0.0474130778076,e,0.17,0.0446878056736,,0.53,0.163893254245,
UGC05423,0.06,0.0233238070581,e,,,,0.42,0.0998599004139,,,,
UGC05454,0.09,0.0276586336224,e,,,,0.06,0.037947330367,,0.28,0.110276923244,
UGC05570,,,,,,,0.1,0.0465188130153,,,,
UGC05612,0.04,0.0196977148229,e,0.05,0.0214709100823,e,0.4,0.0854400383339,,1.6,0.372667415956,
UGC05686,0.06,0.0295465739364,e,0.07,0.0277848881891,e,0.11,0.0528015154594,,0.48,0.382251230366,
UGC05689,,,,,,,0.56,0.130510537239,,,,
UGC05692,,,,,,,,,,,,
UGC05720,0.23,0.0538516492335,e,1.0,0.202388240688,e,4.73,0.947483512865,,5.64,1.13690278436,
UGC05846,,,,,,,0.0,0.0379999987781,,0.24,0.0958801302283,
UGC05955,,,,0.03,0.0208806125511,e,,,,0.68,0.445277437272,
UGC05958,,,,,,,0.18,0.0616116886435,,0.53,0.191927063341,
UGC05990,0.06,0.0268328157966,e,0.08,0.0348855264708,e,0.38,0.0854224789959,,0.72,0.172513771686,
UGC06016,,,,,,,0.73,0.152777620334,,7.77,1.55951177855,
UGC06023,0.09,0.0324499624587,e,,,,1.54,0.313229939986,,3.59,0.748361525894,
UGC06324,,,,,,,,,,,,
UGC06341,,,,,,,,,,,,
UGC06566,0.51,0.105019044128,e,-0.01,0.0310644486256,e,,,,0.29,0.0972008233374,
UGC06575,0.06,0.0268328157966,e,,,,0.31,0.0688767015681,,0.81,0.194699770826,
UGC06728,0.04,0.0262488097971,e,0.19,0.0449444098167,e,0.12,0.0441021542505,,,,
UGC06879,,,,0.1,0.0785875285301,e,0.3,0.0762167969337,,0.92,0.234266941796,
UGC06919,0.02,0.0194164872227,e,0.13,0.0382099463335,e,0.13,0.0493963551575,,0.02,0.110072702648,
UGC06998,,,,0.11,0.0555427753851,e,0.08,0.0524976195942,,,,
UGC07035,0.21,0.0579999984338,ec,,,,0.31,0.0891066801549,c,0.38,0.154922565508,c
UGC07086,0.11,0.0325576412654,e,0.18,0.0438292153891,e,0.93,0.193403724023,,2.39,0.625859434237,
UGC07089,,,,,,,,,,,,
UGC07094,,,,,,,,,,,,
UGC07178,0.06,0.037947330367,e,,,,,,,0.15,0.116914497078,
UGC07184,,,,,,,,,,,,
UGC07249,,,,,,,,,,,,
UGC07321,0.05,0.0287923608063,e,,,,0.28,0.0676756967739,,0.85,0.221503956943,
UGC07387,0.27,0.0622655619129,e,0.09,0.0540832684707,e,0.26,0.0638200582648,,0.61,0.169035500387,
UGC07396,,,,,,,,,,,,
UGC07411,0.07,0.0386264144089,e,,,,,,,,,
UGC07422,,,,0.13,0.0653911292874,e,0.41,0.0965660384681,,0.88,0.208614478018,
UGC07436,,,,,,,,,,0.33,0.140470636945,
UGC07522,,,,,,,0.39,0.0867640447468,,1.89,0.388336192123,
UGC07579,0.07,0.0313049524847,e,0.11,0.0667308034001,e,0.34,0.0804549577271,,0.96,0.224839938724,
UGC07596,,,,0.18,0.0734302423535,e,,,,0.15,0.110163513952,
UGC07636,-0.2,0.0558659118824,e,,,,,,,,,
UGC07688,-0.01,0.0340587745738,e,0.18,0.0640702742046,e,,,,,,
UGC07700,,,,,,,0.26,0.0644049664915,,0.56,0.188806775887,
UGC07795,,,,0.09,0.0722772444651,e,,,,,,
UGC07802,,,,,,,0.14,0.0555697763783,,0.22,0.127812359869,
UGC07916,0.06,0.0323109881206,e,0.02,0.0272946888076,e,0.05,0.039293764265,,0.24,0.116361504079,
UGC07982,0.02,0.0253179781561,e,,,,0.24,0.0576888203578,,1.04,0.264877326912,
UGC07991,,,,0.16,0.0585234980895,e,0.2,0.0558659118824,,0.36,0.15300000608,
UGC08032,0.02,0.0332415400889,e,0.16,0.0536003738775,e,0.11,0.0500899206996,,0.53,0.217568375186,
UGC08042,,,,0.03,0.0503587139718,e,0.04,0.0486621006245,,0.27,0.150986757603,
UGC08181,,,,,,,,,,-0.06,0.110652608927,
UGC08201,,,,0.02,0.0184390881388,e,,,,,,
UGC08246,,,,,,,0.09,0.0393573377679,,0.58,0.161941343644,
UGC08333,0.06,0.0268328157966,e,,,,0.07,0.0395600813568,,,,
UGC08412,0.08,0.0305286753144,e,0.06,0.0332415397079,e,,,,,,
UGC08630,0.12,0.0416173052936,e,,,,0.56,0.117643529339,,1.4,0.315778398095,
UGC08662,,,,,,,0.25,0.0828009658929,,0.51,0.199970001801,
UGC08693,,,,0.33,0.0751797860771,e,0.24,0.0678822505303,,0.68,0.206206209312,
UGC08756,,,,0.1,0.0438292148536,e,0.34,0.0783900514098,,0.89,0.194743419801,
UGC08857,,,,0.07,0.0567538542205,e,0.18,0.0640702742046,,0.55,0.163526757339,
UGC09242,,,,,,,0.17,0.037161808544,,0.72,0.156387345177,
UGC09299,0.11,0.0340587730644,e,0.22,0.0712179764709,e,0.23,0.0590338895217,,0.68,0.159326707945,
UGC09310,,,,,,,0.0,0.0370000004768,,0.44,0.149616174785,
UGC09392,,,,,,,,,,,,
UGC09426,,,,,,,,,,,,
UGC09470,,,,,,,0.17,0.0460108682042,,0.38,0.153182897883,
UGC09482,,,,,,,,,,,,
UGC10854,,,,,,,0.07,0.0252388587257,,,,
UGC12160,0.18,0.05234500941,e,0.19,0.0523450079012,e,1.7,3.95563912487,,15.92,14.5291714124,
UGC12313,,,,,,,,,,6.94,1.96080825308,
UGC12690,,,,,,,0.13,0.06083584402,,,,
UGC12709,,,,,,,0.14,0.0538516482097,,0.35,0.140655608376,
