<?xml version="1.0"?>
<VOTABLE version="1.1" xsi:schemaLocation="http://www.ivoa.net/xml/VOTable/v1.1" xmlns:xsi="http://www.w3.org/2001/XMLSchema-instance">
  <INFO name="QUERY_STATUS" value="OK"/>
  <RESOURCE type="results">
    <PARAM name="FilterProfileService" value="ivo://svo/fps" ucd="meta.ref.ivorn" utype="PhotometryFilter.fpsIdentifier" datatype="char" arraysize="*"/>
    <PARAM name="filterID" value="CAHA/CAHA.656_1" ucd="meta.id" utype="photdm:PhotometryFilter.identifier" datatype="char" arraysize="*"/>
    <PARAM name="WavelengthUnit" value="Angstrom" ucd="meta.unit" utype="PhotometryFilter.SpectralAxis.unit" datatype="char" arraysize="*"/>
    <PARAM name="WavelengthUCD" value="em.wl" ucd="meta.ucd" utype="PhotometryFilter.SpectralAxis.UCD" datatype="char" arraysize="*"/>
    <PARAM name="Description" value="CAHA 656.1, H alpha" ucd="meta.note" utype="photdm:PhotometryFilter.description" datatype="char" arraysize="*"/>
    <PARAM name="PhotSystem" value="CAHA" utype="photdm:PhotometricSystem.description" datatype="char" arraysize="*">
       <DESCRIPTION>Photometric system</DESCRIPTION>
    </PARAM>
    <PARAM name="Facility" value="CAHA" ucd="instr.obsty" datatype="char" arraysize="*">
       <DESCRIPTION>Observational facility</DESCRIPTION>
    </PARAM>
    <PARAM name="ProfileReference" value="http://www.caha.es/CAHA/Instruments/filterlist.html" datatype="char" arraysize="*"/>
    <PARAM name="Description" value="CAHA 656.1, H alpha" ucd="meta.note" utype="photdm:PhotometryFilter.description" datatype="char" arraysize="*"/>
    <PARAM name="WavelengthMean" value="6562.4877709" unit="Angstrom" ucd="em.wl" utype="photdm:PhotometryFilter.SpectralAxis.Coverage.Location.Value" datatype="float" >
       <DESCRIPTION>Mean wavelength. Defined as integ[x*filter(x) dx]/integ[filter(x) dx]</DESCRIPTION>
    </PARAM>
    <PARAM name="WavelengthEff" value="6562.32618024" unit="Angstrom" ucd="em.wl.effective" datatype="float" >
       <DESCRIPTION>Effective wavelength. Defined as integ[x*filter(x)*vega(x) dx]/integ[filter(x)*vega(x) dx]</DESCRIPTION>
    </PARAM>
    <PARAM name="WavelengthMin" value="6543.48" unit="Angstrom" ucd="em.wl;stat.min" utype="photdm:PhotometryFilter.SpectralAxis.Coverage.Bounds.Start" datatype="float" >
       <DESCRIPTION>Minimum filter wavelength. Defined as the first lambda value with a transmission at least 1% of maximum transmission</DESCRIPTION>
    </PARAM>
    <PARAM name="WavelengthMax" value="6582.14" unit="Angstrom" ucd="em.wl;stat.max" utype="photdm:PhotometryFilter.SpectralAxis.Coverage.Bounds.Stop" datatype="float" >
       <DESCRIPTION>Maximum filter wavelength. Defined as the last lambda value with a transmission at least 1% of maximum transmission</DESCRIPTION>
    </PARAM>
    <PARAM name="WidthEff" value="11.9445824592" unit="Angstrom" ucd="instr.bandwidth" utype="photdm:PhotometryFilter.SpectralAxis.Coverage.Bounds.Extent" datatype="float" >
       <DESCRIPTION>Effective width. Defined as integ[x*filter(x) dx].\nEquivalent to the horizontal size of a rectangle with height equal to maximum transmission and with the same area that the one covered by the filter transmission curve.</DESCRIPTION>
    </PARAM>
    <PARAM name="WavelengthCen" value="6562.45121567" unit="Angstrom" ucd="em.wl" datatype="float" >
       <DESCRIPTION>Central wavelength. Defined as the central wavelength between the two points defining FWMH</DESCRIPTION>
    </PARAM>
    <PARAM name="WavelengthPivot" value="6562.48581827" unit="Angstrom" ucd="em.wl" datatype="float" >
       <DESCRIPTION>Peak wavelength. Defined as sqrt{integ[x*filter(x) dx]/integ[filter(x) dx/x]}</DESCRIPTION>
    </PARAM>
    <PARAM name="WavelengthPeak" value="6562.28" unit="Angstrom" ucd="em.wl" datatype="float" >
       <DESCRIPTION>Peak wavelength. Defined as the lambda value with larger transmission</DESCRIPTION>
    </PARAM>
    <PARAM name="WavelengthPhot" value="6562.33046658" unit="Angstrom" ucd="em.wl" datatype="float" >
       <DESCRIPTION>Photon distribution based effective wavelength. Defined as integ[x^2*filter(x)*vega(x) dx]/integ[x*filter(x)*vega(x) dx]</DESCRIPTION>
    </PARAM>
    <PARAM name="FWHM" value="10.7189662656" unit="Angstrom" ucd="instr.bandwidth" datatype="float" >
       <DESCRIPTION>Full width at half maximum. Defined as the difference between the two wavelengths for which filter transmission is half maximum</DESCRIPTION>
    </PARAM>
    <PARAM name="PhotCalID" value="CAHA/CAHA.656_1/Vega" ucd="meta.id" utype="photdm:PhotCal.identifier" datatype="char" arraysize="*"/>
    <PARAM name="MagSys" value="Vega" ucd="meta.code" utype="photdm:PhotCal.MagnitudeSystem.type" datatype="char" arraysize="*"/>
    <PARAM name="ZeroPoint" value="2023.53748652" unit="Jy" ucd="phot.flux.density" utype="photdm:PhotCal.ZeroPoint.Flux.value" datatype="float" />
    <PARAM name="ZeroPointUnit" value="Jy" ucd="meta.unit" utype="photdm:PhotCal.ZeroPoint.Flux.unit" datatype="char" arraysize="*"/>
    <PARAM name="ZeroPointType" value="Pogson" ucd="meta.code" utype="photdm:PhotCal.ZeroPoint.type" datatype="char" arraysize="*"/>
    <TABLE utype="photdm:PhotometryFilter.transmissionCurve.spectrum">
      <FIELD name="Wavelength" utype="spec:Data.SpectralAxis.Value" ucd="em.wl" unit="Angstrom" datatype="float"/>
      <FIELD name="Transmission" utype="spec:Data.FluxAxis.Value" ucd="phys.transmission" unit="" datatype="float"/>
      <DATA>
        <TABLEDATA>
          <TR>
            <TD>6543.480000</TD>
            <TD>0.004318</TD>
          </TR>
          <TR>
            <TD>6543.740000</TD>
            <TD>0.004523</TD>
          </TR>
          <TR>
            <TD>6544.000000</TD>
            <TD>0.004712</TD>
          </TR>
          <TR>
            <TD>6544.260000</TD>
            <TD>0.004873</TD>
          </TR>
          <TR>
            <TD>6544.520000</TD>
            <TD>0.005206</TD>
          </TR>
          <TR>
            <TD>6544.780000</TD>
            <TD>0.005345</TD>
          </TR>
          <TR>
            <TD>6545.050000</TD>
            <TD>0.005627</TD>
          </TR>
          <TR>
            <TD>6545.310000</TD>
            <TD>0.005882</TD>
          </TR>
          <TR>
            <TD>6545.570000</TD>
            <TD>0.006234</TD>
          </TR>
          <TR>
            <TD>6545.830000</TD>
            <TD>0.006478</TD>
          </TR>
          <TR>
            <TD>6546.090000</TD>
            <TD>0.006894</TD>
          </TR>
          <TR>
            <TD>6546.350000</TD>
            <TD>0.007245</TD>
          </TR>
          <TR>
            <TD>6546.610000</TD>
            <TD>0.007672</TD>
          </TR>
          <TR>
            <TD>6546.870000</TD>
            <TD>0.008070</TD>
          </TR>
          <TR>
            <TD>6547.130000</TD>
            <TD>0.008392</TD>
          </TR>
          <TR>
            <TD>6547.400000</TD>
            <TD>0.009154</TD>
          </TR>
          <TR>
            <TD>6547.660000</TD>
            <TD>0.009504</TD>
          </TR>
          <TR>
            <TD>6547.920000</TD>
            <TD>0.010241</TD>
          </TR>
          <TR>
            <TD>6548.180000</TD>
            <TD>0.010702</TD>
          </TR>
          <TR>
            <TD>6548.440000</TD>
            <TD>0.011573</TD>
          </TR>
          <TR>
            <TD>6548.700000</TD>
            <TD>0.012402</TD>
          </TR>
          <TR>
            <TD>6548.960000</TD>
            <TD>0.013101</TD>
          </TR>
          <TR>
            <TD>6549.220000</TD>
            <TD>0.014014</TD>
          </TR>
          <TR>
            <TD>6549.490000</TD>
            <TD>0.015211</TD>
          </TR>
          <TR>
            <TD>6549.750000</TD>
            <TD>0.016075</TD>
          </TR>
          <TR>
            <TD>6550.010000</TD>
            <TD>0.017258</TD>
          </TR>
          <TR>
            <TD>6550.270000</TD>
            <TD>0.018503</TD>
          </TR>
          <TR>
            <TD>6550.530000</TD>
            <TD>0.019955</TD>
          </TR>
          <TR>
            <TD>6550.790000</TD>
            <TD>0.021476</TD>
          </TR>
          <TR>
            <TD>6551.050000</TD>
            <TD>0.023486</TD>
          </TR>
          <TR>
            <TD>6551.310000</TD>
            <TD>0.025236</TD>
          </TR>
          <TR>
            <TD>6551.580000</TD>
            <TD>0.027272</TD>
          </TR>
          <TR>
            <TD>6551.840000</TD>
            <TD>0.029494</TD>
          </TR>
          <TR>
            <TD>6552.100000</TD>
            <TD>0.032401</TD>
          </TR>
          <TR>
            <TD>6552.360000</TD>
            <TD>0.035176</TD>
          </TR>
          <TR>
            <TD>6552.620000</TD>
            <TD>0.038373</TD>
          </TR>
          <TR>
            <TD>6552.880000</TD>
            <TD>0.041923</TD>
          </TR>
          <TR>
            <TD>6553.140000</TD>
            <TD>0.046163</TD>
          </TR>
          <TR>
            <TD>6553.400000</TD>
            <TD>0.050294</TD>
          </TR>
          <TR>
            <TD>6553.670000</TD>
            <TD>0.055027</TD>
          </TR>
          <TR>
            <TD>6553.930000</TD>
            <TD>0.060392</TD>
          </TR>
          <TR>
            <TD>6554.190000</TD>
            <TD>0.066212</TD>
          </TR>
          <TR>
            <TD>6554.450000</TD>
            <TD>0.073257</TD>
          </TR>
          <TR>
            <TD>6554.710000</TD>
            <TD>0.080125</TD>
          </TR>
          <TR>
            <TD>6554.970000</TD>
            <TD>0.088524</TD>
          </TR>
          <TR>
            <TD>6555.230000</TD>
            <TD>0.098064</TD>
          </TR>
          <TR>
            <TD>6555.490000</TD>
            <TD>0.108589</TD>
          </TR>
          <TR>
            <TD>6555.750000</TD>
            <TD>0.119120</TD>
          </TR>
          <TR>
            <TD>6556.020000</TD>
            <TD>0.131066</TD>
          </TR>
          <TR>
            <TD>6556.280000</TD>
            <TD>0.142801</TD>
          </TR>
          <TR>
            <TD>6556.540000</TD>
            <TD>0.156079</TD>
          </TR>
          <TR>
            <TD>6556.800000</TD>
            <TD>0.170087</TD>
          </TR>
          <TR>
            <TD>6557.060000</TD>
            <TD>0.185132</TD>
          </TR>
          <TR>
            <TD>6557.320000</TD>
            <TD>0.201097</TD>
          </TR>
          <TR>
            <TD>6557.580000</TD>
            <TD>0.217743</TD>
          </TR>
          <TR>
            <TD>6557.840000</TD>
            <TD>0.233505</TD>
          </TR>
          <TR>
            <TD>6558.100000</TD>
            <TD>0.249014</TD>
          </TR>
          <TR>
            <TD>6558.370000</TD>
            <TD>0.265437</TD>
          </TR>
          <TR>
            <TD>6558.630000</TD>
            <TD>0.280394</TD>
          </TR>
          <TR>
            <TD>6558.890000</TD>
            <TD>0.293657</TD>
          </TR>
          <TR>
            <TD>6559.150000</TD>
            <TD>0.306170</TD>
          </TR>
          <TR>
            <TD>6559.410000</TD>
            <TD>0.316142</TD>
          </TR>
          <TR>
            <TD>6559.670000</TD>
            <TD>0.327585</TD>
          </TR>
          <TR>
            <TD>6559.930000</TD>
            <TD>0.335012</TD>
          </TR>
          <TR>
            <TD>6560.190000</TD>
            <TD>0.343719</TD>
          </TR>
          <TR>
            <TD>6560.460000</TD>
            <TD>0.351038</TD>
          </TR>
          <TR>
            <TD>6560.720000</TD>
            <TD>0.356576</TD>
          </TR>
          <TR>
            <TD>6560.980000</TD>
            <TD>0.362292</TD>
          </TR>
          <TR>
            <TD>6561.240000</TD>
            <TD>0.364659</TD>
          </TR>
          <TR>
            <TD>6561.500000</TD>
            <TD>0.368144</TD>
          </TR>
          <TR>
            <TD>6561.760000</TD>
            <TD>0.370834</TD>
          </TR>
          <TR>
            <TD>6562.020000</TD>
            <TD>0.373961</TD>
          </TR>
          <TR>
            <TD>6562.280000</TD>
            <TD>0.374161</TD>
          </TR>
          <TR>
            <TD>6562.550000</TD>
            <TD>0.373035</TD>
          </TR>
          <TR>
            <TD>6562.810000</TD>
            <TD>0.373256</TD>
          </TR>
          <TR>
            <TD>6563.070000</TD>
            <TD>0.373819</TD>
          </TR>
          <TR>
            <TD>6563.330000</TD>
            <TD>0.371017</TD>
          </TR>
          <TR>
            <TD>6563.590000</TD>
            <TD>0.370142</TD>
          </TR>
          <TR>
            <TD>6563.850000</TD>
            <TD>0.366819</TD>
          </TR>
          <TR>
            <TD>6564.110000</TD>
            <TD>0.363819</TD>
          </TR>
          <TR>
            <TD>6564.370000</TD>
            <TD>0.358747</TD>
          </TR>
          <TR>
            <TD>6564.640000</TD>
            <TD>0.352271</TD>
          </TR>
          <TR>
            <TD>6564.900000</TD>
            <TD>0.343740</TD>
          </TR>
          <TR>
            <TD>6565.160000</TD>
            <TD>0.334253</TD>
          </TR>
          <TR>
            <TD>6565.420000</TD>
            <TD>0.323465</TD>
          </TR>
          <TR>
            <TD>6565.680000</TD>
            <TD>0.311011</TD>
          </TR>
          <TR>
            <TD>6565.940000</TD>
            <TD>0.296728</TD>
          </TR>
          <TR>
            <TD>6566.200000</TD>
            <TD>0.281873</TD>
          </TR>
          <TR>
            <TD>6566.460000</TD>
            <TD>0.266368</TD>
          </TR>
          <TR>
            <TD>6566.720000</TD>
            <TD>0.251820</TD>
          </TR>
          <TR>
            <TD>6566.990000</TD>
            <TD>0.236271</TD>
          </TR>
          <TR>
            <TD>6567.250000</TD>
            <TD>0.219921</TD>
          </TR>
          <TR>
            <TD>6567.510000</TD>
            <TD>0.204212</TD>
          </TR>
          <TR>
            <TD>6567.770000</TD>
            <TD>0.189269</TD>
          </TR>
          <TR>
            <TD>6568.030000</TD>
            <TD>0.175288</TD>
          </TR>
          <TR>
            <TD>6568.290000</TD>
            <TD>0.160406</TD>
          </TR>
          <TR>
            <TD>6568.550000</TD>
            <TD>0.146226</TD>
          </TR>
          <TR>
            <TD>6568.810000</TD>
            <TD>0.133607</TD>
          </TR>
          <TR>
            <TD>6569.080000</TD>
            <TD>0.121887</TD>
          </TR>
          <TR>
            <TD>6569.340000</TD>
            <TD>0.111070</TD>
          </TR>
          <TR>
            <TD>6569.600000</TD>
            <TD>0.101232</TD>
          </TR>
          <TR>
            <TD>6569.860000</TD>
            <TD>0.092882</TD>
          </TR>
          <TR>
            <TD>6570.120000</TD>
            <TD>0.084556</TD>
          </TR>
          <TR>
            <TD>6570.380000</TD>
            <TD>0.077262</TD>
          </TR>
          <TR>
            <TD>6570.640000</TD>
            <TD>0.070599</TD>
          </TR>
          <TR>
            <TD>6570.900000</TD>
            <TD>0.064031</TD>
          </TR>
          <TR>
            <TD>6571.170000</TD>
            <TD>0.058571</TD>
          </TR>
          <TR>
            <TD>6571.430000</TD>
            <TD>0.053318</TD>
          </TR>
          <TR>
            <TD>6571.690000</TD>
            <TD>0.048282</TD>
          </TR>
          <TR>
            <TD>6571.950000</TD>
            <TD>0.044384</TD>
          </TR>
          <TR>
            <TD>6572.210000</TD>
            <TD>0.040766</TD>
          </TR>
          <TR>
            <TD>6572.470000</TD>
            <TD>0.037196</TD>
          </TR>
          <TR>
            <TD>6572.730000</TD>
            <TD>0.034032</TD>
          </TR>
          <TR>
            <TD>6572.990000</TD>
            <TD>0.031382</TD>
          </TR>
          <TR>
            <TD>6573.250000</TD>
            <TD>0.028894</TD>
          </TR>
          <TR>
            <TD>6573.520000</TD>
            <TD>0.026912</TD>
          </TR>
          <TR>
            <TD>6573.780000</TD>
            <TD>0.025052</TD>
          </TR>
          <TR>
            <TD>6574.040000</TD>
            <TD>0.022885</TD>
          </TR>
          <TR>
            <TD>6574.300000</TD>
            <TD>0.021139</TD>
          </TR>
          <TR>
            <TD>6574.560000</TD>
            <TD>0.019681</TD>
          </TR>
          <TR>
            <TD>6574.820000</TD>
            <TD>0.018483</TD>
          </TR>
          <TR>
            <TD>6575.080000</TD>
            <TD>0.016972</TD>
          </TR>
          <TR>
            <TD>6575.340000</TD>
            <TD>0.015961</TD>
          </TR>
          <TR>
            <TD>6575.610000</TD>
            <TD>0.014535</TD>
          </TR>
          <TR>
            <TD>6575.870000</TD>
            <TD>0.013751</TD>
          </TR>
          <TR>
            <TD>6576.130000</TD>
            <TD>0.012894</TD>
          </TR>
          <TR>
            <TD>6576.390000</TD>
            <TD>0.011791</TD>
          </TR>
          <TR>
            <TD>6576.650000</TD>
            <TD>0.011291</TD>
          </TR>
          <TR>
            <TD>6576.910000</TD>
            <TD>0.010655</TD>
          </TR>
          <TR>
            <TD>6577.170000</TD>
            <TD>0.010072</TD>
          </TR>
          <TR>
            <TD>6577.430000</TD>
            <TD>0.009748</TD>
          </TR>
          <TR>
            <TD>6577.700000</TD>
            <TD>0.008861</TD>
          </TR>
          <TR>
            <TD>6577.960000</TD>
            <TD>0.008493</TD>
          </TR>
          <TR>
            <TD>6578.220000</TD>
            <TD>0.007942</TD>
          </TR>
          <TR>
            <TD>6578.480000</TD>
            <TD>0.007673</TD>
          </TR>
          <TR>
            <TD>6578.740000</TD>
            <TD>0.007110</TD>
          </TR>
          <TR>
            <TD>6579.000000</TD>
            <TD>0.006837</TD>
          </TR>
          <TR>
            <TD>6579.260000</TD>
            <TD>0.006433</TD>
          </TR>
          <TR>
            <TD>6579.520000</TD>
            <TD>0.006168</TD>
          </TR>
          <TR>
            <TD>6579.780000</TD>
            <TD>0.005830</TD>
          </TR>
          <TR>
            <TD>6580.050000</TD>
            <TD>0.005748</TD>
          </TR>
          <TR>
            <TD>6580.310000</TD>
            <TD>0.005435</TD>
          </TR>
          <TR>
            <TD>6580.570000</TD>
            <TD>0.005190</TD>
          </TR>
          <TR>
            <TD>6580.830000</TD>
            <TD>0.004952</TD>
          </TR>
          <TR>
            <TD>6581.090000</TD>
            <TD>0.004728</TD>
          </TR>
          <TR>
            <TD>6581.350000</TD>
            <TD>0.004528</TD>
          </TR>
          <TR>
            <TD>6581.610000</TD>
            <TD>0.004368</TD>
          </TR>
          <TR>
            <TD>6581.870000</TD>
            <TD>0.004071</TD>
          </TR>
          <TR>
            <TD>6582.140000</TD>
            <TD>0.004090</TD>
          </TR>
        </TABLEDATA>
      </DATA>
    </TABLE>
  </RESOURCE>
</VOTABLE>
