<?xml version="1.0"?>
<VOTABLE version="1.1" xsi:schemaLocation="http://www.ivoa.net/xml/VOTable/v1.1" xmlns:xsi="http://www.w3.org/2001/XMLSchema-instance">
  <INFO name="QUERY_STATUS" value="OK"/>
  <RESOURCE type="results">
    <PARAM name="FilterProfileService" value="ivo://svo/fps" ucd="meta.ref.ivorn" utype="PhotometryFilter.fpsIdentifier" datatype="char" arraysize="*"/>
    <PARAM name="filterID" value="GALEX/GALEX.FUV" ucd="meta.id" utype="photdm:PhotometryFilter.identifier" datatype="char" arraysize="*"/>
    <PARAM name="WavelengthUnit" value="Angstrom" ucd="meta.unit" utype="PhotometryFilter.SpectralAxis.unit" datatype="char" arraysize="*"/>
    <PARAM name="WavelengthUCD" value="em.wl" ucd="meta.ucd" utype="PhotometryFilter.SpectralAxis.UCD" datatype="char" arraysize="*"/>
    <PARAM name="Description" value="GALEX FUV" ucd="meta.note" utype="photdm:PhotometryFilter.description" datatype="char" arraysize="*"/>
    <PARAM name="PhotSystem" value="GALEX" utype="photdm:PhotometricSystem.description" datatype="char" arraysize="*">
       <DESCRIPTION>Photometric system</DESCRIPTION>
    </PARAM>
    <PARAM name="Facility" value="GALEX" ucd="instr.obsty" datatype="char" arraysize="*">
       <DESCRIPTION>Observational facility</DESCRIPTION>
    </PARAM>
    <PARAM name="ProfileReference" value="http://galexgi.gsfc.nasa.gov/docs/galex/Documents/PostLaunchFUVImagingResponseCurves.htm" datatype="char" arraysize="*"/>
    <PARAM name="Description" value="GALEX FUV" ucd="meta.note" utype="photdm:PhotometryFilter.description" datatype="char" arraysize="*"/>
    <PARAM name="WavelengthMean" value="1538.6212324193" unit="Angstrom" ucd="em.wl" utype="photdm:PhotometryFilter.SpectralAxis.Coverage.Location.Value" datatype="float" >
       <DESCRIPTION>Mean wavelength. Defined as integ[x*filter(x) dx]/integ[filter(x) dx]</DESCRIPTION>
    </PARAM>
    <PARAM name="WavelengthEff" value="1542.2640928992" unit="Angstrom" ucd="em.wl.effective" datatype="float" >
       <DESCRIPTION>Effective wavelength. Defined as integ[x*filter(x)*vega(x) dx]/integ[filter(x)*vega(x) dx]</DESCRIPTION>
    </PARAM>
    <PARAM name="WavelengthMin" value="1340.3189427945" unit="Angstrom" ucd="em.wl;stat.min" utype="photdm:PhotometryFilter.SpectralAxis.Coverage.Bounds.Start" datatype="float" >
       <DESCRIPTION>Minimum filter wavelength. Defined as the first lambda value with a transmission at least 1% of maximum transmission</DESCRIPTION>
    </PARAM>
    <PARAM name="WavelengthMax" value="1806.4266019236" unit="Angstrom" ucd="em.wl;stat.max" utype="photdm:PhotometryFilter.SpectralAxis.Coverage.Bounds.Stop" datatype="float" >
       <DESCRIPTION>Maximum filter wavelength. Defined as the last lambda value with a transmission at least 1% of maximum transmission</DESCRIPTION>
    </PARAM>
    <PARAM name="WidthEff" value="255.44813579033" unit="Angstrom" ucd="instr.bandwidth" utype="photdm:PhotometryFilter.SpectralAxis.Coverage.Bounds.Extent" datatype="float" >
       <DESCRIPTION>Effective width. Defined as integ[x*filter(x) dx].\nEquivalent to the horizontal size of a rectangle with height equal to maximum transmission and with the same area that the one covered by the filter transmission curve.</DESCRIPTION>
    </PARAM>
    <PARAM name="WavelengthCen" value="1525.8313460529" unit="Angstrom" ucd="em.wl" datatype="float" >
       <DESCRIPTION>Central wavelength. Defined as the central wavelength between the two points defining FWMH</DESCRIPTION>
    </PARAM>
    <PARAM name="WavelengthPivot" value="1535.0800523505" unit="Angstrom" ucd="em.wl" datatype="float" >
       <DESCRIPTION>Peak wavelength. Defined as sqrt{integ[x*filter(x) dx]/integ[filter(x) dx/x]}</DESCRIPTION>
    </PARAM>
    <PARAM name="WavelengthPeak" value="1480" unit="Angstrom" ucd="em.wl" datatype="float" >
       <DESCRIPTION>Peak wavelength. Defined as the lambda value with larger transmission</DESCRIPTION>
    </PARAM>
    <PARAM name="WavelengthPhot" value="1549.0193989063" unit="Angstrom" ucd="em.wl" datatype="float" >
       <DESCRIPTION>Photon distribution based effective wavelength. Defined as integ[x^2*filter(x)*vega(x) dx]/integ[x*filter(x)*vega(x) dx]</DESCRIPTION>
    </PARAM>
    <PARAM name="FWHM" value="227.81448686597" unit="Angstrom" ucd="instr.bandwidth" datatype="float" >
       <DESCRIPTION>Full width at half maximum. Defined as the difference between the two wavelengths for which filter transmission is half maximum</DESCRIPTION>
    </PARAM>
    <PARAM name="PhotCalID" value="GALEX/GALEX.FUV/Vega" ucd="meta.id" utype="photdm:PhotCal.identifier" datatype="char" arraysize="*"/>
    <PARAM name="MagSys" value="Vega" ucd="meta.code" utype="photdm:PhotCal.MagnitudeSystem.type" datatype="char" arraysize="*"/>
    <PARAM name="ZeroPoint" value="514.97535828821" unit="Jy" ucd="phot.flux.density" utype="photdm:PhotCal.ZeroPoint.Flux.value" datatype="float" />
    <PARAM name="ZeroPointUnit" value="Jy" ucd="meta.unit" utype="photdm:PhotCal.ZeroPoint.Flux.unit" datatype="char" arraysize="*"/>
    <PARAM name="ZeroPointType" value="Pogson" ucd="meta.code" utype="photdm:PhotCal.ZeroPoint.type" datatype="char" arraysize="*"/>
    <TABLE utype="photdm:PhotometryFilter.transmissionCurve.spectrum">
      <FIELD name="Wavelength" utype="spec:Data.SpectralAxis.Value" ucd="em.wl" unit="Angstrom" datatype="float"/>
      <FIELD name="Transmission" utype="spec:Data.FluxAxis.Value" ucd="phys.transmission" unit="" datatype="float"/>
      <DATA>
        <TABLEDATA>
          <TR>
            <TD>1340.0</TD>
            <TD>0.0000000000</TD>
          </TR>
          <TR>
            <TD>1341.0</TD>
            <TD>0.0115400004</TD>
          </TR>
          <TR>
            <TD>1342.0</TD>
            <TD>0.0230800009</TD>
          </TR>
          <TR>
            <TD>1343.0</TD>
            <TD>0.0346199989</TD>
          </TR>
          <TR>
            <TD>1344.0</TD>
            <TD>0.0461600018</TD>
          </TR>
          <TR>
            <TD>1345.0</TD>
            <TD>0.0576999998</TD>
          </TR>
          <TR>
            <TD>1346.0</TD>
            <TD>0.0692399979</TD>
          </TR>
          <TR>
            <TD>1347.0</TD>
            <TD>0.0807800007</TD>
          </TR>
          <TR>
            <TD>1348.0</TD>
            <TD>0.0923200035</TD>
          </TR>
          <TR>
            <TD>1349.0</TD>
            <TD>0.1038599968</TD>
          </TR>
          <TR>
            <TD>1350.0</TD>
            <TD>0.1153999996</TD>
          </TR>
          <TR>
            <TD>1351.0</TD>
            <TD>0.1184560013</TD>
          </TR>
          <TR>
            <TD>1352.0</TD>
            <TD>0.1215120029</TD>
          </TR>
          <TR>
            <TD>1353.0</TD>
            <TD>0.1245680046</TD>
          </TR>
          <TR>
            <TD>1354.0</TD>
            <TD>0.1276239967</TD>
          </TR>
          <TR>
            <TD>1355.0</TD>
            <TD>0.1306799984</TD>
          </TR>
          <TR>
            <TD>1356.0</TD>
            <TD>0.1337360001</TD>
          </TR>
          <TR>
            <TD>1357.0</TD>
            <TD>0.1367920017</TD>
          </TR>
          <TR>
            <TD>1358.0</TD>
            <TD>0.1398480034</TD>
          </TR>
          <TR>
            <TD>1359.0</TD>
            <TD>0.1429039955</TD>
          </TR>
          <TR>
            <TD>1360.0</TD>
            <TD>0.1459599972</TD>
          </TR>
          <TR>
            <TD>1361.0</TD>
            <TD>0.1490159988</TD>
          </TR>
          <TR>
            <TD>1362.0</TD>
            <TD>0.1520720005</TD>
          </TR>
          <TR>
            <TD>1363.0</TD>
            <TD>0.1551280022</TD>
          </TR>
          <TR>
            <TD>1364.0</TD>
            <TD>0.1581840038</TD>
          </TR>
          <TR>
            <TD>1365.0</TD>
            <TD>0.1612400055</TD>
          </TR>
          <TR>
            <TD>1366.0</TD>
            <TD>0.1642959976</TD>
          </TR>
          <TR>
            <TD>1367.0</TD>
            <TD>0.1673520088</TD>
          </TR>
          <TR>
            <TD>1368.0</TD>
            <TD>0.1704080009</TD>
          </TR>
          <TR>
            <TD>1369.0</TD>
            <TD>0.1734639931</TD>
          </TR>
          <TR>
            <TD>1370.0</TD>
            <TD>0.1765200043</TD>
          </TR>
          <TR>
            <TD>1371.0</TD>
            <TD>0.1766419983</TD>
          </TR>
          <TR>
            <TD>1372.0</TD>
            <TD>0.1767639923</TD>
          </TR>
          <TR>
            <TD>1373.0</TD>
            <TD>0.1768860054</TD>
          </TR>
          <TR>
            <TD>1374.0</TD>
            <TD>0.1770079994</TD>
          </TR>
          <TR>
            <TD>1375.0</TD>
            <TD>0.1771299934</TD>
          </TR>
          <TR>
            <TD>1376.0</TD>
            <TD>0.1772520065</TD>
          </TR>
          <TR>
            <TD>1377.0</TD>
            <TD>0.1773740005</TD>
          </TR>
          <TR>
            <TD>1378.0</TD>
            <TD>0.1774959946</TD>
          </TR>
          <TR>
            <TD>1379.0</TD>
            <TD>0.1776180077</TD>
          </TR>
          <TR>
            <TD>1380.0</TD>
            <TD>0.1777400017</TD>
          </TR>
          <TR>
            <TD>1381.0</TD>
            <TD>0.1749279976</TD>
          </TR>
          <TR>
            <TD>1382.0</TD>
            <TD>0.1721159935</TD>
          </TR>
          <TR>
            <TD>1383.0</TD>
            <TD>0.1693040085</TD>
          </TR>
          <TR>
            <TD>1384.0</TD>
            <TD>0.1664920044</TD>
          </TR>
          <TR>
            <TD>1385.0</TD>
            <TD>0.1636800003</TD>
          </TR>
          <TR>
            <TD>1386.0</TD>
            <TD>0.1608679962</TD>
          </TR>
          <TR>
            <TD>1387.0</TD>
            <TD>0.1580560017</TD>
          </TR>
          <TR>
            <TD>1388.0</TD>
            <TD>0.1552439976</TD>
          </TR>
          <TR>
            <TD>1389.0</TD>
            <TD>0.1524320030</TD>
          </TR>
          <TR>
            <TD>1390.0</TD>
            <TD>0.1496199989</TD>
          </TR>
          <TR>
            <TD>1391.0</TD>
            <TD>0.1468080044</TD>
          </TR>
          <TR>
            <TD>1392.0</TD>
            <TD>0.1439960003</TD>
          </TR>
          <TR>
            <TD>1393.0</TD>
            <TD>0.1411839962</TD>
          </TR>
          <TR>
            <TD>1394.0</TD>
            <TD>0.1383720016</TD>
          </TR>
          <TR>
            <TD>1395.0</TD>
            <TD>0.1355599976</TD>
          </TR>
          <TR>
            <TD>1396.0</TD>
            <TD>0.1327480030</TD>
          </TR>
          <TR>
            <TD>1397.0</TD>
            <TD>0.1299359989</TD>
          </TR>
          <TR>
            <TD>1398.0</TD>
            <TD>0.1271240044</TD>
          </TR>
          <TR>
            <TD>1399.0</TD>
            <TD>0.1243120003</TD>
          </TR>
          <TR>
            <TD>1400.0</TD>
            <TD>0.1214999962</TD>
          </TR>
          <TR>
            <TD>1401.0</TD>
            <TD>0.1267440033</TD>
          </TR>
          <TR>
            <TD>1402.0</TD>
            <TD>0.1319880009</TD>
          </TR>
          <TR>
            <TD>1403.0</TD>
            <TD>0.1372319984</TD>
          </TR>
          <TR>
            <TD>1404.0</TD>
            <TD>0.1424759960</TD>
          </TR>
          <TR>
            <TD>1405.0</TD>
            <TD>0.1477200031</TD>
          </TR>
          <TR>
            <TD>1406.0</TD>
            <TD>0.1529640007</TD>
          </TR>
          <TR>
            <TD>1407.0</TD>
            <TD>0.1582079983</TD>
          </TR>
          <TR>
            <TD>1408.0</TD>
            <TD>0.1634519959</TD>
          </TR>
          <TR>
            <TD>1409.0</TD>
            <TD>0.1686960030</TD>
          </TR>
          <TR>
            <TD>1410.0</TD>
            <TD>0.1739399910</TD>
          </TR>
          <TR>
            <TD>1411.0</TD>
            <TD>0.1791839981</TD>
          </TR>
          <TR>
            <TD>1412.0</TD>
            <TD>0.1844280052</TD>
          </TR>
          <TR>
            <TD>1413.0</TD>
            <TD>0.1896719933</TD>
          </TR>
          <TR>
            <TD>1414.0</TD>
            <TD>0.1949160004</TD>
          </TR>
          <TR>
            <TD>1415.0</TD>
            <TD>0.2001600075</TD>
          </TR>
          <TR>
            <TD>1416.0</TD>
            <TD>0.2054039955</TD>
          </TR>
          <TR>
            <TD>1417.0</TD>
            <TD>0.2106480026</TD>
          </TR>
          <TR>
            <TD>1418.0</TD>
            <TD>0.2158919907</TD>
          </TR>
          <TR>
            <TD>1419.0</TD>
            <TD>0.2211359978</TD>
          </TR>
          <TR>
            <TD>1420.0</TD>
            <TD>0.2263800049</TD>
          </TR>
          <TR>
            <TD>1421.0</TD>
            <TD>0.2307839966</TD>
          </TR>
          <TR>
            <TD>1422.0</TD>
            <TD>0.2351880074</TD>
          </TR>
          <TR>
            <TD>1423.0</TD>
            <TD>0.2395919991</TD>
          </TR>
          <TR>
            <TD>1424.0</TD>
            <TD>0.2439959908</TD>
          </TR>
          <TR>
            <TD>1425.0</TD>
            <TD>0.2484000015</TD>
          </TR>
          <TR>
            <TD>1426.0</TD>
            <TD>0.2528039932</TD>
          </TR>
          <TR>
            <TD>1427.0</TD>
            <TD>0.2572080040</TD>
          </TR>
          <TR>
            <TD>1428.0</TD>
            <TD>0.2616119957</TD>
          </TR>
          <TR>
            <TD>1429.0</TD>
            <TD>0.2660160065</TD>
          </TR>
          <TR>
            <TD>1430.0</TD>
            <TD>0.2704199982</TD>
          </TR>
          <TR>
            <TD>1431.0</TD>
            <TD>0.2739839935</TD>
          </TR>
          <TR>
            <TD>1432.0</TD>
            <TD>0.2775480080</TD>
          </TR>
          <TR>
            <TD>1433.0</TD>
            <TD>0.2811120033</TD>
          </TR>
          <TR>
            <TD>1434.0</TD>
            <TD>0.2846759987</TD>
          </TR>
          <TR>
            <TD>1435.0</TD>
            <TD>0.2882399940</TD>
          </TR>
          <TR>
            <TD>1436.0</TD>
            <TD>0.2918040085</TD>
          </TR>
          <TR>
            <TD>1437.0</TD>
            <TD>0.2953680038</TD>
          </TR>
          <TR>
            <TD>1438.0</TD>
            <TD>0.2989319992</TD>
          </TR>
          <TR>
            <TD>1439.0</TD>
            <TD>0.3024959946</TD>
          </TR>
          <TR>
            <TD>1440.0</TD>
            <TD>0.3060600090</TD>
          </TR>
          <TR>
            <TD>1441.0</TD>
            <TD>0.3099365044</TD>
          </TR>
          <TR>
            <TD>1442.0</TD>
            <TD>0.3131879997</TD>
          </TR>
          <TR>
            <TD>1443.0</TD>
            <TD>0.3167519951</TD>
          </TR>
          <TR>
            <TD>1444.0</TD>
            <TD>0.3203160095</TD>
          </TR>
          <TR>
            <TD>1445.0</TD>
            <TD>0.3238800049</TD>
          </TR>
          <TR>
            <TD>1446.0</TD>
            <TD>0.3274440002</TD>
          </TR>
          <TR>
            <TD>1447.0</TD>
            <TD>0.3310079956</TD>
          </TR>
          <TR>
            <TD>1448.0</TD>
            <TD>0.3345719910</TD>
          </TR>
          <TR>
            <TD>1449.0</TD>
            <TD>0.3381359863</TD>
          </TR>
          <TR>
            <TD>1450.0</TD>
            <TD>0.3416999817</TD>
          </TR>
          <TR>
            <TD>1451.0</TD>
            <TD>0.3429439926</TD>
          </TR>
          <TR>
            <TD>1452.0</TD>
            <TD>0.3441880035</TD>
          </TR>
          <TR>
            <TD>1453.0</TD>
            <TD>0.3454320145</TD>
          </TR>
          <TR>
            <TD>1454.0</TD>
            <TD>0.3466759872</TD>
          </TR>
          <TR>
            <TD>1455.0</TD>
            <TD>0.3479199982</TD>
          </TR>
          <TR>
            <TD>1456.0</TD>
            <TD>0.3491640091</TD>
          </TR>
          <TR>
            <TD>1457.0</TD>
            <TD>0.3504079819</TD>
          </TR>
          <TR>
            <TD>1458.0</TD>
            <TD>0.3516519928</TD>
          </TR>
          <TR>
            <TD>1459.0</TD>
            <TD>0.3528960037</TD>
          </TR>
          <TR>
            <TD>1460.0</TD>
            <TD>0.3541400146</TD>
          </TR>
          <TR>
            <TD>1461.0</TD>
            <TD>0.3553839874</TD>
          </TR>
          <TR>
            <TD>1462.0</TD>
            <TD>0.3566279984</TD>
          </TR>
          <TR>
            <TD>1463.0</TD>
            <TD>0.3578720093</TD>
          </TR>
          <TR>
            <TD>1464.0</TD>
            <TD>0.3591159821</TD>
          </TR>
          <TR>
            <TD>1465.0</TD>
            <TD>0.3603599930</TD>
          </TR>
          <TR>
            <TD>1466.0</TD>
            <TD>0.3616040039</TD>
          </TR>
          <TR>
            <TD>1467.0</TD>
            <TD>0.3628480148</TD>
          </TR>
          <TR>
            <TD>1468.0</TD>
            <TD>0.3640919876</TD>
          </TR>
          <TR>
            <TD>1469.0</TD>
            <TD>0.3653359985</TD>
          </TR>
          <TR>
            <TD>1470.0</TD>
            <TD>0.3665800095</TD>
          </TR>
          <TR>
            <TD>1471.0</TD>
            <TD>0.3667279816</TD>
          </TR>
          <TR>
            <TD>1472.0</TD>
            <TD>0.3668759918</TD>
          </TR>
          <TR>
            <TD>1473.0</TD>
            <TD>0.3670240021</TD>
          </TR>
          <TR>
            <TD>1474.0</TD>
            <TD>0.3671720123</TD>
          </TR>
          <TR>
            <TD>1475.0</TD>
            <TD>0.3673199844</TD>
          </TR>
          <TR>
            <TD>1476.0</TD>
            <TD>0.3674679947</TD>
          </TR>
          <TR>
            <TD>1477.0</TD>
            <TD>0.3676160049</TD>
          </TR>
          <TR>
            <TD>1478.0</TD>
            <TD>0.3677640152</TD>
          </TR>
          <TR>
            <TD>1479.0</TD>
            <TD>0.3679119873</TD>
          </TR>
          <TR>
            <TD>1480.0</TD>
            <TD>0.3680599976</TD>
          </TR>
          <TR>
            <TD>1481.0</TD>
            <TD>0.3671120071</TD>
          </TR>
          <TR>
            <TD>1482.0</TD>
            <TD>0.3661640167</TD>
          </TR>
          <TR>
            <TD>1483.0</TD>
            <TD>0.3652159882</TD>
          </TR>
          <TR>
            <TD>1484.0</TD>
            <TD>0.3642679977</TD>
          </TR>
          <TR>
            <TD>1485.0</TD>
            <TD>0.3633200073</TD>
          </TR>
          <TR>
            <TD>1486.0</TD>
            <TD>0.3623720169</TD>
          </TR>
          <TR>
            <TD>1487.0</TD>
            <TD>0.3614239883</TD>
          </TR>
          <TR>
            <TD>1488.0</TD>
            <TD>0.3604759979</TD>
          </TR>
          <TR>
            <TD>1489.0</TD>
            <TD>0.3595280075</TD>
          </TR>
          <TR>
            <TD>1490.0</TD>
            <TD>0.3585800171</TD>
          </TR>
          <TR>
            <TD>1491.0</TD>
            <TD>0.3576319885</TD>
          </TR>
          <TR>
            <TD>1492.0</TD>
            <TD>0.3566839981</TD>
          </TR>
          <TR>
            <TD>1493.0</TD>
            <TD>0.3557360077</TD>
          </TR>
          <TR>
            <TD>1494.0</TD>
            <TD>0.3547880173</TD>
          </TR>
          <TR>
            <TD>1495.0</TD>
            <TD>0.3538399887</TD>
          </TR>
          <TR>
            <TD>1496.0</TD>
            <TD>0.3528919983</TD>
          </TR>
          <TR>
            <TD>1497.0</TD>
            <TD>0.3519440079</TD>
          </TR>
          <TR>
            <TD>1498.0</TD>
            <TD>0.3509960175</TD>
          </TR>
          <TR>
            <TD>1499.0</TD>
            <TD>0.3500479889</TD>
          </TR>
          <TR>
            <TD>1500.0</TD>
            <TD>0.3490999985</TD>
          </TR>
          <TR>
            <TD>1501.0</TD>
            <TD>0.3489879990</TD>
          </TR>
          <TR>
            <TD>1502.0</TD>
            <TD>0.3488759995</TD>
          </TR>
          <TR>
            <TD>1503.0</TD>
            <TD>0.3487639999</TD>
          </TR>
          <TR>
            <TD>1504.0</TD>
            <TD>0.3486520004</TD>
          </TR>
          <TR>
            <TD>1505.0</TD>
            <TD>0.3485400009</TD>
          </TR>
          <TR>
            <TD>1506.0</TD>
            <TD>0.3484280014</TD>
          </TR>
          <TR>
            <TD>1507.0</TD>
            <TD>0.3483160019</TD>
          </TR>
          <TR>
            <TD>1508.0</TD>
            <TD>0.3482040024</TD>
          </TR>
          <TR>
            <TD>1509.0</TD>
            <TD>0.3480920029</TD>
          </TR>
          <TR>
            <TD>1510.0</TD>
            <TD>0.3479800034</TD>
          </TR>
          <TR>
            <TD>1511.0</TD>
            <TD>0.3478680038</TD>
          </TR>
          <TR>
            <TD>1512.0</TD>
            <TD>0.3477560043</TD>
          </TR>
          <TR>
            <TD>1513.0</TD>
            <TD>0.3476440048</TD>
          </TR>
          <TR>
            <TD>1514.0</TD>
            <TD>0.3475320053</TD>
          </TR>
          <TR>
            <TD>1515.0</TD>
            <TD>0.3474200058</TD>
          </TR>
          <TR>
            <TD>1516.0</TD>
            <TD>0.3473080063</TD>
          </TR>
          <TR>
            <TD>1517.0</TD>
            <TD>0.3471960068</TD>
          </TR>
          <TR>
            <TD>1518.0</TD>
            <TD>0.3470840073</TD>
          </TR>
          <TR>
            <TD>1519.0</TD>
            <TD>0.3469720078</TD>
          </TR>
          <TR>
            <TD>1520.0</TD>
            <TD>0.3468600082</TD>
          </TR>
          <TR>
            <TD>1521.0</TD>
            <TD>0.3451160049</TD>
          </TR>
          <TR>
            <TD>1522.0</TD>
            <TD>0.3433720016</TD>
          </TR>
          <TR>
            <TD>1523.0</TD>
            <TD>0.3416279984</TD>
          </TR>
          <TR>
            <TD>1524.0</TD>
            <TD>0.3398839951</TD>
          </TR>
          <TR>
            <TD>1525.0</TD>
            <TD>0.3381399918</TD>
          </TR>
          <TR>
            <TD>1526.0</TD>
            <TD>0.3363959885</TD>
          </TR>
          <TR>
            <TD>1527.0</TD>
            <TD>0.3346519852</TD>
          </TR>
          <TR>
            <TD>1528.0</TD>
            <TD>0.3329079819</TD>
          </TR>
          <TR>
            <TD>1529.0</TD>
            <TD>0.3311640167</TD>
          </TR>
          <TR>
            <TD>1530.0</TD>
            <TD>0.3294200134</TD>
          </TR>
          <TR>
            <TD>1531.0</TD>
            <TD>0.3260440063</TD>
          </TR>
          <TR>
            <TD>1532.0</TD>
            <TD>0.3226679993</TD>
          </TR>
          <TR>
            <TD>1533.0</TD>
            <TD>0.3192919922</TD>
          </TR>
          <TR>
            <TD>1534.0</TD>
            <TD>0.3159160042</TD>
          </TR>
          <TR>
            <TD>1535.0</TD>
            <TD>0.3125399971</TD>
          </TR>
          <TR>
            <TD>1536.0</TD>
            <TD>0.3091640091</TD>
          </TR>
          <TR>
            <TD>1537.0</TD>
            <TD>0.3057880020</TD>
          </TR>
          <TR>
            <TD>1538.0</TD>
            <TD>0.3024119949</TD>
          </TR>
          <TR>
            <TD>1539.0</TD>
            <TD>0.2990360069</TD>
          </TR>
          <TR>
            <TD>1540.0</TD>
            <TD>0.2956599998</TD>
          </TR>
          <TR>
            <TD>1541.0</TD>
            <TD>0.2922839928</TD>
          </TR>
          <TR>
            <TD>1542.0</TD>
            <TD>0.2889080048</TD>
          </TR>
          <TR>
            <TD>1543.0</TD>
            <TD>0.2855319977</TD>
          </TR>
          <TR>
            <TD>1544.0</TD>
            <TD>0.2821559906</TD>
          </TR>
          <TR>
            <TD>1545.0</TD>
            <TD>0.2787800026</TD>
          </TR>
          <TR>
            <TD>1546.0</TD>
            <TD>0.2754039955</TD>
          </TR>
          <TR>
            <TD>1547.0</TD>
            <TD>0.2720280075</TD>
          </TR>
          <TR>
            <TD>1548.0</TD>
            <TD>0.2686520004</TD>
          </TR>
          <TR>
            <TD>1549.0</TD>
            <TD>0.2652759933</TD>
          </TR>
          <TR>
            <TD>1550.0</TD>
            <TD>0.2619000053</TD>
          </TR>
          <TR>
            <TD>1551.0</TD>
            <TD>0.2617970085</TD>
          </TR>
          <TR>
            <TD>1552.0</TD>
            <TD>0.2616930008</TD>
          </TR>
          <TR>
            <TD>1553.0</TD>
            <TD>0.2615900040</TD>
          </TR>
          <TR>
            <TD>1554.0</TD>
            <TD>0.2614870071</TD>
          </TR>
          <TR>
            <TD>1555.0</TD>
            <TD>0.2613829994</TD>
          </TR>
          <TR>
            <TD>1556.0</TD>
            <TD>0.2612800026</TD>
          </TR>
          <TR>
            <TD>1557.0</TD>
            <TD>0.2611770058</TD>
          </TR>
          <TR>
            <TD>1558.0</TD>
            <TD>0.2610740089</TD>
          </TR>
          <TR>
            <TD>1559.0</TD>
            <TD>0.2609700012</TD>
          </TR>
          <TR>
            <TD>1560.0</TD>
            <TD>0.2608670044</TD>
          </TR>
          <TR>
            <TD>1561.0</TD>
            <TD>0.2607640076</TD>
          </TR>
          <TR>
            <TD>1562.0</TD>
            <TD>0.2606599998</TD>
          </TR>
          <TR>
            <TD>1563.0</TD>
            <TD>0.2605570030</TD>
          </TR>
          <TR>
            <TD>1564.0</TD>
            <TD>0.2604529953</TD>
          </TR>
          <TR>
            <TD>1565.0</TD>
            <TD>0.2603499985</TD>
          </TR>
          <TR>
            <TD>1566.0</TD>
            <TD>0.2602470016</TD>
          </TR>
          <TR>
            <TD>1567.0</TD>
            <TD>0.2601429939</TD>
          </TR>
          <TR>
            <TD>1568.0</TD>
            <TD>0.2600399971</TD>
          </TR>
          <TR>
            <TD>1569.0</TD>
            <TD>0.2599360085</TD>
          </TR>
          <TR>
            <TD>1570.0</TD>
            <TD>0.2598329926</TD>
          </TR>
          <TR>
            <TD>1571.0</TD>
            <TD>0.2597299957</TD>
          </TR>
          <TR>
            <TD>1572.0</TD>
            <TD>0.2596260071</TD>
          </TR>
          <TR>
            <TD>1573.0</TD>
            <TD>0.2595229912</TD>
          </TR>
          <TR>
            <TD>1574.0</TD>
            <TD>0.2594199944</TD>
          </TR>
          <TR>
            <TD>1575.0</TD>
            <TD>0.2593160057</TD>
          </TR>
          <TR>
            <TD>1576.0</TD>
            <TD>0.2592130089</TD>
          </TR>
          <TR>
            <TD>1577.0</TD>
            <TD>0.2591099930</TD>
          </TR>
          <TR>
            <TD>1578.0</TD>
            <TD>0.2590069962</TD>
          </TR>
          <TR>
            <TD>1579.0</TD>
            <TD>0.2589030075</TD>
          </TR>
          <TR>
            <TD>1580.0</TD>
            <TD>0.2587999916</TD>
          </TR>
          <TR>
            <TD>1581.0</TD>
            <TD>0.2586969948</TD>
          </TR>
          <TR>
            <TD>1582.0</TD>
            <TD>0.2585930061</TD>
          </TR>
          <TR>
            <TD>1583.0</TD>
            <TD>0.2584900093</TD>
          </TR>
          <TR>
            <TD>1584.0</TD>
            <TD>0.2583869934</TD>
          </TR>
          <TR>
            <TD>1585.0</TD>
            <TD>0.2582839966</TD>
          </TR>
          <TR>
            <TD>1586.0</TD>
            <TD>0.2581800079</TD>
          </TR>
          <TR>
            <TD>1587.0</TD>
            <TD>0.2580769920</TD>
          </TR>
          <TR>
            <TD>1588.0</TD>
            <TD>0.2579739952</TD>
          </TR>
          <TR>
            <TD>1589.0</TD>
            <TD>0.2578700066</TD>
          </TR>
          <TR>
            <TD>1590.0</TD>
            <TD>0.2577669907</TD>
          </TR>
          <TR>
            <TD>1591.0</TD>
            <TD>0.2576639938</TD>
          </TR>
          <TR>
            <TD>1592.0</TD>
            <TD>0.2575600052</TD>
          </TR>
          <TR>
            <TD>1593.0</TD>
            <TD>0.2574570084</TD>
          </TR>
          <TR>
            <TD>1594.0</TD>
            <TD>0.2573530006</TD>
          </TR>
          <TR>
            <TD>1595.0</TD>
            <TD>0.2572500038</TD>
          </TR>
          <TR>
            <TD>1596.0</TD>
            <TD>0.2571470070</TD>
          </TR>
          <TR>
            <TD>1597.0</TD>
            <TD>0.2570429993</TD>
          </TR>
          <TR>
            <TD>1598.0</TD>
            <TD>0.2569400024</TD>
          </TR>
          <TR>
            <TD>1599.0</TD>
            <TD>0.2568359947</TD>
          </TR>
          <TR>
            <TD>1600.0</TD>
            <TD>0.2567329979</TD>
          </TR>
          <TR>
            <TD>1601.0</TD>
            <TD>0.2566300011</TD>
          </TR>
          <TR>
            <TD>1602.0</TD>
            <TD>0.2565259933</TD>
          </TR>
          <TR>
            <TD>1603.0</TD>
            <TD>0.2564229965</TD>
          </TR>
          <TR>
            <TD>1604.0</TD>
            <TD>0.2563199997</TD>
          </TR>
          <TR>
            <TD>1605.0</TD>
            <TD>0.2562170029</TD>
          </TR>
          <TR>
            <TD>1606.0</TD>
            <TD>0.2561129951</TD>
          </TR>
          <TR>
            <TD>1607.0</TD>
            <TD>0.2560099983</TD>
          </TR>
          <TR>
            <TD>1608.0</TD>
            <TD>0.2559070015</TD>
          </TR>
          <TR>
            <TD>1609.0</TD>
            <TD>0.2558029938</TD>
          </TR>
          <TR>
            <TD>1610.0</TD>
            <TD>0.2556999969</TD>
          </TR>
          <TR>
            <TD>1611.0</TD>
            <TD>0.2532900047</TD>
          </TR>
          <TR>
            <TD>1612.0</TD>
            <TD>0.2508799934</TD>
          </TR>
          <TR>
            <TD>1613.0</TD>
            <TD>0.2484700012</TD>
          </TR>
          <TR>
            <TD>1614.0</TD>
            <TD>0.2460600090</TD>
          </TR>
          <TR>
            <TD>1615.0</TD>
            <TD>0.2436499977</TD>
          </TR>
          <TR>
            <TD>1616.0</TD>
            <TD>0.2412400055</TD>
          </TR>
          <TR>
            <TD>1617.0</TD>
            <TD>0.2388299942</TD>
          </TR>
          <TR>
            <TD>1618.0</TD>
            <TD>0.2364200020</TD>
          </TR>
          <TR>
            <TD>1619.0</TD>
            <TD>0.2340099907</TD>
          </TR>
          <TR>
            <TD>1620.0</TD>
            <TD>0.2315999985</TD>
          </TR>
          <TR>
            <TD>1621.0</TD>
            <TD>0.2291900063</TD>
          </TR>
          <TR>
            <TD>1622.0</TD>
            <TD>0.2267799950</TD>
          </TR>
          <TR>
            <TD>1623.0</TD>
            <TD>0.2243700027</TD>
          </TR>
          <TR>
            <TD>1624.0</TD>
            <TD>0.2219599915</TD>
          </TR>
          <TR>
            <TD>1625.0</TD>
            <TD>0.2195499992</TD>
          </TR>
          <TR>
            <TD>1626.0</TD>
            <TD>0.2171400070</TD>
          </TR>
          <TR>
            <TD>1627.0</TD>
            <TD>0.2147299957</TD>
          </TR>
          <TR>
            <TD>1628.0</TD>
            <TD>0.2123200035</TD>
          </TR>
          <TR>
            <TD>1629.0</TD>
            <TD>0.2099099922</TD>
          </TR>
          <TR>
            <TD>1630.0</TD>
            <TD>0.2075000000</TD>
          </TR>
          <TR>
            <TD>1631.0</TD>
            <TD>0.2050900078</TD>
          </TR>
          <TR>
            <TD>1632.0</TD>
            <TD>0.2026799965</TD>
          </TR>
          <TR>
            <TD>1633.0</TD>
            <TD>0.2002700043</TD>
          </TR>
          <TR>
            <TD>1634.0</TD>
            <TD>0.1978599930</TD>
          </TR>
          <TR>
            <TD>1635.0</TD>
            <TD>0.1954500008</TD>
          </TR>
          <TR>
            <TD>1636.0</TD>
            <TD>0.1930400085</TD>
          </TR>
          <TR>
            <TD>1637.0</TD>
            <TD>0.1906299973</TD>
          </TR>
          <TR>
            <TD>1638.0</TD>
            <TD>0.1882200050</TD>
          </TR>
          <TR>
            <TD>1639.0</TD>
            <TD>0.1858099937</TD>
          </TR>
          <TR>
            <TD>1640.0</TD>
            <TD>0.1834000015</TD>
          </TR>
          <TR>
            <TD>1641.0</TD>
            <TD>0.1809900093</TD>
          </TR>
          <TR>
            <TD>1642.0</TD>
            <TD>0.1785799980</TD>
          </TR>
          <TR>
            <TD>1643.0</TD>
            <TD>0.1761700058</TD>
          </TR>
          <TR>
            <TD>1644.0</TD>
            <TD>0.1737599945</TD>
          </TR>
          <TR>
            <TD>1645.0</TD>
            <TD>0.1713500023</TD>
          </TR>
          <TR>
            <TD>1646.0</TD>
            <TD>0.1689399910</TD>
          </TR>
          <TR>
            <TD>1647.0</TD>
            <TD>0.1665299988</TD>
          </TR>
          <TR>
            <TD>1648.0</TD>
            <TD>0.1641200066</TD>
          </TR>
          <TR>
            <TD>1649.0</TD>
            <TD>0.1617099953</TD>
          </TR>
          <TR>
            <TD>1650.0</TD>
            <TD>0.1593000031</TD>
          </TR>
          <TR>
            <TD>1651.0</TD>
            <TD>0.1585540009</TD>
          </TR>
          <TR>
            <TD>1652.0</TD>
            <TD>0.1578079987</TD>
          </TR>
          <TR>
            <TD>1653.0</TD>
            <TD>0.1570619965</TD>
          </TR>
          <TR>
            <TD>1654.0</TD>
            <TD>0.1563160038</TD>
          </TR>
          <TR>
            <TD>1655.0</TD>
            <TD>0.1555700016</TD>
          </TR>
          <TR>
            <TD>1656.0</TD>
            <TD>0.1548239994</TD>
          </TR>
          <TR>
            <TD>1657.0</TD>
            <TD>0.1540779972</TD>
          </TR>
          <TR>
            <TD>1658.0</TD>
            <TD>0.1533320045</TD>
          </TR>
          <TR>
            <TD>1659.0</TD>
            <TD>0.1525860023</TD>
          </TR>
          <TR>
            <TD>1660.0</TD>
            <TD>0.1518400002</TD>
          </TR>
          <TR>
            <TD>1661.0</TD>
            <TD>0.1510939980</TD>
          </TR>
          <TR>
            <TD>1662.0</TD>
            <TD>0.1503479958</TD>
          </TR>
          <TR>
            <TD>1663.0</TD>
            <TD>0.1496020031</TD>
          </TR>
          <TR>
            <TD>1664.0</TD>
            <TD>0.1488560009</TD>
          </TR>
          <TR>
            <TD>1665.0</TD>
            <TD>0.1481099987</TD>
          </TR>
          <TR>
            <TD>1666.0</TD>
            <TD>0.1473639965</TD>
          </TR>
          <TR>
            <TD>1667.0</TD>
            <TD>0.1466180038</TD>
          </TR>
          <TR>
            <TD>1668.0</TD>
            <TD>0.1458720016</TD>
          </TR>
          <TR>
            <TD>1669.0</TD>
            <TD>0.1451259995</TD>
          </TR>
          <TR>
            <TD>1670.0</TD>
            <TD>0.1443799973</TD>
          </TR>
          <TR>
            <TD>1671.0</TD>
            <TD>0.1436340046</TD>
          </TR>
          <TR>
            <TD>1672.0</TD>
            <TD>0.1428880024</TD>
          </TR>
          <TR>
            <TD>1673.0</TD>
            <TD>0.1421420002</TD>
          </TR>
          <TR>
            <TD>1674.0</TD>
            <TD>0.1413959980</TD>
          </TR>
          <TR>
            <TD>1675.0</TD>
            <TD>0.1406499958</TD>
          </TR>
          <TR>
            <TD>1676.0</TD>
            <TD>0.1399040031</TD>
          </TR>
          <TR>
            <TD>1677.0</TD>
            <TD>0.1391580009</TD>
          </TR>
          <TR>
            <TD>1678.0</TD>
            <TD>0.1384119987</TD>
          </TR>
          <TR>
            <TD>1679.0</TD>
            <TD>0.1376659966</TD>
          </TR>
          <TR>
            <TD>1680.0</TD>
            <TD>0.1369200039</TD>
          </TR>
          <TR>
            <TD>1681.0</TD>
            <TD>0.1361740017</TD>
          </TR>
          <TR>
            <TD>1682.0</TD>
            <TD>0.1354279995</TD>
          </TR>
          <TR>
            <TD>1683.0</TD>
            <TD>0.1346819973</TD>
          </TR>
          <TR>
            <TD>1684.0</TD>
            <TD>0.1339360046</TD>
          </TR>
          <TR>
            <TD>1685.0</TD>
            <TD>0.1331900024</TD>
          </TR>
          <TR>
            <TD>1686.0</TD>
            <TD>0.1324440002</TD>
          </TR>
          <TR>
            <TD>1687.0</TD>
            <TD>0.1316979980</TD>
          </TR>
          <TR>
            <TD>1688.0</TD>
            <TD>0.1309519959</TD>
          </TR>
          <TR>
            <TD>1689.0</TD>
            <TD>0.1302060032</TD>
          </TR>
          <TR>
            <TD>1690.0</TD>
            <TD>0.1294600010</TD>
          </TR>
          <TR>
            <TD>1691.0</TD>
            <TD>0.1287139988</TD>
          </TR>
          <TR>
            <TD>1692.0</TD>
            <TD>0.1279679966</TD>
          </TR>
          <TR>
            <TD>1693.0</TD>
            <TD>0.1272220039</TD>
          </TR>
          <TR>
            <TD>1694.0</TD>
            <TD>0.1264760017</TD>
          </TR>
          <TR>
            <TD>1695.0</TD>
            <TD>0.1257299995</TD>
          </TR>
          <TR>
            <TD>1696.0</TD>
            <TD>0.1249839973</TD>
          </TR>
          <TR>
            <TD>1697.0</TD>
            <TD>0.1242380047</TD>
          </TR>
          <TR>
            <TD>1698.0</TD>
            <TD>0.1234920025</TD>
          </TR>
          <TR>
            <TD>1699.0</TD>
            <TD>0.1227460003</TD>
          </TR>
          <TR>
            <TD>1700.0</TD>
            <TD>0.1219999981</TD>
          </TR>
          <TR>
            <TD>1701.0</TD>
            <TD>0.1216699982</TD>
          </TR>
          <TR>
            <TD>1702.0</TD>
            <TD>0.1213399982</TD>
          </TR>
          <TR>
            <TD>1703.0</TD>
            <TD>0.1210099983</TD>
          </TR>
          <TR>
            <TD>1704.0</TD>
            <TD>0.1206799984</TD>
          </TR>
          <TR>
            <TD>1705.0</TD>
            <TD>0.1203499985</TD>
          </TR>
          <TR>
            <TD>1706.0</TD>
            <TD>0.1200199985</TD>
          </TR>
          <TR>
            <TD>1707.0</TD>
            <TD>0.1196899986</TD>
          </TR>
          <TR>
            <TD>1708.0</TD>
            <TD>0.1193599987</TD>
          </TR>
          <TR>
            <TD>1709.0</TD>
            <TD>0.1190299988</TD>
          </TR>
          <TR>
            <TD>1710.0</TD>
            <TD>0.1186999989</TD>
          </TR>
          <TR>
            <TD>1711.0</TD>
            <TD>0.1183699989</TD>
          </TR>
          <TR>
            <TD>1712.0</TD>
            <TD>0.1180399990</TD>
          </TR>
          <TR>
            <TD>1713.0</TD>
            <TD>0.1177099991</TD>
          </TR>
          <TR>
            <TD>1714.0</TD>
            <TD>0.1173799992</TD>
          </TR>
          <TR>
            <TD>1715.0</TD>
            <TD>0.1170499992</TD>
          </TR>
          <TR>
            <TD>1716.0</TD>
            <TD>0.1167199993</TD>
          </TR>
          <TR>
            <TD>1717.0</TD>
            <TD>0.1163899994</TD>
          </TR>
          <TR>
            <TD>1718.0</TD>
            <TD>0.1160599995</TD>
          </TR>
          <TR>
            <TD>1719.0</TD>
            <TD>0.1157299995</TD>
          </TR>
          <TR>
            <TD>1720.0</TD>
            <TD>0.1153999996</TD>
          </TR>
          <TR>
            <TD>1721.0</TD>
            <TD>0.1150699997</TD>
          </TR>
          <TR>
            <TD>1722.0</TD>
            <TD>0.1147399998</TD>
          </TR>
          <TR>
            <TD>1723.0</TD>
            <TD>0.1144099998</TD>
          </TR>
          <TR>
            <TD>1724.0</TD>
            <TD>0.1140799999</TD>
          </TR>
          <TR>
            <TD>1725.0</TD>
            <TD>0.1137500000</TD>
          </TR>
          <TR>
            <TD>1726.0</TD>
            <TD>0.1134200001</TD>
          </TR>
          <TR>
            <TD>1727.0</TD>
            <TD>0.1130900002</TD>
          </TR>
          <TR>
            <TD>1728.0</TD>
            <TD>0.1127600002</TD>
          </TR>
          <TR>
            <TD>1729.0</TD>
            <TD>0.1124300003</TD>
          </TR>
          <TR>
            <TD>1730.0</TD>
            <TD>0.1121000004</TD>
          </TR>
          <TR>
            <TD>1731.0</TD>
            <TD>0.1117700005</TD>
          </TR>
          <TR>
            <TD>1732.0</TD>
            <TD>0.1114400005</TD>
          </TR>
          <TR>
            <TD>1733.0</TD>
            <TD>0.1111100006</TD>
          </TR>
          <TR>
            <TD>1734.0</TD>
            <TD>0.1107800007</TD>
          </TR>
          <TR>
            <TD>1735.0</TD>
            <TD>0.1104500008</TD>
          </TR>
          <TR>
            <TD>1736.0</TD>
            <TD>0.1101200008</TD>
          </TR>
          <TR>
            <TD>1737.0</TD>
            <TD>0.1097900009</TD>
          </TR>
          <TR>
            <TD>1738.0</TD>
            <TD>0.1094600010</TD>
          </TR>
          <TR>
            <TD>1739.0</TD>
            <TD>0.1091300011</TD>
          </TR>
          <TR>
            <TD>1740.0</TD>
            <TD>0.1088000011</TD>
          </TR>
          <TR>
            <TD>1741.0</TD>
            <TD>0.1084700012</TD>
          </TR>
          <TR>
            <TD>1742.0</TD>
            <TD>0.1081400013</TD>
          </TR>
          <TR>
            <TD>1743.0</TD>
            <TD>0.1078100014</TD>
          </TR>
          <TR>
            <TD>1744.0</TD>
            <TD>0.1074800015</TD>
          </TR>
          <TR>
            <TD>1745.0</TD>
            <TD>0.1071500015</TD>
          </TR>
          <TR>
            <TD>1746.0</TD>
            <TD>0.1068200016</TD>
          </TR>
          <TR>
            <TD>1747.0</TD>
            <TD>0.1064900017</TD>
          </TR>
          <TR>
            <TD>1748.0</TD>
            <TD>0.1061600018</TD>
          </TR>
          <TR>
            <TD>1749.0</TD>
            <TD>0.1058300018</TD>
          </TR>
          <TR>
            <TD>1750.0</TD>
            <TD>0.1055000019</TD>
          </TR>
          <TR>
            <TD>1751.0</TD>
            <TD>0.1035960007</TD>
          </TR>
          <TR>
            <TD>1752.0</TD>
            <TD>0.1016919994</TD>
          </TR>
          <TR>
            <TD>1753.0</TD>
            <TD>0.0997879982</TD>
          </TR>
          <TR>
            <TD>1754.0</TD>
            <TD>0.0978839970</TD>
          </TR>
          <TR>
            <TD>1755.0</TD>
            <TD>0.0959799957</TD>
          </TR>
          <TR>
            <TD>1756.0</TD>
            <TD>0.0940760040</TD>
          </TR>
          <TR>
            <TD>1757.0</TD>
            <TD>0.0921720028</TD>
          </TR>
          <TR>
            <TD>1758.0</TD>
            <TD>0.0902680016</TD>
          </TR>
          <TR>
            <TD>1759.0</TD>
            <TD>0.0883640003</TD>
          </TR>
          <TR>
            <TD>1760.0</TD>
            <TD>0.0864599991</TD>
          </TR>
          <TR>
            <TD>1761.0</TD>
            <TD>0.0845559978</TD>
          </TR>
          <TR>
            <TD>1762.0</TD>
            <TD>0.0826519966</TD>
          </TR>
          <TR>
            <TD>1763.0</TD>
            <TD>0.0807479954</TD>
          </TR>
          <TR>
            <TD>1764.0</TD>
            <TD>0.0788439989</TD>
          </TR>
          <TR>
            <TD>1765.0</TD>
            <TD>0.0769399977</TD>
          </TR>
          <TR>
            <TD>1766.0</TD>
            <TD>0.0750360012</TD>
          </TR>
          <TR>
            <TD>1767.0</TD>
            <TD>0.0731320000</TD>
          </TR>
          <TR>
            <TD>1768.0</TD>
            <TD>0.0712279987</TD>
          </TR>
          <TR>
            <TD>1769.0</TD>
            <TD>0.0693240023</TD>
          </TR>
          <TR>
            <TD>1770.0</TD>
            <TD>0.0674200010</TD>
          </TR>
          <TR>
            <TD>1771.0</TD>
            <TD>0.0655159998</TD>
          </TR>
          <TR>
            <TD>1772.0</TD>
            <TD>0.0636119986</TD>
          </TR>
          <TR>
            <TD>1773.0</TD>
            <TD>0.0617080021</TD>
          </TR>
          <TR>
            <TD>1774.0</TD>
            <TD>0.0598040009</TD>
          </TR>
          <TR>
            <TD>1775.0</TD>
            <TD>0.0578999996</TD>
          </TR>
          <TR>
            <TD>1776.0</TD>
            <TD>0.0559959984</TD>
          </TR>
          <TR>
            <TD>1777.0</TD>
            <TD>0.0540920019</TD>
          </TR>
          <TR>
            <TD>1778.0</TD>
            <TD>0.0521880007</TD>
          </TR>
          <TR>
            <TD>1779.0</TD>
            <TD>0.0502839994</TD>
          </TR>
          <TR>
            <TD>1780.0</TD>
            <TD>0.0483799982</TD>
          </TR>
          <TR>
            <TD>1781.0</TD>
            <TD>0.0464760017</TD>
          </TR>
          <TR>
            <TD>1782.0</TD>
            <TD>0.0445720005</TD>
          </TR>
          <TR>
            <TD>1783.0</TD>
            <TD>0.0426679993</TD>
          </TR>
          <TR>
            <TD>1784.0</TD>
            <TD>0.0407639980</TD>
          </TR>
          <TR>
            <TD>1785.0</TD>
            <TD>0.0388599992</TD>
          </TR>
          <TR>
            <TD>1786.0</TD>
            <TD>0.0369560003</TD>
          </TR>
          <TR>
            <TD>1787.0</TD>
            <TD>0.0350519991</TD>
          </TR>
          <TR>
            <TD>1788.0</TD>
            <TD>0.0331480002</TD>
          </TR>
          <TR>
            <TD>1789.0</TD>
            <TD>0.0312439990</TD>
          </TR>
          <TR>
            <TD>1790.0</TD>
            <TD>0.0293400002</TD>
          </TR>
          <TR>
            <TD>1791.0</TD>
            <TD>0.0274359989</TD>
          </TR>
          <TR>
            <TD>1792.0</TD>
            <TD>0.0255320001</TD>
          </TR>
          <TR>
            <TD>1793.0</TD>
            <TD>0.0236279988</TD>
          </TR>
          <TR>
            <TD>1794.0</TD>
            <TD>0.0217240000</TD>
          </TR>
          <TR>
            <TD>1795.0</TD>
            <TD>0.0198199999</TD>
          </TR>
          <TR>
            <TD>1796.0</TD>
            <TD>0.0179159999</TD>
          </TR>
          <TR>
            <TD>1797.0</TD>
            <TD>0.0160119998</TD>
          </TR>
          <TR>
            <TD>1798.0</TD>
            <TD>0.0141079998</TD>
          </TR>
          <TR>
            <TD>1799.0</TD>
            <TD>0.0122039998</TD>
          </TR>
          <TR>
            <TD>1800.0</TD>
            <TD>0.0102999997</TD>
          </TR>
          <TR>
            <TD>1801.0</TD>
            <TD>0.0092699999</TD>
          </TR>
          <TR>
            <TD>1802.0</TD>
            <TD>0.0082400000</TD>
          </TR>
          <TR>
            <TD>1803.0</TD>
            <TD>0.0072100002</TD>
          </TR>
          <TR>
            <TD>1804.0</TD>
            <TD>0.0061799997</TD>
          </TR>
          <TR>
            <TD>1805.0</TD>
            <TD>0.0051499999</TD>
          </TR>
          <TR>
            <TD>1806.0</TD>
            <TD>0.0041200000</TD>
          </TR>
          <TR>
            <TD>1807.0</TD>
            <TD>0.0030899999</TD>
          </TR>
          <TR>
            <TD>1808.0</TD>
            <TD>0.0020600000</TD>
          </TR>
          <TR>
            <TD>1809.0</TD>
            <TD>0.0010300000</TD>
          </TR>
          <TR>
            <TD>1810.0</TD>
            <TD>0.0000000000</TD>
          </TR>
        </TABLEDATA>
      </DATA>
    </TABLE>
  </RESOURCE>
</VOTABLE>
