<?xml version="1.0"?>
<VOTABLE version="1.1" xsi:schemaLocation="http://www.ivoa.net/xml/VOTable/v1.1" xmlns:xsi="http://www.w3.org/2001/XMLSchema-instance">
  <INFO name="QUERY_STATUS" value="OK"/>
  <RESOURCE type="results">
    <PARAM name="FilterProfileService" value="ivo://svo/fps" ucd="meta.ref.ivorn" utype="PhotometryFilter.fpsIdentifier" datatype="char" arraysize="*"/>
    <PARAM name="filterID" value="Generic/Johnson.I" ucd="meta.id" utype="photdm:PhotometryFilter.identifier" datatype="char" arraysize="*"/>
    <PARAM name="WavelengthUnit" value="Angstrom" ucd="meta.unit" utype="PhotometryFilter.SpectralAxis.unit" datatype="char" arraysize="*"/>
    <PARAM name="WavelengthUCD" value="em.wl" ucd="meta.ucd" utype="PhotometryFilter.SpectralAxis.UCD" datatype="char" arraysize="*"/>
    <PARAM name="Description" value="Johnson I" ucd="meta.note" utype="photdm:PhotometryFilter.description" datatype="char" arraysize="*"/>
    <PARAM name="PhotSystem" value="Johnson" utype="photdm:PhotometricSystem.description" datatype="char" arraysize="*">
       <DESCRIPTION>Photometric system</DESCRIPTION>
    </PARAM>
    <PARAM name="Description" value="Johnson I" ucd="meta.note" utype="photdm:PhotometryFilter.description" datatype="char" arraysize="*"/>
    <PARAM name="Comments" value="Johnson I generic filter
" ucd="meta.note" datatype="char" arraysize="*"/>
    <PARAM name="WavelengthMean" value="8780.66471311" unit="Angstrom" ucd="em.wl" utype="photdm:PhotometryFilter.SpectralAxis.Coverage.Location.Value" datatype="float" >
       <DESCRIPTION>Mean wavelength. Defined as integ[x*filter(x) dx]/integ[filter(x) dx]</DESCRIPTION>
    </PARAM>
    <PARAM name="WavelengthEff" value="8565.14405188" unit="Angstrom" ucd="em.wl.effective" datatype="float" >
       <DESCRIPTION>Effective wavelength. Defined as integ[x*filter(x)*vega(x) dx]/integ[filter(x)*vega(x) dx]</DESCRIPTION>
    </PARAM>
    <PARAM name="WavelengthMin" value="7000" unit="Angstrom" ucd="em.wl;stat.min" utype="photdm:PhotometryFilter.SpectralAxis.Coverage.Bounds.Start" datatype="float" >
       <DESCRIPTION>Minimum filter wavelength. Defined as the first lambda value with a transmission at least 1% of maximum transmission</DESCRIPTION>
    </PARAM>
    <PARAM name="WavelengthMax" value="11800" unit="Angstrom" ucd="em.wl;stat.max" utype="photdm:PhotometryFilter.SpectralAxis.Coverage.Bounds.Stop" datatype="float" >
       <DESCRIPTION>Maximum filter wavelength. Defined as the last lambda value with a transmission at least 1% of maximum transmission</DESCRIPTION>
    </PARAM>
    <PARAM name="WidthEff" value="2315.99698866" unit="Angstrom" ucd="instr.bandwidth" utype="photdm:PhotometryFilter.SpectralAxis.Coverage.Bounds.Extent" datatype="float" >
       <DESCRIPTION>Effective width. Defined as integ[x*filter(x) dx].\nEquivalent to the horizontal size of a rectangle with height equal to maximum transmission and with the same area that the one covered by the filter transmission curve.</DESCRIPTION>
    </PARAM>
    <PARAM name="WavelengthCen" value="8642.72727273" unit="Angstrom" ucd="em.wl" datatype="float" >
       <DESCRIPTION>Central wavelength. Defined as the central wavelength between the two points defining FWMH</DESCRIPTION>
    </PARAM>
    <PARAM name="WavelengthPivot" value="8739.00300017" unit="Angstrom" ucd="em.wl" datatype="float" >
       <DESCRIPTION>Peak wavelength. Defined as sqrt{integ[x*filter(x) dx]/integ[filter(x) dx/x]}</DESCRIPTION>
    </PARAM>
    <PARAM name="WavelengthPeak" value="8600" unit="Angstrom" ucd="em.wl" datatype="float" >
       <DESCRIPTION>Peak wavelength. Defined as the lambda value with larger transmission</DESCRIPTION>
    </PARAM>
    <PARAM name="WavelengthPhot" value="8644.40616174" unit="Angstrom" ucd="em.wl" datatype="float" >
       <DESCRIPTION>Photon distribution based effective wavelength. Defined as integ[x^2*filter(x)*vega(x) dx]/integ[x*filter(x)*vega(x) dx]</DESCRIPTION>
    </PARAM>
    <PARAM name="FWHM" value="2205.45454545" unit="Angstrom" ucd="instr.bandwidth" datatype="float" >
       <DESCRIPTION>Full width at half maximum. Defined as the difference between the two wavelengths for which filter transmission is half maximum</DESCRIPTION>
    </PARAM>
    <PARAM name="PhotCalID" value="Generic/Johnson.I/Vega" ucd="meta.id" utype="photdm:PhotCal.identifier" datatype="char" arraysize="*"/>
    <PARAM name="MagSys" value="Vega" ucd="meta.code" utype="photdm:PhotCal.MagnitudeSystem.type" datatype="char" arraysize="*"/>
    <PARAM name="ZeroPoint" value="2282.78122969" unit="Jy" ucd="phot.flux.density" utype="photdm:PhotCal.ZeroPoint.Flux.value" datatype="float" />
    <PARAM name="ZeroPointUnit" value="Jy" ucd="meta.unit" utype="photdm:PhotCal.ZeroPoint.Flux.unit" datatype="char" arraysize="*"/>
    <PARAM name="ZeroPointType" value="Pogson" ucd="meta.code" utype="photdm:PhotCal.ZeroPoint.type" datatype="char" arraysize="*"/>
    <TABLE utype="photdm:PhotometryFilter.transmissionCurve.spectrum">
      <FIELD name="Wavelength" utype="spec:Data.SpectralAxis.Value" ucd="em.wl" unit="Angstrom" datatype="float"/>
      <FIELD name="Transmission" utype="spec:Data.FluxAxis.Value" ucd="phys.transmission" unit="" datatype="float"/>
      <DATA>
        <TABLEDATA>
          <TR>
            <TD>6800.0</TD>
            <TD>0.0000000000</TD>
          </TR>
          <TR>
            <TD>7000.0</TD>
            <TD>0.0100000000</TD>
          </TR>
          <TR>
            <TD>7200.0</TD>
            <TD>0.1700000000</TD>
          </TR>
          <TR>
            <TD>7400.0</TD>
            <TD>0.3600000000</TD>
          </TR>
          <TR>
            <TD>7600.0</TD>
            <TD>0.5600000000</TD>
          </TR>
          <TR>
            <TD>7800.0</TD>
            <TD>0.7600000000</TD>
          </TR>
          <TR>
            <TD>8000.0</TD>
            <TD>0.9600000000</TD>
          </TR>
          <TR>
            <TD>8200.0</TD>
            <TD>0.9800000000</TD>
          </TR>
          <TR>
            <TD>8400.0</TD>
            <TD>0.9900000000</TD>
          </TR>
          <TR>
            <TD>8600.0</TD>
            <TD>1.0000000000</TD>
          </TR>
          <TR>
            <TD>8800.0</TD>
            <TD>0.9800000000</TD>
          </TR>
          <TR>
            <TD>9000.0</TD>
            <TD>0.9300000000</TD>
          </TR>
          <TR>
            <TD>9200.0</TD>
            <TD>0.8400000000</TD>
          </TR>
          <TR>
            <TD>9400.0</TD>
            <TD>0.7100000000</TD>
          </TR>
          <TR>
            <TD>9600.0</TD>
            <TD>0.5800000000</TD>
          </TR>
          <TR>
            <TD>9800.0</TD>
            <TD>0.4700000000</TD>
          </TR>
          <TR>
            <TD>10000.0</TD>
            <TD>0.3600000000</TD>
          </TR>
          <TR>
            <TD>10200.0</TD>
            <TD>0.2800000000</TD>
          </TR>
          <TR>
            <TD>10400.0</TD>
            <TD>0.2000000000</TD>
          </TR>
          <TR>
            <TD>10600.0</TD>
            <TD>0.1500000000</TD>
          </TR>
          <TR>
            <TD>10800.0</TD>
            <TD>0.1000000000</TD>
          </TR>
          <TR>
            <TD>11000.0</TD>
            <TD>0.0800000000</TD>
          </TR>
          <TR>
            <TD>11200.0</TD>
            <TD>0.0500000000</TD>
          </TR>
          <TR>
            <TD>11400.0</TD>
            <TD>0.0300000000</TD>
          </TR>
          <TR>
            <TD>11600.0</TD>
            <TD>0.0200000000</TD>
          </TR>
          <TR>
            <TD>12000.0</TD>
            <TD>0.0000000000</TD>
          </TR>
        </TABLEDATA>
      </DATA>
    </TABLE>
  </RESOURCE>
</VOTABLE>
