<?xml version="1.0"?>
<VOTABLE version="1.1" xsi:schemaLocation="http://www.ivoa.net/xml/VOTable/v1.1" xmlns:xsi="http://www.w3.org/2001/XMLSchema-instance">
  <INFO name="QUERY_STATUS" value="OK"/>
  <RESOURCE type="results">
    <PARAM name="FilterProfileService" value="ivo://svo/fps" ucd="meta.ref.ivorn" utype="PhotometryFilter.fpsIdentifier" datatype="char" arraysize="*"/>
    <PARAM name="filterID" value="Herschel/SPIRE.PLW_ext" ucd="meta.id" utype="photdm:PhotometryFilter.identifier" datatype="char" arraysize="*"/>
    <PARAM name="WavelengthUnit" value="Angstrom" ucd="meta.unit" utype="PhotometryFilter.SpectralAxis.unit" datatype="char" arraysize="*"/>
    <PARAM name="WavelengthUCD" value="em.wl" ucd="meta.ucd" utype="PhotometryFilter.SpectralAxis.UCD" datatype="char" arraysize="*"/>
    <PARAM name="Description" value="Herschel SPIRE PLW filter (extended sources)" ucd="meta.note" utype="photdm:PhotometryFilter.description" datatype="char" arraysize="*"/>
    <PARAM name="PhotSystem" value="SPIRE" utype="photdm:PhotometricSystem.description" datatype="char" arraysize="*">
       <DESCRIPTION>Photometric system</DESCRIPTION>
    </PARAM>
    <PARAM name="Instrument" value="SPIRE" ucd="instr" datatype="char" arraysize="*">
       <DESCRIPTION>Instrument</DESCRIPTION>
    </PARAM>
    <PARAM name="Facility" value="Herschel" ucd="instr.obsty" datatype="char" arraysize="*">
       <DESCRIPTION>Observational facility</DESCRIPTION>
    </PARAM>
    <PARAM name="ProfileReference" value="http://herschel.esac.esa.int/Docs/SPIRE/html/spire_om.html#x1-920005.2.1" datatype="char" arraysize="*"/>
    <PARAM name="Description" value="Herschel SPIRE PLW filter (extended sources)" ucd="meta.note" utype="photdm:PhotometryFilter.description" datatype="char" arraysize="*"/>
    <PARAM name="WavelengthMean" value="5266028.9489822" unit="Angstrom" ucd="em.wl" utype="photdm:PhotometryFilter.SpectralAxis.Coverage.Location.Value" datatype="float" >
       <DESCRIPTION>Mean wavelength. Defined as integ[x*filter(x) dx]/integ[filter(x) dx]</DESCRIPTION>
    </PARAM>
    <PARAM name="WavelengthEff" value="4961067.7378571" unit="Angstrom" ucd="em.wl.effective" datatype="float" >
       <DESCRIPTION>Effective wavelength. Defined as integ[x*filter(x)*vega(x) dx]/integ[filter(x)*vega(x) dx]</DESCRIPTION>
    </PARAM>
    <PARAM name="WavelengthMin" value="3914345.9293002" unit="Angstrom" ucd="em.wl;stat.min" utype="photdm:PhotometryFilter.SpectralAxis.Coverage.Bounds.Start" datatype="float" >
       <DESCRIPTION>Minimum filter wavelength. Defined as the first lambda value with a transmission at least 1% of maximum transmission</DESCRIPTION>
    </PARAM>
    <PARAM name="WavelengthMax" value="6908139.1821503" unit="Angstrom" ucd="em.wl;stat.max" utype="photdm:PhotometryFilter.SpectralAxis.Coverage.Bounds.Stop" datatype="float" >
       <DESCRIPTION>Maximum filter wavelength. Defined as the last lambda value with a transmission at least 1% of maximum transmission</DESCRIPTION>
    </PARAM>
    <PARAM name="WidthEff" value="1439217.066176" unit="Angstrom" ucd="instr.bandwidth" utype="photdm:PhotometryFilter.SpectralAxis.Coverage.Bounds.Extent" datatype="float" >
       <DESCRIPTION>Effective width. Defined as integ[x*filter(x) dx].\nEquivalent to the horizontal size of a rectangle with height equal to maximum transmission and with the same area that the one covered by the filter transmission curve.</DESCRIPTION>
    </PARAM>
    <PARAM name="WavelengthCen" value="5184363.4191636" unit="Angstrom" ucd="em.wl" datatype="float" >
       <DESCRIPTION>Central wavelength. Defined as the central wavelength between the two points defining FWMH</DESCRIPTION>
    </PARAM>
    <PARAM name="WavelengthPivot" value="5228546.743851" unit="Angstrom" ucd="em.wl" datatype="float" >
       <DESCRIPTION>Peak wavelength. Defined as sqrt{integ[x*filter(x) dx]/integ[filter(x) dx/x]}</DESCRIPTION>
    </PARAM>
    <PARAM name="WavelengthPeak" value="6075334.1" unit="Angstrom" ucd="em.wl" datatype="float" >
       <DESCRIPTION>Peak wavelength. Defined as the lambda value with larger transmission</DESCRIPTION>
    </PARAM>
    <PARAM name="WavelengthPhot" value="5034500.8339956" unit="Angstrom" ucd="em.wl" datatype="float" >
       <DESCRIPTION>Photon distribution based effective wavelength. Defined as integ[x^2*filter(x)*vega(x) dx]/integ[x*filter(x)*vega(x) dx]</DESCRIPTION>
    </PARAM>
    <PARAM name="FWHM" value="1848041.9312706" unit="Angstrom" ucd="instr.bandwidth" datatype="float" >
       <DESCRIPTION>Full width at half maximum. Defined as the difference between the two wavelengths for which filter transmission is half maximum</DESCRIPTION>
    </PARAM>
    <PARAM name="PhotCalID" value="Herschel/SPIRE.PLW_ext/Vega" ucd="meta.id" utype="photdm:PhotCal.identifier" datatype="char" arraysize="*"/>
    <PARAM name="MagSys" value="Vega" ucd="meta.code" utype="photdm:PhotCal.MagnitudeSystem.type" datatype="char" arraysize="*"/>
    <PARAM name="ZeroPoint" value="0.013288162515851" unit="Jy" ucd="phot.flux.density" utype="photdm:PhotCal.ZeroPoint.Flux.value" datatype="float" />
    <PARAM name="ZeroPointUnit" value="Jy" ucd="meta.unit" utype="photdm:PhotCal.ZeroPoint.Flux.unit" datatype="char" arraysize="*"/>
    <PARAM name="ZeroPointType" value="Pogson" ucd="meta.code" utype="photdm:PhotCal.ZeroPoint.type" datatype="char" arraysize="*"/>
    <TABLE utype="photdm:PhotometryFilter.transmissionCurve.spectrum">
      <FIELD name="Wavelength" utype="spec:Data.SpectralAxis.Value" ucd="em.wl" unit="Angstrom" datatype="float"/>
      <FIELD name="Transmission" utype="spec:Data.FluxAxis.Value" ucd="phys.transmission" unit="" datatype="float"/>
      <DATA>
        <TABLEDATA>
          <TR>
            <TD>3438789.5</TD>
            <TD>1.7189e-5</TD>
          </TR>
          <TR>
            <TD>3450655.6</TD>
            <TD>1.9435e-5</TD>
          </TR>
          <TR>
            <TD>3462603.9</TD>
            <TD>2.4090e-5</TD>
          </TR>
          <TR>
            <TD>3473428.3</TD>
            <TD>3.8782e-5</TD>
          </TR>
          <TR>
            <TD>3485535.0</TD>
            <TD>5.1049e-5</TD>
          </TR>
          <TR>
            <TD>3497726.5</TD>
            <TD>6.5301e-5</TD>
          </TR>
          <TR>
            <TD>3510003.5</TD>
            <TD>1.0005e-4</TD>
          </TR>
          <TR>
            <TD>3521126.8</TD>
            <TD>1.5676e-4</TD>
          </TR>
          <TR>
            <TD>3533568.9</TD>
            <TD>2.1130e-4</TD>
          </TR>
          <TR>
            <TD>3546099.3</TD>
            <TD>2.3606e-4</TD>
          </TR>
          <TR>
            <TD>3558718.9</TD>
            <TD>2.9043e-4</TD>
          </TR>
          <TR>
            <TD>3571428.6</TD>
            <TD>3.6418e-4</TD>
          </TR>
          <TR>
            <TD>3582945.2</TD>
            <TD>3.5368e-4</TD>
          </TR>
          <TR>
            <TD>3595828.8</TD>
            <TD>2.9929e-4</TD>
          </TR>
          <TR>
            <TD>3608805.5</TD>
            <TD>3.2039e-4</TD>
          </TR>
          <TR>
            <TD>3621876.1</TD>
            <TD>3.7160e-4</TD>
          </TR>
          <TR>
            <TD>3635041.8</TD>
            <TD>4.2752e-4</TD>
          </TR>
          <TR>
            <TD>3646973.0</TD>
            <TD>5.0005e-4</TD>
          </TR>
          <TR>
            <TD>3660322.1</TD>
            <TD>4.6930e-4</TD>
          </TR>
          <TR>
            <TD>3673769.3</TD>
            <TD>4.6922e-4</TD>
          </TR>
          <TR>
            <TD>3687315.6</TD>
            <TD>4.7055e-4</TD>
          </TR>
          <TR>
            <TD>3699593.0</TD>
            <TD>5.2972e-4</TD>
          </TR>
          <TR>
            <TD>3713330.9</TD>
            <TD>5.1960e-4</TD>
          </TR>
          <TR>
            <TD>3727171.1</TD>
            <TD>5.7360e-4</TD>
          </TR>
          <TR>
            <TD>3741114.9</TD>
            <TD>6.2072e-4</TD>
          </TR>
          <TR>
            <TD>3755163.3</TD>
            <TD>7.5872e-4</TD>
          </TR>
          <TR>
            <TD>3767897.5</TD>
            <TD>1.0568e-3</TD>
          </TR>
          <TR>
            <TD>3782148.3</TD>
            <TD>1.2394e-3</TD>
          </TR>
          <TR>
            <TD>3796507.2</TD>
            <TD>1.5078e-3</TD>
          </TR>
          <TR>
            <TD>3810975.6</TD>
            <TD>1.7553e-3</TD>
          </TR>
          <TR>
            <TD>3825554.7</TD>
            <TD>2.3163e-3</TD>
          </TR>
          <TR>
            <TD>3838771.6</TD>
            <TD>2.8562e-3</TD>
          </TR>
          <TR>
            <TD>3853564.5</TD>
            <TD>3.5237e-3</TD>
          </TR>
          <TR>
            <TD>3868472.0</TD>
            <TD>4.5131e-3</TD>
          </TR>
          <TR>
            <TD>3883495.1</TD>
            <TD>5.7435e-3</TD>
          </TR>
          <TR>
            <TD>3897116.1</TD>
            <TD>7.2597e-3</TD>
          </TR>
          <TR>
            <TD>3912363.1</TD>
            <TD>9.5634e-3</TD>
          </TR>
          <TR>
            <TD>3927729.8</TD>
            <TD>1.2947e-2</TD>
          </TR>
          <TR>
            <TD>3943217.7</TD>
            <TD>1.7169e-2</TD>
          </TR>
          <TR>
            <TD>3958828.2</TD>
            <TD>2.2355e-2</TD>
          </TR>
          <TR>
            <TD>3972983.7</TD>
            <TD>2.8932e-2</TD>
          </TR>
          <TR>
            <TD>3988831.3</TD>
            <TD>3.7777e-2</TD>
          </TR>
          <TR>
            <TD>4004805.8</TD>
            <TD>4.8490e-2</TD>
          </TR>
          <TR>
            <TD>4020908.7</TD>
            <TD>6.2011e-2</TD>
          </TR>
          <TR>
            <TD>4037141.7</TD>
            <TD>8.0548e-2</TD>
          </TR>
          <TR>
            <TD>4051863.9</TD>
            <TD>1.0281e-1</TD>
          </TR>
          <TR>
            <TD>4068348.3</TD>
            <TD>1.3181e-1</TD>
          </TR>
          <TR>
            <TD>4084967.3</TD>
            <TD>1.7400e-1</TD>
          </TR>
          <TR>
            <TD>4101722.7</TD>
            <TD>2.2578e-1</TD>
          </TR>
          <TR>
            <TD>4116920.5</TD>
            <TD>2.8562e-1</TD>
          </TR>
          <TR>
            <TD>4133939.6</TD>
            <TD>3.3612e-1</TD>
          </TR>
          <TR>
            <TD>4151100.0</TD>
            <TD>3.7965e-1</TD>
          </TR>
          <TR>
            <TD>4168403.5</TD>
            <TD>4.2041e-1</TD>
          </TR>
          <TR>
            <TD>4185851.8</TD>
            <TD>4.3663e-1</TD>
          </TR>
          <TR>
            <TD>4201680.7</TD>
            <TD>4.4928e-1</TD>
          </TR>
          <TR>
            <TD>4219409.3</TD>
            <TD>4.6496e-1</TD>
          </TR>
          <TR>
            <TD>4237288.1</TD>
            <TD>4.8225e-1</TD>
          </TR>
          <TR>
            <TD>4255319.1</TD>
            <TD>4.9517e-1</TD>
          </TR>
          <TR>
            <TD>4271678.8</TD>
            <TD>5.1090e-1</TD>
          </TR>
          <TR>
            <TD>4290004.3</TD>
            <TD>5.2204e-1</TD>
          </TR>
          <TR>
            <TD>4308487.7</TD>
            <TD>5.3735e-1</TD>
          </TR>
          <TR>
            <TD>4327131.1</TD>
            <TD>5.4022e-1</TD>
          </TR>
          <TR>
            <TD>4345936.5</TD>
            <TD>5.5033e-1</TD>
          </TR>
          <TR>
            <TD>4363001.7</TD>
            <TD>5.3978e-1</TD>
          </TR>
          <TR>
            <TD>4382120.9</TD>
            <TD>5.4205e-1</TD>
          </TR>
          <TR>
            <TD>4401408.5</TD>
            <TD>5.5477e-1</TD>
          </TR>
          <TR>
            <TD>4420866.5</TD>
            <TD>5.6928e-1</TD>
          </TR>
          <TR>
            <TD>4440497.3</TD>
            <TD>5.7548e-1</TD>
          </TR>
          <TR>
            <TD>4458314.8</TD>
            <TD>5.7328e-1</TD>
          </TR>
          <TR>
            <TD>4478280.3</TD>
            <TD>5.7881e-1</TD>
          </TR>
          <TR>
            <TD>4498425.6</TD>
            <TD>5.5404e-1</TD>
          </TR>
          <TR>
            <TD>4518752.8</TD>
            <TD>5.4991e-1</TD>
          </TR>
          <TR>
            <TD>4537205.1</TD>
            <TD>5.5117e-1</TD>
          </TR>
          <TR>
            <TD>4557885.1</TD>
            <TD>5.4779e-1</TD>
          </TR>
          <TR>
            <TD>4578754.6</TD>
            <TD>5.4823e-1</TD>
          </TR>
          <TR>
            <TD>4599816.0</TD>
            <TD>5.7042e-1</TD>
          </TR>
          <TR>
            <TD>4621072.1</TD>
            <TD>5.9189e-1</TD>
          </TR>
          <TR>
            <TD>4640371.2</TD>
            <TD>5.9920e-1</TD>
          </TR>
          <TR>
            <TD>4662004.7</TD>
            <TD>6.2448e-1</TD>
          </TR>
          <TR>
            <TD>4683840.7</TD>
            <TD>6.1801e-1</TD>
          </TR>
          <TR>
            <TD>4705882.4</TD>
            <TD>6.1402e-1</TD>
          </TR>
          <TR>
            <TD>4728132.4</TD>
            <TD>5.9609e-1</TD>
          </TR>
          <TR>
            <TD>4748338.1</TD>
            <TD>5.9431e-1</TD>
          </TR>
          <TR>
            <TD>4770992.4</TD>
            <TD>5.7407e-1</TD>
          </TR>
          <TR>
            <TD>4793863.9</TD>
            <TD>5.7422e-1</TD>
          </TR>
          <TR>
            <TD>4816955.7</TD>
            <TD>5.6672e-1</TD>
          </TR>
          <TR>
            <TD>4837929.4</TD>
            <TD>5.8706e-1</TD>
          </TR>
          <TR>
            <TD>4861448.7</TD>
            <TD>6.0866e-1</TD>
          </TR>
          <TR>
            <TD>4885197.9</TD>
            <TD>6.2440e-1</TD>
          </TR>
          <TR>
            <TD>4909180.2</TD>
            <TD>6.3158e-1</TD>
          </TR>
          <TR>
            <TD>4933399.1</TD>
            <TD>6.2554e-1</TD>
          </TR>
          <TR>
            <TD>4955401.4</TD>
            <TD>6.2867e-1</TD>
          </TR>
          <TR>
            <TD>4980079.7</TD>
            <TD>6.2821e-1</TD>
          </TR>
          <TR>
            <TD>5005005.0</TD>
            <TD>6.3535e-1</TD>
          </TR>
          <TR>
            <TD>5030181.1</TD>
            <TD>6.3911e-1</TD>
          </TR>
          <TR>
            <TD>5055611.7</TD>
            <TD>6.3523e-1</TD>
          </TR>
          <TR>
            <TD>5078720.2</TD>
            <TD>6.2544e-1</TD>
          </TR>
          <TR>
            <TD>5104645.2</TD>
            <TD>6.4178e-1</TD>
          </TR>
          <TR>
            <TD>5130836.3</TD>
            <TD>6.5917e-1</TD>
          </TR>
          <TR>
            <TD>5157297.6</TD>
            <TD>6.4811e-1</TD>
          </TR>
          <TR>
            <TD>5181347.2</TD>
            <TD>6.6172e-1</TD>
          </TR>
          <TR>
            <TD>5208333.3</TD>
            <TD>6.7057e-1</TD>
          </TR>
          <TR>
            <TD>5235602.1</TD>
            <TD>6.5462e-1</TD>
          </TR>
          <TR>
            <TD>5263157.9</TD>
            <TD>6.6403e-1</TD>
          </TR>
          <TR>
            <TD>5291005.3</TD>
            <TD>6.9016e-1</TD>
          </TR>
          <TR>
            <TD>5316321.1</TD>
            <TD>7.3207e-1</TD>
          </TR>
          <TR>
            <TD>5344735.4</TD>
            <TD>7.2943e-1</TD>
          </TR>
          <TR>
            <TD>5373455.1</TD>
            <TD>7.4458e-1</TD>
          </TR>
          <TR>
            <TD>5402485.1</TD>
            <TD>7.6016e-1</TD>
          </TR>
          <TR>
            <TD>5431830.5</TD>
            <TD>7.5129e-1</TD>
          </TR>
          <TR>
            <TD>5458515.3</TD>
            <TD>7.5642e-1</TD>
          </TR>
          <TR>
            <TD>5488474.2</TD>
            <TD>7.3704e-1</TD>
          </TR>
          <TR>
            <TD>5518763.8</TD>
            <TD>7.3503e-1</TD>
          </TR>
          <TR>
            <TD>5549389.6</TD>
            <TD>7.5848e-1</TD>
          </TR>
          <TR>
            <TD>5577244.8</TD>
            <TD>7.4298e-1</TD>
          </TR>
          <TR>
            <TD>5608525.0</TD>
            <TD>7.7443e-1</TD>
          </TR>
          <TR>
            <TD>5640157.9</TD>
            <TD>8.3959e-1</TD>
          </TR>
          <TR>
            <TD>5672149.7</TD>
            <TD>8.5941e-1</TD>
          </TR>
          <TR>
            <TD>5704506.6</TD>
            <TD>8.8025e-1</TD>
          </TR>
          <TR>
            <TD>5733945.0</TD>
            <TD>8.8184e-1</TD>
          </TR>
          <TR>
            <TD>5767012.7</TD>
            <TD>8.7001e-1</TD>
          </TR>
          <TR>
            <TD>5800464.0</TD>
            <TD>8.5624e-1</TD>
          </TR>
          <TR>
            <TD>5834305.7</TD>
            <TD>8.7827e-1</TD>
          </TR>
          <TR>
            <TD>5865102.6</TD>
            <TD>8.7855e-1</TD>
          </TR>
          <TR>
            <TD>5899705.0</TD>
            <TD>9.2660e-1</TD>
          </TR>
          <TR>
            <TD>5934718.1</TD>
            <TD>9.7338e-1</TD>
          </TR>
          <TR>
            <TD>5970149.3</TD>
            <TD>9.5633e-1</TD>
          </TR>
          <TR>
            <TD>6006006.0</TD>
            <TD>9.7146e-1</TD>
          </TR>
          <TR>
            <TD>6038647.3</TD>
            <TD>9.9422e-1</TD>
          </TR>
          <TR>
            <TD>6075334.1</TD>
            <TD>1.0000e+0</TD>
          </TR>
          <TR>
            <TD>6112469.4</TD>
            <TD>4.3820e-1</TD>
          </TR>
          <TR>
            <TD>6150061.5</TD>
            <TD>2.4551e-1</TD>
          </TR>
          <TR>
            <TD>6188118.8</TD>
            <TD>1.6527e-1</TD>
          </TR>
          <TR>
            <TD>6222775.4</TD>
            <TD>1.2126e-1</TD>
          </TR>
          <TR>
            <TD>6261740.8</TD>
            <TD>9.5505e-2</TD>
          </TR>
          <TR>
            <TD>6301197.2</TD>
            <TD>7.4838e-2</TD>
          </TR>
          <TR>
            <TD>6341154.1</TD>
            <TD>6.0805e-2</TD>
          </TR>
          <TR>
            <TD>6377551.0</TD>
            <TD>5.0165e-2</TD>
          </TR>
          <TR>
            <TD>6418485.2</TD>
            <TD>4.2153e-2</TD>
          </TR>
          <TR>
            <TD>6459948.3</TD>
            <TD>3.4923e-2</TD>
          </TR>
          <TR>
            <TD>6501950.6</TD>
            <TD>2.8790e-2</TD>
          </TR>
          <TR>
            <TD>6544502.6</TD>
            <TD>2.4413e-2</TD>
          </TR>
          <TR>
            <TD>6583278.5</TD>
            <TD>2.2513e-2</TD>
          </TR>
          <TR>
            <TD>6626905.2</TD>
            <TD>1.9730e-2</TD>
          </TR>
          <TR>
            <TD>6671114.1</TD>
            <TD>1.7073e-2</TD>
          </TR>
          <TR>
            <TD>6715916.7</TD>
            <TD>1.6113e-2</TD>
          </TR>
          <TR>
            <TD>6761325.2</TD>
            <TD>1.4671e-2</TD>
          </TR>
          <TR>
            <TD>6802721.1</TD>
            <TD>1.3100e-2</TD>
          </TR>
          <TR>
            <TD>6849315.1</TD>
            <TD>1.1798e-2</TD>
          </TR>
          <TR>
            <TD>6896551.7</TD>
            <TD>1.0347e-2</TD>
          </TR>
          <TR>
            <TD>6944444.4</TD>
            <TD>8.9128e-3</TD>
          </TR>
          <TR>
            <TD>6988120.2</TD>
            <TD>7.9500e-3</TD>
          </TR>
          <TR>
            <TD>7037297.7</TD>
            <TD>7.2693e-3</TD>
          </TR>
          <TR>
            <TD>7087172.2</TD>
            <TD>6.9370e-3</TD>
          </TR>
          <TR>
            <TD>7137758.7</TD>
            <TD>6.0628e-3</TD>
          </TR>
          <TR>
            <TD>7189072.6</TD>
            <TD>5.7094e-3</TD>
          </TR>
          <TR>
            <TD>7235890.0</TD>
            <TD>5.0129e-3</TD>
          </TR>
          <TR>
            <TD>7288629.7</TD>
            <TD>4.9217e-3</TD>
          </TR>
          <TR>
            <TD>7342143.9</TD>
            <TD>4.5318e-3</TD>
          </TR>
          <TR>
            <TD>7396449.7</TD>
            <TD>4.1350e-3</TD>
          </TR>
          <TR>
            <TD>7451564.8</TD>
            <TD>3.9640e-3</TD>
          </TR>
          <TR>
            <TD>7501875.5</TD>
            <TD>3.7066e-3</TD>
          </TR>
          <TR>
            <TD>7558579.0</TD>
            <TD>3.1747e-3</TD>
          </TR>
          <TR>
            <TD>7616146.2</TD>
            <TD>2.9579e-3</TD>
          </TR>
          <TR>
            <TD>7674597.1</TD>
            <TD>2.8856e-3</TD>
          </TR>
          <TR>
            <TD>7727975.3</TD>
            <TD>2.6139e-3</TD>
          </TR>
          <TR>
            <TD>7788162.0</TD>
            <TD>2.2550e-3</TD>
          </TR>
          <TR>
            <TD>7849293.6</TD>
            <TD>2.1884e-3</TD>
          </TR>
          <TR>
            <TD>7911392.4</TD>
            <TD>2.0170e-3</TD>
          </TR>
          <TR>
            <TD>7974481.7</TD>
            <TD>2.0202e-3</TD>
          </TR>
          <TR>
            <TD>8032128.5</TD>
            <TD>1.8663e-3</TD>
          </TR>
          <TR>
            <TD>8097166.0</TD>
            <TD>1.7782e-3</TD>
          </TR>
          <TR>
            <TD>8163265.3</TD>
            <TD>1.6575e-3</TD>
          </TR>
          <TR>
            <TD>8230452.7</TD>
            <TD>1.6671e-3</TD>
          </TR>
          <TR>
            <TD>8298755.2</TD>
            <TD>1.5419e-3</TD>
          </TR>
          <TR>
            <TD>8361204.0</TD>
            <TD>1.5519e-3</TD>
          </TR>
          <TR>
            <TD>8431703.2</TD>
            <TD>1.4410e-3</TD>
          </TR>
          <TR>
            <TD>8503401.4</TD>
            <TD>1.2805e-3</TD>
          </TR>
          <TR>
            <TD>8576329.3</TD>
            <TD>1.1617e-3</TD>
          </TR>
          <TR>
            <TD>8643042.4</TD>
            <TD>1.0100e-3</TD>
          </TR>
          <TR>
            <TD>8718395.8</TD>
            <TD>9.6393e-4</TD>
          </TR>
          <TR>
            <TD>8795074.8</TD>
            <TD>9.1276e-4</TD>
          </TR>
          <TR>
            <TD>8873114.5</TD>
            <TD>9.1590e-4</TD>
          </TR>
          <TR>
            <TD>8952551.5</TD>
            <TD>7.6164e-4</TD>
          </TR>
          <TR>
            <TD>9025270.8</TD>
            <TD>7.3563e-4</TD>
          </TR>
          <TR>
            <TD>9107468.1</TD>
            <TD>7.0837e-4</TD>
          </TR>
          <TR>
            <TD>9191176.5</TD>
            <TD>7.3273e-4</TD>
          </TR>
        </TABLEDATA>
      </DATA>
    </TABLE>
  </RESOURCE>
</VOTABLE>
