<?xml version="1.0"?>
<VOTABLE version="1.1" xsi:schemaLocation="http://www.ivoa.net/xml/VOTable/v1.1" xmlns:xsi="http://www.w3.org/2001/XMLSchema-instance">
  <INFO name="QUERY_STATUS" value="OK"/>
  <RESOURCE type="results">
    <PARAM name="FilterProfileService" value="ivo://svo/fps" ucd="meta.ref.ivorn" utype="PhotometryFilter.fpsIdentifier" datatype="char" arraysize="*"/>
    <PARAM name="filterID" value="Herschel/Pacs.red" ucd="meta.id" utype="photdm:PhotometryFilter.identifier" datatype="char" arraysize="*"/>
    <PARAM name="WavelengthUnit" value="Angstrom" ucd="meta.unit" utype="PhotometryFilter.SpectralAxis.unit" datatype="char" arraysize="*"/>
    <PARAM name="WavelengthUCD" value="em.wl" ucd="meta.ucd" utype="PhotometryFilter.SpectralAxis.UCD" datatype="char" arraysize="*"/>
    <PARAM name="Description" value="Herschel Pacs red filter" ucd="meta.note" utype="photdm:PhotometryFilter.description" datatype="char" arraysize="*"/>
    <PARAM name="PhotSystem" value="Herschel" utype="photdm:PhotometricSystem.description" datatype="char" arraysize="*">
       <DESCRIPTION>Photometric system</DESCRIPTION>
    </PARAM>
    <PARAM name="Instrument" value="Pacs" ucd="instr" datatype="char" arraysize="*">
       <DESCRIPTION>Instrument</DESCRIPTION>
    </PARAM>
    <PARAM name="Facility" value="Herschel" ucd="instr.obsty" datatype="char" arraysize="*">
       <DESCRIPTION>Observational facility</DESCRIPTION>
    </PARAM>
    <PARAM name="ProfileReference" value="https://nhscsci.ipac.caltech.edu/sc/index.php/Pacs/FilterCurves" datatype="char" arraysize="*"/>
    <PARAM name="Description" value="Herschel Pacs red filter" ucd="meta.note" utype="photdm:PhotometryFilter.description" datatype="char" arraysize="*"/>
    <PARAM name="WavelengthMean" value="1671355.2526434" unit="Angstrom" ucd="em.wl" utype="photdm:PhotometryFilter.SpectralAxis.Coverage.Location.Value" datatype="float" >
       <DESCRIPTION>Mean wavelength. Defined as integ[x*filter(x) dx]/integ[filter(x) dx]</DESCRIPTION>
    </PARAM>
    <PARAM name="WavelengthEff" value="1539439.1819839" unit="Angstrom" ucd="em.wl.effective" datatype="float" >
       <DESCRIPTION>Effective wavelength. Defined as integ[x*filter(x)*vega(x) dx]/integ[filter(x)*vega(x) dx]</DESCRIPTION>
    </PARAM>
    <PARAM name="WavelengthMin" value="1177761.6759692" unit="Angstrom" ucd="em.wl;stat.min" utype="photdm:PhotometryFilter.SpectralAxis.Coverage.Bounds.Start" datatype="float" >
       <DESCRIPTION>Minimum filter wavelength. Defined as the first lambda value with a transmission at least 1% of maximum transmission</DESCRIPTION>
    </PARAM>
    <PARAM name="WavelengthMax" value="2436430.7388571" unit="Angstrom" ucd="em.wl;stat.max" utype="photdm:PhotometryFilter.SpectralAxis.Coverage.Bounds.Stop" datatype="float" >
       <DESCRIPTION>Maximum filter wavelength. Defined as the last lambda value with a transmission at least 1% of maximum transmission</DESCRIPTION>
    </PARAM>
    <PARAM name="WidthEff" value="697595.33521814" unit="Angstrom" ucd="instr.bandwidth" utype="photdm:PhotometryFilter.SpectralAxis.Coverage.Bounds.Extent" datatype="float" >
       <DESCRIPTION>Effective width. Defined as integ[x*filter(x) dx].\nEquivalent to the horizontal size of a rectangle with height equal to maximum transmission and with the same area that the one covered by the filter transmission curve.</DESCRIPTION>
    </PARAM>
    <PARAM name="WavelengthCen" value="1660698.1872365" unit="Angstrom" ucd="em.wl" datatype="float" >
       <DESCRIPTION>Central wavelength. Defined as the central wavelength between the two points defining FWMH</DESCRIPTION>
    </PARAM>
    <PARAM name="WavelengthPivot" value="1653562.1750385" unit="Angstrom" ucd="em.wl" datatype="float" >
       <DESCRIPTION>Peak wavelength. Defined as sqrt{integ[x*filter(x) dx]/integ[filter(x) dx/x]}</DESCRIPTION>
    </PARAM>
    <PARAM name="WavelengthPeak" value="1509429.9316" unit="Angstrom" ucd="em.wl" datatype="float" >
       <DESCRIPTION>Peak wavelength. Defined as the lambda value with larger transmission</DESCRIPTION>
    </PARAM>
    <PARAM name="WavelengthPhot" value="1569042.7886859" unit="Angstrom" ucd="em.wl" datatype="float" >
       <DESCRIPTION>Photon distribution based effective wavelength. Defined as integ[x^2*filter(x)*vega(x) dx]/integ[x*filter(x)*vega(x) dx]</DESCRIPTION>
    </PARAM>
    <PARAM name="FWHM" value="749540.61659231" unit="Angstrom" ucd="instr.bandwidth" datatype="float" >
       <DESCRIPTION>Full width at half maximum. Defined as the difference between the two wavelengths for which filter transmission is half maximum</DESCRIPTION>
    </PARAM>
    <PARAM name="PhotCalID" value="Herschel/Pacs.red/Vega" ucd="meta.id" utype="photdm:PhotCal.identifier" datatype="char" arraysize="*"/>
    <PARAM name="MagSys" value="Vega" ucd="meta.code" utype="photdm:PhotCal.MagnitudeSystem.type" datatype="char" arraysize="*"/>
    <PARAM name="ZeroPoint" value="0.14354882680064" unit="Jy" ucd="phot.flux.density" utype="photdm:PhotCal.ZeroPoint.Flux.value" datatype="float" />
    <PARAM name="ZeroPointUnit" value="Jy" ucd="meta.unit" utype="photdm:PhotCal.ZeroPoint.Flux.unit" datatype="char" arraysize="*"/>
    <PARAM name="ZeroPointType" value="Pogson" ucd="meta.code" utype="photdm:PhotCal.ZeroPoint.type" datatype="char" arraysize="*"/>
    <TABLE utype="photdm:PhotometryFilter.transmissionCurve.spectrum">
      <FIELD name="Wavelength" utype="spec:Data.SpectralAxis.Value" ucd="em.wl" unit="Angstrom" datatype="float"/>
      <FIELD name="Transmission" utype="spec:Data.FluxAxis.Value" ucd="phys.transmission" unit="" datatype="float"/>
      <DATA>
        <TABLEDATA>
          <TR>
            <TD>1114209.976200</TD>
            <TD>0.000123</TD>
          </TR>
          <TR>
            <TD>1117320.022600</TD>
            <TD>0.000186</TD>
          </TR>
          <TR>
            <TD>1120449.981700</TD>
            <TD>0.000251</TD>
          </TR>
          <TR>
            <TD>1123600.006100</TD>
            <TD>0.000327</TD>
          </TR>
          <TR>
            <TD>1126760.025000</TD>
            <TD>0.000424</TD>
          </TR>
          <TR>
            <TD>1129940.033000</TD>
            <TD>0.000564</TD>
          </TR>
          <TR>
            <TD>1133140.029900</TD>
            <TD>0.000745</TD>
          </TR>
          <TR>
            <TD>1136360.015900</TD>
            <TD>0.001007</TD>
          </TR>
          <TR>
            <TD>1139599.990800</TD>
            <TD>0.001292</TD>
          </TR>
          <TR>
            <TD>1142860.031100</TD>
            <TD>0.001489</TD>
          </TR>
          <TR>
            <TD>1146129.989600</TD>
            <TD>0.001641</TD>
          </TR>
          <TR>
            <TD>1149430.007900</TD>
            <TD>0.001924</TD>
          </TR>
          <TR>
            <TD>1152740.020800</TD>
            <TD>0.002251</TD>
          </TR>
          <TR>
            <TD>1156070.022600</TD>
            <TD>0.002455</TD>
          </TR>
          <TR>
            <TD>1159420.013400</TD>
            <TD>0.002603</TD>
          </TR>
          <TR>
            <TD>1162789.993300</TD>
            <TD>0.002902</TD>
          </TR>
          <TR>
            <TD>1166179.962200</TD>
            <TD>0.003314</TD>
          </TR>
          <TR>
            <TD>1169589.996300</TD>
            <TD>0.003896</TD>
          </TR>
          <TR>
            <TD>1173020.019500</TD>
            <TD>0.004603</TD>
          </TR>
          <TR>
            <TD>1176470.031700</TD>
            <TD>0.005203</TD>
          </TR>
          <TR>
            <TD>1179940.033000</TD>
            <TD>0.005911</TD>
          </TR>
          <TR>
            <TD>1183430.023200</TD>
            <TD>0.006944</TD>
          </TR>
          <TR>
            <TD>1186940.002400</TD>
            <TD>0.008151</TD>
          </TR>
          <TR>
            <TD>1190479.965200</TD>
            <TD>0.009556</TD>
          </TR>
          <TR>
            <TD>1194029.998800</TD>
            <TD>0.011279</TD>
          </TR>
          <TR>
            <TD>1197600.021400</TD>
            <TD>0.012974</TD>
          </TR>
          <TR>
            <TD>1201200.027500</TD>
            <TD>0.014910</TD>
          </TR>
          <TR>
            <TD>1204820.022600</TD>
            <TD>0.017556</TD>
          </TR>
          <TR>
            <TD>1208460.006700</TD>
            <TD>0.020500</TD>
          </TR>
          <TR>
            <TD>1212119.979900</TD>
            <TD>0.023687</TD>
          </TR>
          <TR>
            <TD>1215810.012800</TD>
            <TD>0.027529</TD>
          </TR>
          <TR>
            <TD>1219509.964000</TD>
            <TD>0.031797</TD>
          </TR>
          <TR>
            <TD>1223239.975000</TD>
            <TD>0.036672</TD>
          </TR>
          <TR>
            <TD>1226989.975000</TD>
            <TD>0.042770</TD>
          </TR>
          <TR>
            <TD>1230770.034800</TD>
            <TD>0.049610</TD>
          </TR>
          <TR>
            <TD>1234570.007300</TD>
            <TD>0.056778</TD>
          </TR>
          <TR>
            <TD>1238389.968900</TD>
            <TD>0.065691</TD>
          </TR>
          <TR>
            <TD>1242239.990200</TD>
            <TD>0.076384</TD>
          </TR>
          <TR>
            <TD>1246110.000600</TD>
            <TD>0.087222</TD>
          </TR>
          <TR>
            <TD>1250000.000000</TD>
            <TD>0.099647</TD>
          </TR>
          <TR>
            <TD>1253919.982900</TD>
            <TD>0.114529</TD>
          </TR>
          <TR>
            <TD>1257860.031100</TD>
            <TD>0.129435</TD>
          </TR>
          <TR>
            <TD>1261829.986600</TD>
            <TD>0.146434</TD>
          </TR>
          <TR>
            <TD>1265820.007300</TD>
            <TD>0.166544</TD>
          </TR>
          <TR>
            <TD>1269840.011600</TD>
            <TD>0.185356</TD>
          </TR>
          <TR>
            <TD>1273889.999400</TD>
            <TD>0.205597</TD>
          </TR>
          <TR>
            <TD>1277959.976200</TD>
            <TD>0.230493</TD>
          </TR>
          <TR>
            <TD>1282050.018300</TD>
            <TD>0.252862</TD>
          </TR>
          <TR>
            <TD>1286170.043900</TD>
            <TD>0.274605</TD>
          </TR>
          <TR>
            <TD>1290319.976800</TD>
            <TD>0.301586</TD>
          </TR>
          <TR>
            <TD>1294499.969500</TD>
            <TD>0.324261</TD>
          </TR>
          <TR>
            <TD>1298699.951200</TD>
            <TD>0.343256</TD>
          </TR>
          <TR>
            <TD>1302929.992700</TD>
            <TD>0.367845</TD>
          </TR>
          <TR>
            <TD>1307189.941400</TD>
            <TD>0.388629</TD>
          </TR>
          <TR>
            <TD>1311479.950000</TD>
            <TD>0.403465</TD>
          </TR>
          <TR>
            <TD>1315789.947500</TD>
            <TD>0.422941</TD>
          </TR>
          <TR>
            <TD>1320130.004900</TD>
            <TD>0.437648</TD>
          </TR>
          <TR>
            <TD>1324499.969500</TD>
            <TD>0.441607</TD>
          </TR>
          <TR>
            <TD>1328899.993900</TD>
            <TD>0.448333</TD>
          </TR>
          <TR>
            <TD>1333329.925500</TD>
            <TD>0.454161</TD>
          </TR>
          <TR>
            <TD>1337790.069600</TD>
            <TD>0.450629</TD>
          </TR>
          <TR>
            <TD>1342279.968300</TD>
            <TD>0.450380</TD>
          </TR>
          <TR>
            <TD>1346799.926800</TD>
            <TD>0.453477</TD>
          </TR>
          <TR>
            <TD>1351349.945100</TD>
            <TD>0.450510</TD>
          </TR>
          <TR>
            <TD>1355930.023200</TD>
            <TD>0.452333</TD>
          </TR>
          <TR>
            <TD>1360540.008500</TD>
            <TD>0.463038</TD>
          </TR>
          <TR>
            <TD>1365189.971900</TD>
            <TD>0.468239</TD>
          </TR>
          <TR>
            <TD>1369859.924300</TD>
            <TD>0.473924</TD>
          </TR>
          <TR>
            <TD>1374570.007300</TD>
            <TD>0.488863</TD>
          </TR>
          <TR>
            <TD>1379309.845000</TD>
            <TD>0.496747</TD>
          </TR>
          <TR>
            <TD>1384080.047600</TD>
            <TD>0.498928</TD>
          </TR>
          <TR>
            <TD>1388890.075700</TD>
            <TD>0.508083</TD>
          </TR>
          <TR>
            <TD>1393730.011000</TD>
            <TD>0.510638</TD>
          </TR>
          <TR>
            <TD>1398600.006100</TD>
            <TD>0.507472</TD>
          </TR>
          <TR>
            <TD>1403509.979200</TD>
            <TD>0.514133</TD>
          </TR>
          <TR>
            <TD>1408450.012200</TD>
            <TD>0.517551</TD>
          </TR>
          <TR>
            <TD>1413430.023200</TD>
            <TD>0.513237</TD>
          </TR>
          <TR>
            <TD>1418439.941400</TD>
            <TD>0.517836</TD>
          </TR>
          <TR>
            <TD>1423489.990200</TD>
            <TD>0.521810</TD>
          </TR>
          <TR>
            <TD>1428569.946300</TD>
            <TD>0.517146</TD>
          </TR>
          <TR>
            <TD>1433690.033000</TD>
            <TD>0.520022</TD>
          </TR>
          <TR>
            <TD>1438849.945100</TD>
            <TD>0.524563</TD>
          </TR>
          <TR>
            <TD>1444040.069600</TD>
            <TD>0.520245</TD>
          </TR>
          <TR>
            <TD>1449279.937700</TD>
            <TD>0.521576</TD>
          </TR>
          <TR>
            <TD>1454550.018300</TD>
            <TD>0.527749</TD>
          </TR>
          <TR>
            <TD>1459850.006100</TD>
            <TD>0.526550</TD>
          </TR>
          <TR>
            <TD>1465200.042700</TD>
            <TD>0.528340</TD>
          </TR>
          <TR>
            <TD>1470590.057400</TD>
            <TD>0.535338</TD>
          </TR>
          <TR>
            <TD>1476009.979200</TD>
            <TD>0.534712</TD>
          </TR>
          <TR>
            <TD>1481479.950000</TD>
            <TD>0.535202</TD>
          </TR>
          <TR>
            <TD>1486990.051300</TD>
            <TD>0.543420</TD>
          </TR>
          <TR>
            <TD>1492539.978000</TD>
            <TD>0.543501</TD>
          </TR>
          <TR>
            <TD>1498130.035400</TD>
            <TD>0.540527</TD>
          </TR>
          <TR>
            <TD>1503760.070800</TD>
            <TD>0.546614</TD>
          </TR>
          <TR>
            <TD>1509429.931600</TD>
            <TD>0.546654</TD>
          </TR>
          <TR>
            <TD>1515149.993900</TD>
            <TD>0.540914</TD>
          </TR>
          <TR>
            <TD>1520910.034200</TD>
            <TD>0.545060</TD>
          </TR>
          <TR>
            <TD>1526719.970700</TD>
            <TD>0.545702</TD>
          </TR>
          <TR>
            <TD>1532570.037800</TD>
            <TD>0.539329</TD>
          </TR>
          <TR>
            <TD>1538459.930400</TD>
            <TD>0.543259</TD>
          </TR>
          <TR>
            <TD>1544400.024400</TD>
            <TD>0.546314</TD>
          </TR>
          <TR>
            <TD>1550390.014600</TD>
            <TD>0.540564</TD>
          </TR>
          <TR>
            <TD>1556419.982900</TD>
            <TD>0.542747</TD>
          </TR>
          <TR>
            <TD>1562500.000000</TD>
            <TD>0.544672</TD>
          </TR>
          <TR>
            <TD>1568630.065900</TD>
            <TD>0.536338</TD>
          </TR>
          <TR>
            <TD>1574799.957300</TD>
            <TD>0.535639</TD>
          </TR>
          <TR>
            <TD>1581029.968300</TD>
            <TD>0.538078</TD>
          </TR>
          <TR>
            <TD>1587299.957300</TD>
            <TD>0.529592</TD>
          </TR>
          <TR>
            <TD>1593630.065900</TD>
            <TD>0.524246</TD>
          </TR>
          <TR>
            <TD>1600000.000000</TD>
            <TD>0.524885</TD>
          </TR>
          <TR>
            <TD>1606430.053700</TD>
            <TD>0.516854</TD>
          </TR>
          <TR>
            <TD>1612899.932900</TD>
            <TD>0.509749</TD>
          </TR>
          <TR>
            <TD>1619429.931600</TD>
            <TD>0.510861</TD>
          </TR>
          <TR>
            <TD>1626020.050000</TD>
            <TD>0.506278</TD>
          </TR>
          <TR>
            <TD>1632649.993900</TD>
            <TD>0.499765</TD>
          </TR>
          <TR>
            <TD>1639340.057400</TD>
            <TD>0.501560</TD>
          </TR>
          <TR>
            <TD>1646089.935300</TD>
            <TD>0.498322</TD>
          </TR>
          <TR>
            <TD>1652890.014600</TD>
            <TD>0.489745</TD>
          </TR>
          <TR>
            <TD>1659750.061000</TD>
            <TD>0.489233</TD>
          </TR>
          <TR>
            <TD>1666670.074500</TD>
            <TD>0.485033</TD>
          </TR>
          <TR>
            <TD>1673639.984100</TD>
            <TD>0.473850</TD>
          </TR>
          <TR>
            <TD>1680670.013400</TD>
            <TD>0.471473</TD>
          </TR>
          <TR>
            <TD>1687760.009800</TD>
            <TD>0.470701</TD>
          </TR>
          <TR>
            <TD>1694920.043900</TD>
            <TD>0.460580</TD>
          </TR>
          <TR>
            <TD>1702129.974400</TD>
            <TD>0.457268</TD>
          </TR>
          <TR>
            <TD>1709400.024400</TD>
            <TD>0.457957</TD>
          </TR>
          <TR>
            <TD>1716739.959700</TD>
            <TD>0.450658</TD>
          </TR>
          <TR>
            <TD>1724140.014600</TD>
            <TD>0.449159</TD>
          </TR>
          <TR>
            <TD>1731600.036600</TD>
            <TD>0.452309</TD>
          </TR>
          <TR>
            <TD>1739129.943800</TD>
            <TD>0.446053</TD>
          </TR>
          <TR>
            <TD>1746719.970700</TD>
            <TD>0.442808</TD>
          </TR>
          <TR>
            <TD>1754389.953600</TD>
            <TD>0.445406</TD>
          </TR>
          <TR>
            <TD>1762109.985400</TD>
            <TD>0.440926</TD>
          </TR>
          <TR>
            <TD>1769909.973100</TD>
            <TD>0.438277</TD>
          </TR>
          <TR>
            <TD>1777779.998800</TD>
            <TD>0.441164</TD>
          </TR>
          <TR>
            <TD>1785709.991500</TD>
            <TD>0.435159</TD>
          </TR>
          <TR>
            <TD>1793719.940200</TD>
            <TD>0.429747</TD>
          </TR>
          <TR>
            <TD>1801799.926800</TD>
            <TD>0.432801</TD>
          </TR>
          <TR>
            <TD>1809949.951200</TD>
            <TD>0.432525</TD>
          </TR>
          <TR>
            <TD>1818179.931600</TD>
            <TD>0.430561</TD>
          </TR>
          <TR>
            <TD>1826479.950000</TD>
            <TD>0.436655</TD>
          </TR>
          <TR>
            <TD>1834859.924300</TD>
            <TD>0.439237</TD>
          </TR>
          <TR>
            <TD>1843320.007300</TD>
            <TD>0.433252</TD>
          </TR>
          <TR>
            <TD>1851849.975600</TD>
            <TD>0.433453</TD>
          </TR>
          <TR>
            <TD>1860469.970700</TD>
            <TD>0.435221</TD>
          </TR>
          <TR>
            <TD>1869160.003700</TD>
            <TD>0.432822</TD>
          </TR>
          <TR>
            <TD>1877929.992700</TD>
            <TD>0.434708</TD>
          </TR>
          <TR>
            <TD>1886790.008500</TD>
            <TD>0.435832</TD>
          </TR>
          <TR>
            <TD>1895729.980500</TD>
            <TD>0.428704</TD>
          </TR>
          <TR>
            <TD>1904759.979200</TD>
            <TD>0.424391</TD>
          </TR>
          <TR>
            <TD>1913880.004900</TD>
            <TD>0.422630</TD>
          </TR>
          <TR>
            <TD>1923079.986600</TD>
            <TD>0.415795</TD>
          </TR>
          <TR>
            <TD>1932369.995100</TD>
            <TD>0.410199</TD>
          </TR>
          <TR>
            <TD>1941750.030500</TD>
            <TD>0.404831</TD>
          </TR>
          <TR>
            <TD>1951219.940200</TD>
            <TD>0.389426</TD>
          </TR>
          <TR>
            <TD>1960780.029300</TD>
            <TD>0.374824</TD>
          </TR>
          <TR>
            <TD>1970440.063500</TD>
            <TD>0.367303</TD>
          </TR>
          <TR>
            <TD>1980200.042700</TD>
            <TD>0.355677</TD>
          </TR>
          <TR>
            <TD>1990050.048800</TD>
            <TD>0.342366</TD>
          </TR>
          <TR>
            <TD>2000000.000000</TD>
            <TD>0.333008</TD>
          </TR>
          <TR>
            <TD>2010050.048800</TD>
            <TD>0.314394</TD>
          </TR>
          <TR>
            <TD>2020200.042700</TD>
            <TD>0.294157</TD>
          </TR>
          <TR>
            <TD>2030460.052500</TD>
            <TD>0.281663</TD>
          </TR>
          <TR>
            <TD>2040820.007300</TD>
            <TD>0.264420</TD>
          </TR>
          <TR>
            <TD>2051280.059800</TD>
            <TD>0.241459</TD>
          </TR>
          <TR>
            <TD>2061860.046400</TD>
            <TD>0.225093</TD>
          </TR>
          <TR>
            <TD>2072539.978000</TD>
            <TD>0.206788</TD>
          </TR>
          <TR>
            <TD>2083329.925500</TD>
            <TD>0.181573</TD>
          </TR>
          <TR>
            <TD>2094239.959700</TD>
            <TD>0.164831</TD>
          </TR>
          <TR>
            <TD>2105260.009800</TD>
            <TD>0.150374</TD>
          </TR>
          <TR>
            <TD>2116399.993900</TD>
            <TD>0.135176</TD>
          </TR>
          <TR>
            <TD>2127660.064700</TD>
            <TD>0.121540</TD>
          </TR>
          <TR>
            <TD>2139040.069600</TD>
            <TD>0.107791</TD>
          </TR>
          <TR>
            <TD>2150540.008500</TD>
            <TD>0.093567</TD>
          </TR>
          <TR>
            <TD>2162160.034200</TD>
            <TD>0.082464</TD>
          </TR>
          <TR>
            <TD>2173910.064700</TD>
            <TD>0.072885</TD>
          </TR>
          <TR>
            <TD>2185789.947500</TD>
            <TD>0.063338</TD>
          </TR>
          <TR>
            <TD>2197799.987800</TD>
            <TD>0.055415</TD>
          </TR>
          <TR>
            <TD>2209940.033000</TD>
            <TD>0.048305</TD>
          </TR>
          <TR>
            <TD>2222220.001200</TD>
            <TD>0.041694</TD>
          </TR>
          <TR>
            <TD>2234640.045200</TD>
            <TD>0.036946</TD>
          </TR>
          <TR>
            <TD>2247189.941400</TD>
            <TD>0.032905</TD>
          </TR>
          <TR>
            <TD>2259889.984100</TD>
            <TD>0.028374</TD>
          </TR>
          <TR>
            <TD>2272729.950000</TD>
            <TD>0.024620</TD>
          </TR>
          <TR>
            <TD>2285709.991500</TD>
            <TD>0.021874</TD>
          </TR>
          <TR>
            <TD>2298849.945100</TD>
            <TD>0.018989</TD>
          </TR>
          <TR>
            <TD>2312140.045200</TD>
            <TD>0.016238</TD>
          </TR>
          <TR>
            <TD>2325579.986600</TD>
            <TD>0.014224</TD>
          </TR>
          <TR>
            <TD>2339179.992700</TD>
            <TD>0.012476</TD>
          </TR>
          <TR>
            <TD>2352940.063500</TD>
            <TD>0.011017</TD>
          </TR>
          <TR>
            <TD>2366860.046400</TD>
            <TD>0.009811</TD>
          </TR>
          <TR>
            <TD>2380950.012200</TD>
            <TD>0.008725</TD>
          </TR>
          <TR>
            <TD>2395209.960900</TD>
            <TD>0.007686</TD>
          </TR>
          <TR>
            <TD>2409640.045200</TD>
            <TD>0.006962</TD>
          </TR>
          <TR>
            <TD>2424239.959700</TD>
            <TD>0.006213</TD>
          </TR>
          <TR>
            <TD>2439019.928000</TD>
            <TD>0.005308</TD>
          </TR>
          <TR>
            <TD>2453990.020800</TD>
            <TD>0.004835</TD>
          </TR>
          <TR>
            <TD>2469140.014600</TD>
            <TD>0.004417</TD>
          </TR>
          <TR>
            <TD>2484470.062300</TD>
            <TD>0.003826</TD>
          </TR>
          <TR>
            <TD>2500000.000000</TD>
            <TD>0.003429</TD>
          </TR>
          <TR>
            <TD>2515720.062300</TD>
            <TD>0.003116</TD>
          </TR>
          <TR>
            <TD>2531649.932900</TD>
            <TD>0.002774</TD>
          </TR>
          <TR>
            <TD>2547769.928000</TD>
            <TD>0.002508</TD>
          </TR>
          <TR>
            <TD>2564100.036600</TD>
            <TD>0.002304</TD>
          </TR>
          <TR>
            <TD>2580650.024400</TD>
            <TD>0.002070</TD>
          </TR>
          <TR>
            <TD>2597399.902300</TD>
            <TD>0.001858</TD>
          </TR>
          <TR>
            <TD>2614379.882800</TD>
            <TD>0.001681</TD>
          </TR>
          <TR>
            <TD>2631579.895000</TD>
            <TD>0.001456</TD>
          </TR>
          <TR>
            <TD>2649010.009800</TD>
            <TD>0.001263</TD>
          </TR>
          <TR>
            <TD>2666669.921900</TD>
            <TD>0.001129</TD>
          </TR>
          <TR>
            <TD>2684559.936500</TD>
            <TD>0.000974</TD>
          </TR>
          <TR>
            <TD>2702699.890100</TD>
            <TD>0.000813</TD>
          </TR>
          <TR>
            <TD>2721090.087900</TD>
            <TD>0.000721</TD>
          </TR>
          <TR>
            <TD>2739729.919400</TD>
            <TD>0.000633</TD>
          </TR>
          <TR>
            <TD>2758619.689900</TD>
            <TD>0.000537</TD>
          </TR>
          <TR>
            <TD>2777780.151400</TD>
            <TD>0.000490</TD>
          </TR>
          <TR>
            <TD>2797200.012200</TD>
            <TD>0.000460</TD>
          </TR>
          <TR>
            <TD>2816900.024400</TD>
            <TD>0.000404</TD>
          </TR>
          <TR>
            <TD>2836879.882800</TD>
            <TD>0.000358</TD>
          </TR>
          <TR>
            <TD>2857139.892600</TD>
            <TD>0.000325</TD>
          </TR>
          <TR>
            <TD>2877699.890100</TD>
            <TD>0.000277</TD>
          </TR>
          <TR>
            <TD>2898550.109900</TD>
            <TD>0.000223</TD>
          </TR>
          <TR>
            <TD>2919710.083000</TD>
            <TD>0.000195</TD>
          </TR>
          <TR>
            <TD>2941180.114700</TD>
            <TD>0.000157</TD>
          </TR>
          <TR>
            <TD>2962959.899900</TD>
            <TD>0.000131</TD>
          </TR>
          <TR>
            <TD>2985069.885300</TD>
            <TD>0.000150</TD>
          </TR>
          <TR>
            <TD>3007520.141600</TD>
            <TD>0.000163</TD>
          </TR>
          <TR>
            <TD>3030299.987800</TD>
            <TD>0.000161</TD>
          </TR>
          <TR>
            <TD>3053439.941400</TD>
            <TD>0.000167</TD>
          </TR>
          <TR>
            <TD>3076919.860800</TD>
            <TD>0.000155</TD>
          </TR>
          <TR>
            <TD>3100780.029300</TD>
            <TD>0.000131</TD>
          </TR>
          <TR>
            <TD>3125000.000000</TD>
            <TD>0.000130</TD>
          </TR>
          <TR>
            <TD>3149609.985400</TD>
            <TD>0.000126</TD>
          </TR>
          <TR>
            <TD>3174599.914600</TD>
            <TD>0.000111</TD>
          </TR>
          <TR>
            <TD>3200000.000000</TD>
            <TD>0.000108</TD>
          </TR>
        </TABLEDATA>
      </DATA>
    </TABLE>
  </RESOURCE>
</VOTABLE>
