<?xml version="1.0"?>
<VOTABLE version="1.1" xsi:schemaLocation="http://www.ivoa.net/xml/VOTable/v1.1" xmlns:xsi="http://www.w3.org/2001/XMLSchema-instance">
  <INFO name="QUERY_STATUS" value="OK"/>
  <RESOURCE type="results">
    <PARAM name="FilterProfileService" value="ivo://svo/fps" ucd="meta.ref.ivorn" utype="PhotometryFilter.fpsIdentifier" datatype="char" arraysize="*"/>
    <PARAM name="filterID" value="Herschel/Pacs.green" ucd="meta.id" utype="photdm:PhotometryFilter.identifier" datatype="char" arraysize="*"/>
    <PARAM name="WavelengthUnit" value="Angstrom" ucd="meta.unit" utype="PhotometryFilter.SpectralAxis.unit" datatype="char" arraysize="*"/>
    <PARAM name="WavelengthUCD" value="em.wl" ucd="meta.ucd" utype="PhotometryFilter.SpectralAxis.UCD" datatype="char" arraysize="*"/>
    <PARAM name="Description" value="Herschel Pacs green filter" ucd="meta.note" utype="photdm:PhotometryFilter.description" datatype="char" arraysize="*"/>
    <PARAM name="PhotSystem" value="Herschel" utype="photdm:PhotometricSystem.description" datatype="char" arraysize="*">
       <DESCRIPTION>Photometric system</DESCRIPTION>
    </PARAM>
    <PARAM name="Instrument" value="Pacs" ucd="instr" datatype="char" arraysize="*">
       <DESCRIPTION>Instrument</DESCRIPTION>
    </PARAM>
    <PARAM name="Facility" value="Herschel" ucd="instr.obsty" datatype="char" arraysize="*">
       <DESCRIPTION>Observational facility</DESCRIPTION>
    </PARAM>
    <PARAM name="ProfileReference" value="https://nhscsci.ipac.caltech.edu/sc/index.php/Pacs/FilterCurves" datatype="char" arraysize="*"/>
    <PARAM name="Description" value="Herschel Pacs green filter" ucd="meta.note" utype="photdm:PhotometryFilter.description" datatype="char" arraysize="*"/>
    <PARAM name="WavelengthMean" value="1026174.6445331" unit="Angstrom" ucd="em.wl" utype="photdm:PhotometryFilter.SpectralAxis.Coverage.Location.Value" datatype="float" >
       <DESCRIPTION>Mean wavelength. Defined as integ[x*filter(x) dx]/integ[filter(x) dx]</DESCRIPTION>
    </PARAM>
    <PARAM name="WavelengthEff" value="979036.08312218" unit="Angstrom" ucd="em.wl.effective" datatype="float" >
       <DESCRIPTION>Effective wavelength. Defined as integ[x*filter(x)*vega(x) dx]/integ[filter(x)*vega(x) dx]</DESCRIPTION>
    </PARAM>
    <PARAM name="WavelengthMin" value="791025.88317753" unit="Angstrom" ucd="em.wl;stat.min" utype="photdm:PhotometryFilter.SpectralAxis.Coverage.Bounds.Start" datatype="float" >
       <DESCRIPTION>Minimum filter wavelength. Defined as the first lambda value with a transmission at least 1% of maximum transmission</DESCRIPTION>
    </PARAM>
    <PARAM name="WavelengthMax" value="1351497.6671126" unit="Angstrom" ucd="em.wl;stat.max" utype="photdm:PhotometryFilter.SpectralAxis.Coverage.Bounds.Stop" datatype="float" >
       <DESCRIPTION>Maximum filter wavelength. Defined as the last lambda value with a transmission at least 1% of maximum transmission</DESCRIPTION>
    </PARAM>
    <PARAM name="WidthEff" value="312859.9705268" unit="Angstrom" ucd="instr.bandwidth" utype="photdm:PhotometryFilter.SpectralAxis.Coverage.Bounds.Extent" datatype="float" >
       <DESCRIPTION>Effective width. Defined as integ[x*filter(x) dx].\nEquivalent to the horizontal size of a rectangle with height equal to maximum transmission and with the same area that the one covered by the filter transmission curve.</DESCRIPTION>
    </PARAM>
    <PARAM name="WavelengthCen" value="1023382.1435593" unit="Angstrom" ucd="em.wl" datatype="float" >
       <DESCRIPTION>Central wavelength. Defined as the central wavelength between the two points defining FWMH</DESCRIPTION>
    </PARAM>
    <PARAM name="WavelengthPivot" value="1020073.6552952" unit="Angstrom" ucd="em.wl" datatype="float" >
       <DESCRIPTION>Peak wavelength. Defined as sqrt{integ[x*filter(x) dx]/integ[filter(x) dx/x]}</DESCRIPTION>
    </PARAM>
    <PARAM name="WavelengthPeak" value="977994.9951" unit="Angstrom" ucd="em.wl" datatype="float" >
       <DESCRIPTION>Peak wavelength. Defined as the lambda value with larger transmission</DESCRIPTION>
    </PARAM>
    <PARAM name="WavelengthPhot" value="990176.46818894" unit="Angstrom" ucd="em.wl" datatype="float" >
       <DESCRIPTION>Photon distribution based effective wavelength. Defined as integ[x^2*filter(x)*vega(x) dx]/integ[x*filter(x)*vega(x) dx]</DESCRIPTION>
    </PARAM>
    <PARAM name="FWHM" value="356865.97888891" unit="Angstrom" ucd="instr.bandwidth" datatype="float" >
       <DESCRIPTION>Full width at half maximum. Defined as the difference between the two wavelengths for which filter transmission is half maximum</DESCRIPTION>
    </PARAM>
    <PARAM name="PhotCalID" value="Herschel/Pacs.green/Vega" ucd="meta.id" utype="photdm:PhotCal.identifier" datatype="char" arraysize="*"/>
    <PARAM name="MagSys" value="Vega" ucd="meta.code" utype="photdm:PhotCal.MagnitudeSystem.type" datatype="char" arraysize="*"/>
    <PARAM name="ZeroPoint" value="0.37839247113685" unit="Jy" ucd="phot.flux.density" utype="photdm:PhotCal.ZeroPoint.Flux.value" datatype="float" />
    <PARAM name="ZeroPointUnit" value="Jy" ucd="meta.unit" utype="photdm:PhotCal.ZeroPoint.Flux.unit" datatype="char" arraysize="*"/>
    <PARAM name="ZeroPointType" value="Pogson" ucd="meta.code" utype="photdm:PhotCal.ZeroPoint.type" datatype="char" arraysize="*"/>
    <TABLE utype="photdm:PhotometryFilter.transmissionCurve.spectrum">
      <FIELD name="Wavelength" utype="spec:Data.SpectralAxis.Value" ucd="em.wl" unit="Angstrom" datatype="float"/>
      <FIELD name="Transmission" utype="spec:Data.FluxAxis.Value" ucd="phys.transmission" unit="" datatype="float"/>
      <DATA>
        <TABLEDATA>
          <TR>
            <TD>668896.026600</TD>
            <TD>0.000180</TD>
          </TR>
          <TR>
            <TD>670017.013500</TD>
            <TD>0.000292</TD>
          </TR>
          <TR>
            <TD>671140.976000</TD>
            <TD>0.000017</TD>
          </TR>
          <TR>
            <TD>672268.981900</TD>
            <TD>0.000128</TD>
          </TR>
          <TR>
            <TD>673401.031500</TD>
            <TD>0.000322</TD>
          </TR>
          <TR>
            <TD>674535.980200</TD>
            <TD>0.000022</TD>
          </TR>
          <TR>
            <TD>675675.964400</TD>
            <TD>0.000147</TD>
          </TR>
          <TR>
            <TD>676819.000200</TD>
            <TD>0.000353</TD>
          </TR>
          <TR>
            <TD>677966.003400</TD>
            <TD>0.000067</TD>
          </TR>
          <TR>
            <TD>679116.973900</TD>
            <TD>0.000078</TD>
          </TR>
          <TR>
            <TD>680271.987900</TD>
            <TD>0.000372</TD>
          </TR>
          <TR>
            <TD>681430.969200</TD>
            <TD>0.000078</TD>
          </TR>
          <TR>
            <TD>682593.994100</TD>
            <TD>0.000015</TD>
          </TR>
          <TR>
            <TD>683760.986300</TD>
            <TD>0.000209</TD>
          </TR>
          <TR>
            <TD>684931.030300</TD>
            <TD>0.000072</TD>
          </TR>
          <TR>
            <TD>686106.033300</TD>
            <TD>0.000066</TD>
          </TR>
          <TR>
            <TD>687285.003700</TD>
            <TD>0.000224</TD>
          </TR>
          <TR>
            <TD>688468.017600</TD>
            <TD>0.000109</TD>
          </TR>
          <TR>
            <TD>689654.998800</TD>
            <TD>0.000064</TD>
          </TR>
          <TR>
            <TD>690846.023600</TD>
            <TD>0.000526</TD>
          </TR>
          <TR>
            <TD>692042.007400</TD>
            <TD>0.000415</TD>
          </TR>
          <TR>
            <TD>693240.966800</TD>
            <TD>0.000300</TD>
          </TR>
          <TR>
            <TD>694443.969700</TD>
            <TD>0.000742</TD>
          </TR>
          <TR>
            <TD>695652.008100</TD>
            <TD>0.000556</TD>
          </TR>
          <TR>
            <TD>696864.013700</TD>
            <TD>0.000205</TD>
          </TR>
          <TR>
            <TD>698079.986600</TD>
            <TD>0.000556</TD>
          </TR>
          <TR>
            <TD>699300.994900</TD>
            <TD>0.000305</TD>
          </TR>
          <TR>
            <TD>700524.978600</TD>
            <TD>0.000082</TD>
          </TR>
          <TR>
            <TD>701753.997800</TD>
            <TD>0.000207</TD>
          </TR>
          <TR>
            <TD>702987.976100</TD>
            <TD>0.000227</TD>
          </TR>
          <TR>
            <TD>704225.006100</TD>
            <TD>0.000038</TD>
          </TR>
          <TR>
            <TD>705466.995200</TD>
            <TD>0.000324</TD>
          </TR>
          <TR>
            <TD>706714.019800</TD>
            <TD>0.000678</TD>
          </TR>
          <TR>
            <TD>707965.011600</TD>
            <TD>0.000281</TD>
          </TR>
          <TR>
            <TD>709219.970700</TD>
            <TD>0.000600</TD>
          </TR>
          <TR>
            <TD>710479.965200</TD>
            <TD>0.001176</TD>
          </TR>
          <TR>
            <TD>711744.003300</TD>
            <TD>0.000844</TD>
          </TR>
          <TR>
            <TD>713012.008700</TD>
            <TD>0.000953</TD>
          </TR>
          <TR>
            <TD>714285.965000</TD>
            <TD>0.001425</TD>
          </TR>
          <TR>
            <TD>715563.964800</TD>
            <TD>0.000984</TD>
          </TR>
          <TR>
            <TD>716846.008300</TD>
            <TD>0.000880</TD>
          </TR>
          <TR>
            <TD>718133.010900</TD>
            <TD>0.001379</TD>
          </TR>
          <TR>
            <TD>719423.980700</TD>
            <TD>0.000930</TD>
          </TR>
          <TR>
            <TD>720720.977800</TD>
            <TD>0.000536</TD>
          </TR>
          <TR>
            <TD>722022.018400</TD>
            <TD>0.000940</TD>
          </TR>
          <TR>
            <TD>723327.026400</TD>
            <TD>0.000567</TD>
          </TR>
          <TR>
            <TD>724637.985200</TD>
            <TD>0.000132</TD>
          </TR>
          <TR>
            <TD>725952.987700</TD>
            <TD>0.000621</TD>
          </TR>
          <TR>
            <TD>727273.025500</TD>
            <TD>0.000334</TD>
          </TR>
          <TR>
            <TD>728597.030600</TD>
            <TD>0.000067</TD>
          </TR>
          <TR>
            <TD>729926.986700</TD>
            <TD>0.000072</TD>
          </TR>
          <TR>
            <TD>731260.986300</TD>
            <TD>0.000198</TD>
          </TR>
          <TR>
            <TD>732601.013200</TD>
            <TD>0.000010</TD>
          </TR>
          <TR>
            <TD>733945.007300</TD>
            <TD>0.000025</TD>
          </TR>
          <TR>
            <TD>735294.036900</TD>
            <TD>0.000106</TD>
          </TR>
          <TR>
            <TD>736648.025500</TD>
            <TD>0.000022</TD>
          </TR>
          <TR>
            <TD>738006.973300</TD>
            <TD>0.000091</TD>
          </TR>
          <TR>
            <TD>739372.024500</TD>
            <TD>0.000017</TD>
          </TR>
          <TR>
            <TD>740740.966800</TD>
            <TD>0.000095</TD>
          </TR>
          <TR>
            <TD>742115.020800</TD>
            <TD>0.000357</TD>
          </TR>
          <TR>
            <TD>743494.033800</TD>
            <TD>0.000196</TD>
          </TR>
          <TR>
            <TD>744878.997800</TD>
            <TD>0.000223</TD>
          </TR>
          <TR>
            <TD>746268.997200</TD>
            <TD>0.000430</TD>
          </TR>
          <TR>
            <TD>747664.032000</TD>
            <TD>0.000195</TD>
          </TR>
          <TR>
            <TD>749064.025900</TD>
            <TD>0.000057</TD>
          </TR>
          <TR>
            <TD>750468.978900</TD>
            <TD>0.000152</TD>
          </TR>
          <TR>
            <TD>751880.035400</TD>
            <TD>0.000026</TD>
          </TR>
          <TR>
            <TD>753295.974700</TD>
            <TD>0.000014</TD>
          </TR>
          <TR>
            <TD>754717.025800</TD>
            <TD>0.000219</TD>
          </TR>
          <TR>
            <TD>756144.027700</TD>
            <TD>0.000203</TD>
          </TR>
          <TR>
            <TD>757575.988800</TD>
            <TD>0.000197</TD>
          </TR>
          <TR>
            <TD>759012.985200</TD>
            <TD>0.000853</TD>
          </TR>
          <TR>
            <TD>760456.008900</TD>
            <TD>0.000516</TD>
          </TR>
          <TR>
            <TD>761904.983500</TD>
            <TD>0.000132</TD>
          </TR>
          <TR>
            <TD>763358.993500</TD>
            <TD>0.000878</TD>
          </TR>
          <TR>
            <TD>764817.962600</TD>
            <TD>0.000598</TD>
          </TR>
          <TR>
            <TD>766283.035300</TD>
            <TD>0.000148</TD>
          </TR>
          <TR>
            <TD>767753.982500</TD>
            <TD>0.001077</TD>
          </TR>
          <TR>
            <TD>769231.033300</TD>
            <TD>0.001078</TD>
          </TR>
          <TR>
            <TD>770712.966900</TD>
            <TD>0.000506</TD>
          </TR>
          <TR>
            <TD>772201.004000</TD>
            <TD>0.001466</TD>
          </TR>
          <TR>
            <TD>773694.000200</TD>
            <TD>0.001873</TD>
          </TR>
          <TR>
            <TD>775194.015500</TD>
            <TD>0.001228</TD>
          </TR>
          <TR>
            <TD>776698.989900</TD>
            <TD>0.002018</TD>
          </TR>
          <TR>
            <TD>778209.991500</TD>
            <TD>0.002636</TD>
          </TR>
          <TR>
            <TD>779727.020300</TD>
            <TD>0.001887</TD>
          </TR>
          <TR>
            <TD>781250.000000</TD>
            <TD>0.002488</TD>
          </TR>
          <TR>
            <TD>782779.007000</TD>
            <TD>0.003438</TD>
          </TR>
          <TR>
            <TD>784313.964800</TD>
            <TD>0.002810</TD>
          </TR>
          <TR>
            <TD>785855.026200</TD>
            <TD>0.003206</TD>
          </TR>
          <TR>
            <TD>787401.962300</TD>
            <TD>0.004472</TD>
          </TR>
          <TR>
            <TD>788955.001800</TD>
            <TD>0.004395</TD>
          </TR>
          <TR>
            <TD>790513.992300</TD>
            <TD>0.005176</TD>
          </TR>
          <TR>
            <TD>792079.010000</TD>
            <TD>0.007161</TD>
          </TR>
          <TR>
            <TD>793650.970500</TD>
            <TD>0.007620</TD>
          </TR>
          <TR>
            <TD>795229.034400</TD>
            <TD>0.008375</TD>
          </TR>
          <TR>
            <TD>796812.973000</TD>
            <TD>0.010581</TD>
          </TR>
          <TR>
            <TD>798403.015100</TD>
            <TD>0.011414</TD>
          </TR>
          <TR>
            <TD>800000.000000</TD>
            <TD>0.012228</TD>
          </TR>
          <TR>
            <TD>801603.012100</TD>
            <TD>0.014892</TD>
          </TR>
          <TR>
            <TD>803212.966900</TD>
            <TD>0.016557</TD>
          </TR>
          <TR>
            <TD>804829.025300</TD>
            <TD>0.018026</TD>
          </TR>
          <TR>
            <TD>806452.026400</TD>
            <TD>0.021912</TD>
          </TR>
          <TR>
            <TD>808080.978400</TD>
            <TD>0.025488</TD>
          </TR>
          <TR>
            <TD>809717.025800</TD>
            <TD>0.028105</TD>
          </TR>
          <TR>
            <TD>811359.024000</TD>
            <TD>0.032986</TD>
          </TR>
          <TR>
            <TD>813007.965100</TD>
            <TD>0.039130</TD>
          </TR>
          <TR>
            <TD>814664.001500</TD>
            <TD>0.045042</TD>
          </TR>
          <TR>
            <TD>816326.980600</TD>
            <TD>0.051864</TD>
          </TR>
          <TR>
            <TD>817995.986900</TD>
            <TD>0.058955</TD>
          </TR>
          <TR>
            <TD>819672.012300</TD>
            <TD>0.066848</TD>
          </TR>
          <TR>
            <TD>821354.980500</TD>
            <TD>0.076767</TD>
          </TR>
          <TR>
            <TD>823044.967700</TD>
            <TD>0.087443</TD>
          </TR>
          <TR>
            <TD>824741.973900</TD>
            <TD>0.100780</TD>
          </TR>
          <TR>
            <TD>826445.999100</TD>
            <TD>0.115714</TD>
          </TR>
          <TR>
            <TD>828156.967200</TD>
            <TD>0.131404</TD>
          </TR>
          <TR>
            <TD>829875.030500</TD>
            <TD>0.149148</TD>
          </TR>
          <TR>
            <TD>831601.028400</TD>
            <TD>0.167954</TD>
          </TR>
          <TR>
            <TD>833332.977300</TD>
            <TD>0.186327</TD>
          </TR>
          <TR>
            <TD>835073.013300</TD>
            <TD>0.205672</TD>
          </TR>
          <TR>
            <TD>836819.992100</TD>
            <TD>0.225335</TD>
          </TR>
          <TR>
            <TD>838573.989900</TD>
            <TD>0.242845</TD>
          </TR>
          <TR>
            <TD>840335.998500</TD>
            <TD>0.259589</TD>
          </TR>
          <TR>
            <TD>842105.026200</TD>
            <TD>0.269478</TD>
          </TR>
          <TR>
            <TD>843881.988500</TD>
            <TD>0.283383</TD>
          </TR>
          <TR>
            <TD>845665.969800</TD>
            <TD>0.296556</TD>
          </TR>
          <TR>
            <TD>847457.962000</TD>
            <TD>0.310720</TD>
          </TR>
          <TR>
            <TD>849256.973300</TD>
            <TD>0.325314</TD>
          </TR>
          <TR>
            <TD>851063.995400</TD>
            <TD>0.341531</TD>
          </TR>
          <TR>
            <TD>852878.036500</TD>
            <TD>0.359379</TD>
          </TR>
          <TR>
            <TD>854701.004000</TD>
            <TD>0.376443</TD>
          </TR>
          <TR>
            <TD>856530.990600</TD>
            <TD>0.392817</TD>
          </TR>
          <TR>
            <TD>858368.988000</TD>
            <TD>0.408650</TD>
          </TR>
          <TR>
            <TD>860214.996300</TD>
            <TD>0.420221</TD>
          </TR>
          <TR>
            <TD>862069.015500</TD>
            <TD>0.429624</TD>
          </TR>
          <TR>
            <TD>863930.969200</TD>
            <TD>0.437686</TD>
          </TR>
          <TR>
            <TD>865801.010100</TD>
            <TD>0.442078</TD>
          </TR>
          <TR>
            <TD>867678.985600</TD>
            <TD>0.443654</TD>
          </TR>
          <TR>
            <TD>869564.971900</TD>
            <TD>0.444661</TD>
          </TR>
          <TR>
            <TD>871460.037200</TD>
            <TD>0.443947</TD>
          </TR>
          <TR>
            <TD>873361.969000</TD>
            <TD>0.441489</TD>
          </TR>
          <TR>
            <TD>875273.971600</TD>
            <TD>0.439453</TD>
          </TR>
          <TR>
            <TD>877192.993200</TD>
            <TD>0.436985</TD>
          </TR>
          <TR>
            <TD>879121.017500</TD>
            <TD>0.433433</TD>
          </TR>
          <TR>
            <TD>881056.976300</TD>
            <TD>0.431011</TD>
          </TR>
          <TR>
            <TD>883002.014200</TD>
            <TD>0.428992</TD>
          </TR>
          <TR>
            <TD>884955.978400</TD>
            <TD>0.425648</TD>
          </TR>
          <TR>
            <TD>886918.029800</TD>
            <TD>0.422882</TD>
          </TR>
          <TR>
            <TD>888889.007600</TD>
            <TD>0.420483</TD>
          </TR>
          <TR>
            <TD>890868.988000</TD>
            <TD>0.416628</TD>
          </TR>
          <TR>
            <TD>892856.979400</TD>
            <TD>0.412423</TD>
          </TR>
          <TR>
            <TD>894854.965200</TD>
            <TD>0.409785</TD>
          </TR>
          <TR>
            <TD>896860.961900</TD>
            <TD>0.406396</TD>
          </TR>
          <TR>
            <TD>898876.037600</TD>
            <TD>0.403976</TD>
          </TR>
          <TR>
            <TD>900901.031500</TD>
            <TD>0.404834</TD>
          </TR>
          <TR>
            <TD>902935.028100</TD>
            <TD>0.407556</TD>
          </TR>
          <TR>
            <TD>904977.035500</TD>
            <TD>0.412733</TD>
          </TR>
          <TR>
            <TD>907029.037500</TD>
            <TD>0.421293</TD>
          </TR>
          <TR>
            <TD>909091.033900</TD>
            <TD>0.429533</TD>
          </TR>
          <TR>
            <TD>911162.033100</TD>
            <TD>0.437935</TD>
          </TR>
          <TR>
            <TD>913242.034900</TD>
            <TD>0.449141</TD>
          </TR>
          <TR>
            <TD>915332.031200</TD>
            <TD>0.460351</TD>
          </TR>
          <TR>
            <TD>917431.030300</TD>
            <TD>0.470352</TD>
          </TR>
          <TR>
            <TD>919540.023800</TD>
            <TD>0.481688</TD>
          </TR>
          <TR>
            <TD>921659.011800</TD>
            <TD>0.492609</TD>
          </TR>
          <TR>
            <TD>923787.994400</TD>
            <TD>0.502153</TD>
          </TR>
          <TR>
            <TD>925925.979600</TD>
            <TD>0.512986</TD>
          </TR>
          <TR>
            <TD>928074.035600</TD>
            <TD>0.523493</TD>
          </TR>
          <TR>
            <TD>930233.001700</TD>
            <TD>0.531692</TD>
          </TR>
          <TR>
            <TD>932400.970500</TD>
            <TD>0.540633</TD>
          </TR>
          <TR>
            <TD>934579.010000</TD>
            <TD>0.549775</TD>
          </TR>
          <TR>
            <TD>936768.035900</TD>
            <TD>0.555764</TD>
          </TR>
          <TR>
            <TD>938966.980000</TD>
            <TD>0.561068</TD>
          </TR>
          <TR>
            <TD>941175.994900</TD>
            <TD>0.565942</TD>
          </TR>
          <TR>
            <TD>943395.996100</TD>
            <TD>0.567452</TD>
          </TR>
          <TR>
            <TD>945625.991800</TD>
            <TD>0.568157</TD>
          </TR>
          <TR>
            <TD>947866.973900</TD>
            <TD>0.570508</TD>
          </TR>
          <TR>
            <TD>950119.018600</TD>
            <TD>0.571616</TD>
          </TR>
          <TR>
            <TD>952380.981400</TD>
            <TD>0.573019</TD>
          </TR>
          <TR>
            <TD>954654.007000</TD>
            <TD>0.575780</TD>
          </TR>
          <TR>
            <TD>956938.018800</TD>
            <TD>0.576367</TD>
          </TR>
          <TR>
            <TD>959233.017000</TD>
            <TD>0.575739</TD>
          </TR>
          <TR>
            <TD>961538.009600</TD>
            <TD>0.578610</TD>
          </TR>
          <TR>
            <TD>963854.980500</TD>
            <TD>0.580246</TD>
          </TR>
          <TR>
            <TD>966184.005700</TD>
            <TD>0.578966</TD>
          </TR>
          <TR>
            <TD>968523.025500</TD>
            <TD>0.580038</TD>
          </TR>
          <TR>
            <TD>970874.023400</TD>
            <TD>0.581219</TD>
          </TR>
          <TR>
            <TD>973236.007700</TD>
            <TD>0.580184</TD>
          </TR>
          <TR>
            <TD>975609.970100</TD>
            <TD>0.581172</TD>
          </TR>
          <TR>
            <TD>977994.995100</TD>
            <TD>0.582526</TD>
          </TR>
          <TR>
            <TD>980391.998300</TD>
            <TD>0.581595</TD>
          </TR>
          <TR>
            <TD>982800.979600</TD>
            <TD>0.581921</TD>
          </TR>
          <TR>
            <TD>985222.015400</TD>
            <TD>0.582167</TD>
          </TR>
          <TR>
            <TD>987654.037500</TD>
            <TD>0.578952</TD>
          </TR>
          <TR>
            <TD>990099.029500</TD>
            <TD>0.575169</TD>
          </TR>
          <TR>
            <TD>992555.999800</TD>
            <TD>0.571108</TD>
          </TR>
          <TR>
            <TD>995025.024400</TD>
            <TD>0.563640</TD>
          </TR>
          <TR>
            <TD>997506.027200</TD>
            <TD>0.556846</TD>
          </TR>
          <TR>
            <TD>1000000.000000</TD>
            <TD>0.553627</TD>
          </TR>
          <TR>
            <TD>1002509.994500</TD>
            <TD>0.549269</TD>
          </TR>
          <TR>
            <TD>1005029.983500</TD>
            <TD>0.544147</TD>
          </TR>
          <TR>
            <TD>1007559.967000</TD>
            <TD>0.540431</TD>
          </TR>
          <TR>
            <TD>1010100.021400</TD>
            <TD>0.533981</TD>
          </TR>
          <TR>
            <TD>1012659.988400</TD>
            <TD>0.527844</TD>
          </TR>
          <TR>
            <TD>1015230.026200</TD>
            <TD>0.525945</TD>
          </TR>
          <TR>
            <TD>1017809.982300</TD>
            <TD>0.524405</TD>
          </TR>
          <TR>
            <TD>1020410.003700</TD>
            <TD>0.520724</TD>
          </TR>
          <TR>
            <TD>1023020.019500</TD>
            <TD>0.519074</TD>
          </TR>
          <TR>
            <TD>1025640.029900</TD>
            <TD>0.517688</TD>
          </TR>
          <TR>
            <TD>1028280.029300</TD>
            <TD>0.514608</TD>
          </TR>
          <TR>
            <TD>1030930.023200</TD>
            <TD>0.513931</TD>
          </TR>
          <TR>
            <TD>1033590.011600</TD>
            <TD>0.513783</TD>
          </TR>
          <TR>
            <TD>1036269.989000</TD>
            <TD>0.510802</TD>
          </TR>
          <TR>
            <TD>1038960.037200</TD>
            <TD>0.507169</TD>
          </TR>
          <TR>
            <TD>1041669.998200</TD>
            <TD>0.502256</TD>
          </TR>
          <TR>
            <TD>1044390.029900</TD>
            <TD>0.494410</TD>
          </TR>
          <TR>
            <TD>1047119.979900</TD>
            <TD>0.487835</TD>
          </TR>
          <TR>
            <TD>1049869.995100</TD>
            <TD>0.482584</TD>
          </TR>
          <TR>
            <TD>1052630.004900</TD>
            <TD>0.473372</TD>
          </TR>
          <TR>
            <TD>1055410.003700</TD>
            <TD>0.463719</TD>
          </TR>
          <TR>
            <TD>1058199.996900</TD>
            <TD>0.460195</TD>
          </TR>
          <TR>
            <TD>1061009.979200</TD>
            <TD>0.455217</TD>
          </TR>
          <TR>
            <TD>1063830.032300</TD>
            <TD>0.450775</TD>
          </TR>
          <TR>
            <TD>1066669.998200</TD>
            <TD>0.453501</TD>
          </TR>
          <TR>
            <TD>1069520.034800</TD>
            <TD>0.455920</TD>
          </TR>
          <TR>
            <TD>1072389.984100</TD>
            <TD>0.455619</TD>
          </TR>
          <TR>
            <TD>1075270.004300</TD>
            <TD>0.459141</TD>
          </TR>
          <TR>
            <TD>1078170.013400</TD>
            <TD>0.459018</TD>
          </TR>
          <TR>
            <TD>1081080.017100</TD>
            <TD>0.454029</TD>
          </TR>
          <TR>
            <TD>1084010.009800</TD>
            <TD>0.455200</TD>
          </TR>
          <TR>
            <TD>1086959.991500</TD>
            <TD>0.457686</TD>
          </TR>
          <TR>
            <TD>1089919.967700</TD>
            <TD>0.452013</TD>
          </TR>
          <TR>
            <TD>1092900.009200</TD>
            <TD>0.449778</TD>
          </TR>
          <TR>
            <TD>1095889.968900</TD>
            <TD>0.450995</TD>
          </TR>
          <TR>
            <TD>1098899.993900</TD>
            <TD>0.445150</TD>
          </TR>
          <TR>
            <TD>1101930.007900</TD>
            <TD>0.442953</TD>
          </TR>
          <TR>
            <TD>1104970.016500</TD>
            <TD>0.445748</TD>
          </TR>
          <TR>
            <TD>1108030.014000</TD>
            <TD>0.441609</TD>
          </TR>
          <TR>
            <TD>1111110.000600</TD>
            <TD>0.438610</TD>
          </TR>
          <TR>
            <TD>1114209.976200</TD>
            <TD>0.442069</TD>
          </TR>
          <TR>
            <TD>1117320.022600</TD>
            <TD>0.437672</TD>
          </TR>
          <TR>
            <TD>1120449.981700</TD>
            <TD>0.433324</TD>
          </TR>
          <TR>
            <TD>1123600.006100</TD>
            <TD>0.436091</TD>
          </TR>
          <TR>
            <TD>1126760.025000</TD>
            <TD>0.432658</TD>
          </TR>
          <TR>
            <TD>1129940.033000</TD>
            <TD>0.426907</TD>
          </TR>
          <TR>
            <TD>1133140.029900</TD>
            <TD>0.427058</TD>
          </TR>
          <TR>
            <TD>1136360.015900</TD>
            <TD>0.422077</TD>
          </TR>
          <TR>
            <TD>1139599.990800</TD>
            <TD>0.413699</TD>
          </TR>
          <TR>
            <TD>1142860.031100</TD>
            <TD>0.412088</TD>
          </TR>
          <TR>
            <TD>1146129.989600</TD>
            <TD>0.409175</TD>
          </TR>
          <TR>
            <TD>1149430.007900</TD>
            <TD>0.401063</TD>
          </TR>
          <TR>
            <TD>1152740.020800</TD>
            <TD>0.397287</TD>
          </TR>
          <TR>
            <TD>1156070.022600</TD>
            <TD>0.393540</TD>
          </TR>
          <TR>
            <TD>1159420.013400</TD>
            <TD>0.384306</TD>
          </TR>
          <TR>
            <TD>1162789.993300</TD>
            <TD>0.379174</TD>
          </TR>
          <TR>
            <TD>1166179.962200</TD>
            <TD>0.376256</TD>
          </TR>
          <TR>
            <TD>1169589.996300</TD>
            <TD>0.367713</TD>
          </TR>
          <TR>
            <TD>1173020.019500</TD>
            <TD>0.361588</TD>
          </TR>
          <TR>
            <TD>1176470.031700</TD>
            <TD>0.358322</TD>
          </TR>
          <TR>
            <TD>1179940.033000</TD>
            <TD>0.348840</TD>
          </TR>
          <TR>
            <TD>1183430.023200</TD>
            <TD>0.340148</TD>
          </TR>
          <TR>
            <TD>1186940.002400</TD>
            <TD>0.334940</TD>
          </TR>
          <TR>
            <TD>1190479.965200</TD>
            <TD>0.324309</TD>
          </TR>
          <TR>
            <TD>1194029.998800</TD>
            <TD>0.313222</TD>
          </TR>
          <TR>
            <TD>1197600.021400</TD>
            <TD>0.305625</TD>
          </TR>
          <TR>
            <TD>1201200.027500</TD>
            <TD>0.293588</TD>
          </TR>
          <TR>
            <TD>1204820.022600</TD>
            <TD>0.279905</TD>
          </TR>
          <TR>
            <TD>1208460.006700</TD>
            <TD>0.269006</TD>
          </TR>
          <TR>
            <TD>1212119.979900</TD>
            <TD>0.255196</TD>
          </TR>
          <TR>
            <TD>1215810.012800</TD>
            <TD>0.239686</TD>
          </TR>
          <TR>
            <TD>1219509.964000</TD>
            <TD>0.226569</TD>
          </TR>
          <TR>
            <TD>1223239.975000</TD>
            <TD>0.211424</TD>
          </TR>
          <TR>
            <TD>1226989.975000</TD>
            <TD>0.194123</TD>
          </TR>
          <TR>
            <TD>1230770.034800</TD>
            <TD>0.178874</TD>
          </TR>
          <TR>
            <TD>1234570.007300</TD>
            <TD>0.163280</TD>
          </TR>
          <TR>
            <TD>1238389.968900</TD>
            <TD>0.146036</TD>
          </TR>
          <TR>
            <TD>1242239.990200</TD>
            <TD>0.130748</TD>
          </TR>
          <TR>
            <TD>1246110.000600</TD>
            <TD>0.116502</TD>
          </TR>
          <TR>
            <TD>1250000.000000</TD>
            <TD>0.101429</TD>
          </TR>
          <TR>
            <TD>1253919.982900</TD>
            <TD>0.087673</TD>
          </TR>
          <TR>
            <TD>1257860.031100</TD>
            <TD>0.075222</TD>
          </TR>
          <TR>
            <TD>1261829.986600</TD>
            <TD>0.063080</TD>
          </TR>
          <TR>
            <TD>1265820.007300</TD>
            <TD>0.052714</TD>
          </TR>
          <TR>
            <TD>1269840.011600</TD>
            <TD>0.043916</TD>
          </TR>
          <TR>
            <TD>1273889.999400</TD>
            <TD>0.035584</TD>
          </TR>
          <TR>
            <TD>1277959.976200</TD>
            <TD>0.028468</TD>
          </TR>
          <TR>
            <TD>1282050.018300</TD>
            <TD>0.022736</TD>
          </TR>
          <TR>
            <TD>1286170.043900</TD>
            <TD>0.017627</TD>
          </TR>
          <TR>
            <TD>1290319.976800</TD>
            <TD>0.013539</TD>
          </TR>
          <TR>
            <TD>1294499.969500</TD>
            <TD>0.010727</TD>
          </TR>
          <TR>
            <TD>1298699.951200</TD>
            <TD>0.008720</TD>
          </TR>
          <TR>
            <TD>1302929.992700</TD>
            <TD>0.007309</TD>
          </TR>
          <TR>
            <TD>1307189.941400</TD>
            <TD>0.006535</TD>
          </TR>
          <TR>
            <TD>1311479.950000</TD>
            <TD>0.006234</TD>
          </TR>
          <TR>
            <TD>1315789.947500</TD>
            <TD>0.006079</TD>
          </TR>
          <TR>
            <TD>1320130.004900</TD>
            <TD>0.006084</TD>
          </TR>
          <TR>
            <TD>1324499.969500</TD>
            <TD>0.006174</TD>
          </TR>
          <TR>
            <TD>1328899.993900</TD>
            <TD>0.006309</TD>
          </TR>
          <TR>
            <TD>1333329.925500</TD>
            <TD>0.006496</TD>
          </TR>
          <TR>
            <TD>1337790.069600</TD>
            <TD>0.006552</TD>
          </TR>
          <TR>
            <TD>1342279.968300</TD>
            <TD>0.006413</TD>
          </TR>
          <TR>
            <TD>1346799.926800</TD>
            <TD>0.006170</TD>
          </TR>
          <TR>
            <TD>1351349.945100</TD>
            <TD>0.005838</TD>
          </TR>
          <TR>
            <TD>1355930.023200</TD>
            <TD>0.005443</TD>
          </TR>
          <TR>
            <TD>1360540.008500</TD>
            <TD>0.005089</TD>
          </TR>
          <TR>
            <TD>1365189.971900</TD>
            <TD>0.004754</TD>
          </TR>
          <TR>
            <TD>1369859.924300</TD>
            <TD>0.004326</TD>
          </TR>
          <TR>
            <TD>1374570.007300</TD>
            <TD>0.003904</TD>
          </TR>
          <TR>
            <TD>1379309.845000</TD>
            <TD>0.003483</TD>
          </TR>
          <TR>
            <TD>1384080.047600</TD>
            <TD>0.002980</TD>
          </TR>
          <TR>
            <TD>1388890.075700</TD>
            <TD>0.002538</TD>
          </TR>
          <TR>
            <TD>1393730.011000</TD>
            <TD>0.002237</TD>
          </TR>
          <TR>
            <TD>1398600.006100</TD>
            <TD>0.001926</TD>
          </TR>
          <TR>
            <TD>1403509.979200</TD>
            <TD>0.001592</TD>
          </TR>
          <TR>
            <TD>1408450.012200</TD>
            <TD>0.001316</TD>
          </TR>
          <TR>
            <TD>1413430.023200</TD>
            <TD>0.001060</TD>
          </TR>
          <TR>
            <TD>1418439.941400</TD>
            <TD>0.000836</TD>
          </TR>
          <TR>
            <TD>1423489.990200</TD>
            <TD>0.000672</TD>
          </TR>
          <TR>
            <TD>1428569.946300</TD>
            <TD>0.000539</TD>
          </TR>
          <TR>
            <TD>1433690.033000</TD>
            <TD>0.000430</TD>
          </TR>
          <TR>
            <TD>1438849.945100</TD>
            <TD>0.000354</TD>
          </TR>
          <TR>
            <TD>1444040.069600</TD>
            <TD>0.000286</TD>
          </TR>
          <TR>
            <TD>1449279.937700</TD>
            <TD>0.000219</TD>
          </TR>
          <TR>
            <TD>1454550.018300</TD>
            <TD>0.000169</TD>
          </TR>
          <TR>
            <TD>1459850.006100</TD>
            <TD>0.000135</TD>
          </TR>
          <TR>
            <TD>1465200.042700</TD>
            <TD>0.000105</TD>
          </TR>
        </TABLEDATA>
      </DATA>
    </TABLE>
  </RESOURCE>
</VOTABLE>
