<?xml version="1.0"?>
<VOTABLE version="1.1" xsi:schemaLocation="http://www.ivoa.net/xml/VOTable/v1.1" xmlns:xsi="http://www.w3.org/2001/XMLSchema-instance">
  <INFO name="QUERY_STATUS" value="OK"/>
  <RESOURCE type="results">
    <PARAM name="FilterProfileService" value="ivo://svo/fps" ucd="meta.ref.ivorn" utype="PhotometryFilter.fpsIdentifier" datatype="char" arraysize="*"/>
    <PARAM name="filterID" value="Herschel/SPIRE.PSW_ext" ucd="meta.id" utype="photdm:PhotometryFilter.identifier" datatype="char" arraysize="*"/>
    <PARAM name="WavelengthUnit" value="Angstrom" ucd="meta.unit" utype="PhotometryFilter.SpectralAxis.unit" datatype="char" arraysize="*"/>
    <PARAM name="WavelengthUCD" value="em.wl" ucd="meta.ucd" utype="PhotometryFilter.SpectralAxis.UCD" datatype="char" arraysize="*"/>
    <PARAM name="Description" value="Herschel SPIRE PSW filter (extended sources)" ucd="meta.note" utype="photdm:PhotometryFilter.description" datatype="char" arraysize="*"/>
    <PARAM name="PhotSystem" value="SPIRE" utype="photdm:PhotometricSystem.description" datatype="char" arraysize="*">
       <DESCRIPTION>Photometric system</DESCRIPTION>
    </PARAM>
    <PARAM name="Instrument" value="SPIRE" ucd="instr" datatype="char" arraysize="*">
       <DESCRIPTION>Instrument</DESCRIPTION>
    </PARAM>
    <PARAM name="Facility" value="Herschel" ucd="instr.obsty" datatype="char" arraysize="*">
       <DESCRIPTION>Observational facility</DESCRIPTION>
    </PARAM>
    <PARAM name="ProfileReference" value="http://www2.cadc-ccda.hia-iha.nrc-cnrc.gc.ca/megapipe/docs/filters.html" datatype="char" arraysize="*"/>
    <PARAM name="Description" value="Herschel SPIRE PSW filter (extended sources)" ucd="meta.note" utype="photdm:PhotometryFilter.description" datatype="char" arraysize="*"/>
    <PARAM name="WavelengthMean" value="2556456.6061748" unit="Angstrom" ucd="em.wl" utype="photdm:PhotometryFilter.SpectralAxis.Coverage.Location.Value" datatype="float" >
       <DESCRIPTION>Mean wavelength. Defined as integ[x*filter(x) dx]/integ[filter(x) dx]</DESCRIPTION>
    </PARAM>
    <PARAM name="WavelengthEff" value="2471245.1439029" unit="Angstrom" ucd="em.wl.effective" datatype="float" >
       <DESCRIPTION>Effective wavelength. Defined as integ[x*filter(x)*vega(x) dx]/integ[filter(x)*vega(x) dx]</DESCRIPTION>
    </PARAM>
    <PARAM name="WavelengthMin" value="1994539.6640212" unit="Angstrom" ucd="em.wl;stat.min" utype="photdm:PhotometryFilter.SpectralAxis.Coverage.Bounds.Start" datatype="float" >
       <DESCRIPTION>Minimum filter wavelength. Defined as the first lambda value with a transmission at least 1% of maximum transmission</DESCRIPTION>
    </PARAM>
    <PARAM name="WavelengthMax" value="2985656.8725324" unit="Angstrom" ucd="em.wl;stat.max" utype="photdm:PhotometryFilter.SpectralAxis.Coverage.Bounds.Stop" datatype="float" >
       <DESCRIPTION>Maximum filter wavelength. Defined as the last lambda value with a transmission at least 1% of maximum transmission</DESCRIPTION>
    </PARAM>
    <PARAM name="WidthEff" value="606475.0749557" unit="Angstrom" ucd="instr.bandwidth" utype="photdm:PhotometryFilter.SpectralAxis.Coverage.Bounds.Extent" datatype="float" >
       <DESCRIPTION>Effective width. Defined as integ[x*filter(x) dx].\nEquivalent to the horizontal size of a rectangle with height equal to maximum transmission and with the same area that the one covered by the filter transmission curve.</DESCRIPTION>
    </PARAM>
    <PARAM name="WavelengthCen" value="2576487.7733475" unit="Angstrom" ucd="em.wl" datatype="float" >
       <DESCRIPTION>Central wavelength. Defined as the central wavelength between the two points defining FWMH</DESCRIPTION>
    </PARAM>
    <PARAM name="WavelengthPivot" value="2546208.8114846" unit="Angstrom" ucd="em.wl" datatype="float" >
       <DESCRIPTION>Peak wavelength. Defined as sqrt{integ[x*filter(x) dx]/integ[filter(x) dx/x]}</DESCRIPTION>
    </PARAM>
    <PARAM name="WavelengthPeak" value="2666666.7" unit="Angstrom" ucd="em.wl" datatype="float" >
       <DESCRIPTION>Peak wavelength. Defined as the lambda value with larger transmission</DESCRIPTION>
    </PARAM>
    <PARAM name="WavelengthPhot" value="2492829.52326" unit="Angstrom" ucd="em.wl" datatype="float" >
       <DESCRIPTION>Photon distribution based effective wavelength. Defined as integ[x^2*filter(x)*vega(x) dx]/integ[x*filter(x)*vega(x) dx]</DESCRIPTION>
    </PARAM>
    <PARAM name="FWHM" value="658930.36573752" unit="Angstrom" ucd="instr.bandwidth" datatype="float" >
       <DESCRIPTION>Full width at half maximum. Defined as the difference between the two wavelengths for which filter transmission is half maximum</DESCRIPTION>
    </PARAM>
    <PARAM name="PhotCalID" value="Herschel/SPIRE.PSW_ext/Vega" ucd="meta.id" utype="photdm:PhotCal.identifier" datatype="char" arraysize="*"/>
    <PARAM name="MagSys" value="Vega" ucd="meta.code" utype="photdm:PhotCal.MagnitudeSystem.type" datatype="char" arraysize="*"/>
    <PARAM name="ZeroPoint" value="0.058680181846838" unit="Jy" ucd="phot.flux.density" utype="photdm:PhotCal.ZeroPoint.Flux.value" datatype="float" />
    <PARAM name="ZeroPointUnit" value="Jy" ucd="meta.unit" utype="photdm:PhotCal.ZeroPoint.Flux.unit" datatype="char" arraysize="*"/>
    <PARAM name="ZeroPointType" value="Pogson" ucd="meta.code" utype="photdm:PhotCal.ZeroPoint.type" datatype="char" arraysize="*"/>
    <TABLE utype="photdm:PhotometryFilter.transmissionCurve.spectrum">
      <FIELD name="Wavelength" utype="spec:Data.SpectralAxis.Value" ucd="em.wl" unit="Angstrom" datatype="float"/>
      <FIELD name="Transmission" utype="spec:Data.FluxAxis.Value" ucd="phys.transmission" unit="" datatype="float"/>
      <DATA>
        <TABLEDATA>
          <TR>
            <TD>1666666.7</TD>
            <TD>1.9116e-4</TD>
          </TR>
          <TR>
            <TD>1669449.1</TD>
            <TD>1.4896e-4</TD>
          </TR>
          <TR>
            <TD>1672240.8</TD>
            <TD>1.0648e-4</TD>
          </TR>
          <TR>
            <TD>1674761.3</TD>
            <TD>6.1664e-5</TD>
          </TR>
          <TR>
            <TD>1694340.9</TD>
            <TD>4.1376e-5</TD>
          </TR>
          <TR>
            <TD>1697216.6</TD>
            <TD>1.0719e-4</TD>
          </TR>
          <TR>
            <TD>1699813.0</TD>
            <TD>1.7485e-4</TD>
          </TR>
          <TR>
            <TD>1702707.3</TD>
            <TD>2.4295e-4</TD>
          </TR>
          <TR>
            <TD>1705611.5</TD>
            <TD>2.4773e-4</TD>
          </TR>
          <TR>
            <TD>1708525.5</TD>
            <TD>2.4666e-4</TD>
          </TR>
          <TR>
            <TD>1711449.6</TD>
            <TD>2.5227e-4</TD>
          </TR>
          <TR>
            <TD>1714089.8</TD>
            <TD>2.7073e-4</TD>
          </TR>
          <TR>
            <TD>1717033.0</TD>
            <TD>2.8939e-4</TD>
          </TR>
          <TR>
            <TD>1719986.2</TD>
            <TD>3.5421e-4</TD>
          </TR>
          <TR>
            <TD>1722949.7</TD>
            <TD>4.3372e-4</TD>
          </TR>
          <TR>
            <TD>1725625.5</TD>
            <TD>4.8434e-4</TD>
          </TR>
          <TR>
            <TD>1728608.5</TD>
            <TD>4.0906e-4</TD>
          </TR>
          <TR>
            <TD>1731601.7</TD>
            <TD>3.3319e-4</TD>
          </TR>
          <TR>
            <TD>1734605.4</TD>
            <TD>2.4910e-4</TD>
          </TR>
          <TR>
            <TD>1737619.5</TD>
            <TD>1.5951e-4</TD>
          </TR>
          <TR>
            <TD>1740341.1</TD>
            <TD>7.2516e-5</TD>
          </TR>
          <TR>
            <TD>1743375.2</TD>
            <TD>6.9012e-5</TD>
          </TR>
          <TR>
            <TD>1746419.8</TD>
            <TD>6.5545e-5</TD>
          </TR>
          <TR>
            <TD>1749475.2</TD>
            <TD>8.0847e-5</TD>
          </TR>
          <TR>
            <TD>1752541.2</TD>
            <TD>1.1828e-4</TD>
          </TR>
          <TR>
            <TD>1755309.8</TD>
            <TD>1.5592e-4</TD>
          </TR>
          <TR>
            <TD>1758396.3</TD>
            <TD>1.3137e-4</TD>
          </TR>
          <TR>
            <TD>1761493.7</TD>
            <TD>9.8584e-5</TD>
          </TR>
          <TR>
            <TD>1764602.1</TD>
            <TD>6.9291e-5</TD>
          </TR>
          <TR>
            <TD>1767409.0</TD>
            <TD>4.7918e-5</TD>
          </TR>
          <TR>
            <TD>1770538.2</TD>
            <TD>2.6450e-5</TD>
          </TR>
          <TR>
            <TD>1773678.6</TD>
            <TD>1.3061e-4</TD>
          </TR>
          <TR>
            <TD>1776830.1</TD>
            <TD>2.8102e-4</TD>
          </TR>
          <TR>
            <TD>1779992.9</TD>
            <TD>4.1428e-4</TD>
          </TR>
          <TR>
            <TD>1782849.0</TD>
            <TD>4.5268e-4</TD>
          </TR>
          <TR>
            <TD>1786033.2</TD>
            <TD>4.9144e-4</TD>
          </TR>
          <TR>
            <TD>1789228.8</TD>
            <TD>3.8284e-4</TD>
          </TR>
          <TR>
            <TD>1792435.9</TD>
            <TD>1.6788e-4</TD>
          </TR>
          <TR>
            <TD>1805054.2</TD>
            <TD>8.0896e-5</TD>
          </TR>
          <TR>
            <TD>1808318.3</TD>
            <TD>3.7920e-4</TD>
          </TR>
          <TR>
            <TD>1811266.1</TD>
            <TD>6.7935e-4</TD>
          </TR>
          <TR>
            <TD>1814552.7</TD>
            <TD>7.5915e-4</TD>
          </TR>
          <TR>
            <TD>1817851.3</TD>
            <TD>8.0277e-4</TD>
          </TR>
          <TR>
            <TD>1821161.9</TD>
            <TD>7.8178e-4</TD>
          </TR>
          <TR>
            <TD>1824484.6</TD>
            <TD>5.9382e-4</TD>
          </TR>
          <TR>
            <TD>1827485.4</TD>
            <TD>4.0462e-4</TD>
          </TR>
          <TR>
            <TD>1830831.2</TD>
            <TD>3.9305e-4</TD>
          </TR>
          <TR>
            <TD>1834189.3</TD>
            <TD>4.5618e-4</TD>
          </TR>
          <TR>
            <TD>1837559.7</TD>
            <TD>5.2757e-4</TD>
          </TR>
          <TR>
            <TD>1840942.6</TD>
            <TD>6.5130e-4</TD>
          </TR>
          <TR>
            <TD>1843997.8</TD>
            <TD>7.7558e-4</TD>
          </TR>
          <TR>
            <TD>1847404.4</TD>
            <TD>9.1276e-4</TD>
          </TR>
          <TR>
            <TD>1850823.6</TD>
            <TD>1.0594e-3</TD>
          </TR>
          <TR>
            <TD>1854255.5</TD>
            <TD>1.2079e-3</TD>
          </TR>
          <TR>
            <TD>1857355.1</TD>
            <TD>1.4230e-3</TD>
          </TR>
          <TR>
            <TD>1860811.3</TD>
            <TD>1.6417e-3</TD>
          </TR>
          <TR>
            <TD>1864280.4</TD>
            <TD>1.7488e-3</TD>
          </TR>
          <TR>
            <TD>1867762.4</TD>
            <TD>1.6884e-3</TD>
          </TR>
          <TR>
            <TD>1871257.5</TD>
            <TD>1.6277e-3</TD>
          </TR>
          <TR>
            <TD>1874414.2</TD>
            <TD>1.5405e-3</TD>
          </TR>
          <TR>
            <TD>1877934.3</TD>
            <TD>1.4467e-3</TD>
          </TR>
          <TR>
            <TD>1881467.5</TD>
            <TD>1.4084e-3</TD>
          </TR>
          <TR>
            <TD>1885014.1</TD>
            <TD>1.5353e-3</TD>
          </TR>
          <TR>
            <TD>1888574.1</TD>
            <TD>1.6623e-3</TD>
          </TR>
          <TR>
            <TD>1891789.6</TD>
            <TD>1.7771e-3</TD>
          </TR>
          <TR>
            <TD>1895375.3</TD>
            <TD>1.8860e-3</TD>
          </TR>
          <TR>
            <TD>1898974.6</TD>
            <TD>1.9816e-3</TD>
          </TR>
          <TR>
            <TD>1902587.5</TD>
            <TD>1.9467e-3</TD>
          </TR>
          <TR>
            <TD>1905851.0</TD>
            <TD>1.9107e-3</TD>
          </TR>
          <TR>
            <TD>1909490.2</TD>
            <TD>1.8368e-3</TD>
          </TR>
          <TR>
            <TD>1913143.3</TD>
            <TD>1.7270e-3</TD>
          </TR>
          <TR>
            <TD>1916810.4</TD>
            <TD>1.6163e-3</TD>
          </TR>
          <TR>
            <TD>1920491.6</TD>
            <TD>1.7866e-3</TD>
          </TR>
          <TR>
            <TD>1923816.9</TD>
            <TD>1.9736e-3</TD>
          </TR>
          <TR>
            <TD>1927525.1</TD>
            <TD>2.2001e-3</TD>
          </TR>
          <TR>
            <TD>1931247.6</TD>
            <TD>2.4930e-3</TD>
          </TR>
          <TR>
            <TD>1934984.5</TD>
            <TD>2.7873e-3</TD>
          </TR>
          <TR>
            <TD>1938360.1</TD>
            <TD>2.9735e-3</TD>
          </TR>
          <TR>
            <TD>1942124.7</TD>
            <TD>3.1343e-3</TD>
          </TR>
          <TR>
            <TD>1945903.9</TD>
            <TD>3.3213e-3</TD>
          </TR>
          <TR>
            <TD>1949697.8</TD>
            <TD>3.6006e-3</TD>
          </TR>
          <TR>
            <TD>1953506.5</TD>
            <TD>3.8812e-3</TD>
          </TR>
          <TR>
            <TD>1956947.2</TD>
            <TD>4.3210e-3</TD>
          </TR>
          <TR>
            <TD>1960784.3</TD>
            <TD>4.8513e-3</TD>
          </TR>
          <TR>
            <TD>1964636.5</TD>
            <TD>5.3714e-3</TD>
          </TR>
          <TR>
            <TD>1968503.9</TD>
            <TD>5.6991e-3</TD>
          </TR>
          <TR>
            <TD>1972386.6</TD>
            <TD>6.0302e-3</TD>
          </TR>
          <TR>
            <TD>1975894.1</TD>
            <TD>6.4483e-3</TD>
          </TR>
          <TR>
            <TD>1979806.0</TD>
            <TD>6.9617e-3</TD>
          </TR>
          <TR>
            <TD>1983733.4</TD>
            <TD>7.4782e-3</TD>
          </TR>
          <TR>
            <TD>1987676.4</TD>
            <TD>8.3196e-3</TD>
          </TR>
          <TR>
            <TD>1991238.6</TD>
            <TD>9.1991e-3</TD>
          </TR>
          <TR>
            <TD>1995211.5</TD>
            <TD>1.0163e-2</TD>
          </TR>
          <TR>
            <TD>1999200.3</TD>
            <TD>1.1282e-2</TD>
          </TR>
          <TR>
            <TD>2003205.1</TD>
            <TD>1.2419e-2</TD>
          </TR>
          <TR>
            <TD>2007226.0</TD>
            <TD>1.4029e-2</TD>
          </TR>
          <TR>
            <TD>2010858.6</TD>
            <TD>1.5788e-2</TD>
          </TR>
          <TR>
            <TD>2014910.3</TD>
            <TD>1.7726e-2</TD>
          </TR>
          <TR>
            <TD>2018978.4</TD>
            <TD>2.0325e-2</TD>
          </TR>
          <TR>
            <TD>2023062.9</TD>
            <TD>2.2954e-2</TD>
          </TR>
          <TR>
            <TD>2027164.0</TD>
            <TD>2.5960e-2</TD>
          </TR>
          <TR>
            <TD>2030869.2</TD>
            <TD>2.9200e-2</TD>
          </TR>
          <TR>
            <TD>2035002.0</TD>
            <TD>3.2552e-2</TD>
          </TR>
          <TR>
            <TD>2039151.7</TD>
            <TD>3.7732e-2</TD>
          </TR>
          <TR>
            <TD>2043318.3</TD>
            <TD>4.2953e-2</TD>
          </TR>
          <TR>
            <TD>2047082.9</TD>
            <TD>4.8940e-2</TD>
          </TR>
          <TR>
            <TD>2051282.1</TD>
            <TD>5.5825e-2</TD>
          </TR>
          <TR>
            <TD>2055498.5</TD>
            <TD>6.2775e-2</TD>
          </TR>
          <TR>
            <TD>2059732.2</TD>
            <TD>7.2484e-2</TD>
          </TR>
          <TR>
            <TD>2063983.5</TD>
            <TD>8.2588e-2</TD>
          </TR>
          <TR>
            <TD>2067824.6</TD>
            <TD>9.4446e-2</TD>
          </TR>
          <TR>
            <TD>2072109.4</TD>
            <TD>1.0997e-1</TD>
          </TR>
          <TR>
            <TD>2076412.0</TD>
            <TD>1.2561e-1</TD>
          </TR>
          <TR>
            <TD>2080732.4</TD>
            <TD>1.4246e-1</TD>
          </TR>
          <TR>
            <TD>2085070.9</TD>
            <TD>1.5990e-1</TD>
          </TR>
          <TR>
            <TD>2088991.0</TD>
            <TD>1.7704e-1</TD>
          </TR>
          <TR>
            <TD>2093364.0</TD>
            <TD>1.9295e-1</TD>
          </TR>
          <TR>
            <TD>2097755.4</TD>
            <TD>2.0909e-1</TD>
          </TR>
          <TR>
            <TD>2102165.2</TD>
            <TD>2.2745e-1</TD>
          </TR>
          <TR>
            <TD>2106150.0</TD>
            <TD>2.4732e-1</TD>
          </TR>
          <TR>
            <TD>2110595.2</TD>
            <TD>2.6755e-1</TD>
          </TR>
          <TR>
            <TD>2115059.2</TD>
            <TD>2.9274e-1</TD>
          </TR>
          <TR>
            <TD>2119542.2</TD>
            <TD>3.1814e-1</TD>
          </TR>
          <TR>
            <TD>2124044.2</TD>
            <TD>3.4078e-1</TD>
          </TR>
          <TR>
            <TD>2128112.4</TD>
            <TD>3.5963e-1</TD>
          </TR>
          <TR>
            <TD>2132650.9</TD>
            <TD>3.7869e-1</TD>
          </TR>
          <TR>
            <TD>2137208.8</TD>
            <TD>3.8587e-1</TD>
          </TR>
          <TR>
            <TD>2141786.2</TD>
            <TD>3.9111e-1</TD>
          </TR>
          <TR>
            <TD>2146383.3</TD>
            <TD>3.9678e-1</TD>
          </TR>
          <TR>
            <TD>2150537.6</TD>
            <TD>4.0337e-1</TD>
          </TR>
          <TR>
            <TD>2155172.4</TD>
            <TD>4.1009e-1</TD>
          </TR>
          <TR>
            <TD>2159827.2</TD>
            <TD>4.1753e-1</TD>
          </TR>
          <TR>
            <TD>2164502.2</TD>
            <TD>4.2532e-1</TD>
          </TR>
          <TR>
            <TD>2168727.0</TD>
            <TD>4.3270e-1</TD>
          </TR>
          <TR>
            <TD>2173440.6</TD>
            <TD>4.3858e-1</TD>
          </TR>
          <TR>
            <TD>2178174.7</TD>
            <TD>4.4450e-1</TD>
          </TR>
          <TR>
            <TD>2182929.5</TD>
            <TD>4.4850e-1</TD>
          </TR>
          <TR>
            <TD>2187705.1</TD>
            <TD>4.5106e-1</TD>
          </TR>
          <TR>
            <TD>2192021.0</TD>
            <TD>4.5334e-1</TD>
          </TR>
          <TR>
            <TD>2196836.6</TD>
            <TD>4.6279e-1</TD>
          </TR>
          <TR>
            <TD>2201673.3</TD>
            <TD>4.7232e-1</TD>
          </TR>
          <TR>
            <TD>2206531.3</TD>
            <TD>4.7862e-1</TD>
          </TR>
          <TR>
            <TD>2210922.0</TD>
            <TD>4.7972e-1</TD>
          </TR>
          <TR>
            <TD>2215821.0</TD>
            <TD>4.8104e-1</TD>
          </TR>
          <TR>
            <TD>2220741.7</TD>
            <TD>4.7982e-1</TD>
          </TR>
          <TR>
            <TD>2225684.4</TD>
            <TD>4.7808e-1</TD>
          </TR>
          <TR>
            <TD>2230649.1</TD>
            <TD>4.7704e-1</TD>
          </TR>
          <TR>
            <TD>2235136.3</TD>
            <TD>4.7834e-1</TD>
          </TR>
          <TR>
            <TD>2240143.4</TD>
            <TD>4.7977e-1</TD>
          </TR>
          <TR>
            <TD>2245172.9</TD>
            <TD>4.9304e-1</TD>
          </TR>
          <TR>
            <TD>2250225.0</TD>
            <TD>5.1205e-1</TD>
          </TR>
          <TR>
            <TD>2255300.0</TD>
            <TD>5.3030e-1</TD>
          </TR>
          <TR>
            <TD>2259887.0</TD>
            <TD>5.4119e-1</TD>
          </TR>
          <TR>
            <TD>2265005.7</TD>
            <TD>5.5252e-1</TD>
          </TR>
          <TR>
            <TD>2270147.6</TD>
            <TD>5.5557e-1</TD>
          </TR>
          <TR>
            <TD>2275312.9</TD>
            <TD>5.5138e-1</TD>
          </TR>
          <TR>
            <TD>2279981.8</TD>
            <TD>5.4689e-1</TD>
          </TR>
          <TR>
            <TD>2285192.0</TD>
            <TD>5.4724e-1</TD>
          </TR>
          <TR>
            <TD>2290426.0</TD>
            <TD>5.4792e-1</TD>
          </TR>
          <TR>
            <TD>2295684.1</TD>
            <TD>5.5576e-1</TD>
          </TR>
          <TR>
            <TD>2300966.4</TD>
            <TD>5.7566e-1</TD>
          </TR>
          <TR>
            <TD>2305741.3</TD>
            <TD>5.9547e-1</TD>
          </TR>
          <TR>
            <TD>2311070.0</TD>
            <TD>6.1000e-1</TD>
          </TR>
          <TR>
            <TD>2316423.4</TD>
            <TD>6.2322e-1</TD>
          </TR>
          <TR>
            <TD>2321801.7</TD>
            <TD>6.3490e-1</TD>
          </TR>
          <TR>
            <TD>2327205.0</TD>
            <TD>6.4064e-1</TD>
          </TR>
          <TR>
            <TD>2332089.6</TD>
            <TD>6.4614e-1</TD>
          </TR>
          <TR>
            <TD>2337540.9</TD>
            <TD>6.5006e-1</TD>
          </TR>
          <TR>
            <TD>2343017.8</TD>
            <TD>6.5300e-1</TD>
          </TR>
          <TR>
            <TD>2348520.4</TD>
            <TD>6.5641e-1</TD>
          </TR>
          <TR>
            <TD>2353494.9</TD>
            <TD>6.6467e-1</TD>
          </TR>
          <TR>
            <TD>2359046.9</TD>
            <TD>6.7343e-1</TD>
          </TR>
          <TR>
            <TD>2364625.2</TD>
            <TD>6.7639e-1</TD>
          </TR>
          <TR>
            <TD>2370229.9</TD>
            <TD>6.7346e-1</TD>
          </TR>
          <TR>
            <TD>2375861.2</TD>
            <TD>6.7062e-1</TD>
          </TR>
          <TR>
            <TD>2380952.4</TD>
            <TD>6.7326e-1</TD>
          </TR>
          <TR>
            <TD>2386634.8</TD>
            <TD>6.7683e-1</TD>
          </TR>
          <TR>
            <TD>2392344.5</TD>
            <TD>6.8479e-1</TD>
          </TR>
          <TR>
            <TD>2398081.5</TD>
            <TD>7.0135e-1</TD>
          </TR>
          <TR>
            <TD>2403846.2</TD>
            <TD>7.1794e-1</TD>
          </TR>
          <TR>
            <TD>2409058.1</TD>
            <TD>7.3278e-1</TD>
          </TR>
          <TR>
            <TD>2414875.6</TD>
            <TD>7.4762e-1</TD>
          </TR>
          <TR>
            <TD>2420721.4</TD>
            <TD>7.5752e-1</TD>
          </TR>
          <TR>
            <TD>2426595.5</TD>
            <TD>7.4676e-1</TD>
          </TR>
          <TR>
            <TD>2431906.6</TD>
            <TD>7.3553e-1</TD>
          </TR>
          <TR>
            <TD>2437835.2</TD>
            <TD>7.2627e-1</TD>
          </TR>
          <TR>
            <TD>2443792.8</TD>
            <TD>7.1801e-1</TD>
          </TR>
          <TR>
            <TD>2449779.5</TD>
            <TD>7.1065e-1</TD>
          </TR>
          <TR>
            <TD>2455795.7</TD>
            <TD>7.2259e-1</TD>
          </TR>
          <TR>
            <TD>2461235.5</TD>
            <TD>7.3429e-1</TD>
          </TR>
          <TR>
            <TD>2467308.2</TD>
            <TD>7.5008e-1</TD>
          </TR>
          <TR>
            <TD>2473410.8</TD>
            <TD>7.7006e-1</TD>
          </TR>
          <TR>
            <TD>2479543.8</TD>
            <TD>7.9022e-1</TD>
          </TR>
          <TR>
            <TD>2485707.2</TD>
            <TD>7.9072e-1</TD>
          </TR>
          <TR>
            <TD>2491280.5</TD>
            <TD>7.8851e-1</TD>
          </TR>
          <TR>
            <TD>2497502.5</TD>
            <TD>7.8500e-1</TD>
          </TR>
          <TR>
            <TD>2503755.6</TD>
            <TD>7.7783e-1</TD>
          </TR>
          <TR>
            <TD>2510040.2</TD>
            <TD>7.7058e-1</TD>
          </TR>
          <TR>
            <TD>2515723.3</TD>
            <TD>7.7589e-1</TD>
          </TR>
          <TR>
            <TD>2522068.1</TD>
            <TD>7.8623e-1</TD>
          </TR>
          <TR>
            <TD>2528445.0</TD>
            <TD>7.9654e-1</TD>
          </TR>
          <TR>
            <TD>2534854.2</TD>
            <TD>8.0733e-1</TD>
          </TR>
          <TR>
            <TD>2541296.1</TD>
            <TD>8.1823e-1</TD>
          </TR>
          <TR>
            <TD>2547121.8</TD>
            <TD>8.2559e-1</TD>
          </TR>
          <TR>
            <TD>2553626.1</TD>
            <TD>8.3143e-1</TD>
          </TR>
          <TR>
            <TD>2560163.9</TD>
            <TD>8.3745e-1</TD>
          </TR>
          <TR>
            <TD>2566735.1</TD>
            <TD>8.5112e-1</TD>
          </TR>
          <TR>
            <TD>2573340.2</TD>
            <TD>8.6492e-1</TD>
          </TR>
          <TR>
            <TD>2579313.9</TD>
            <TD>8.7853e-1</TD>
          </TR>
          <TR>
            <TD>2585984.0</TD>
            <TD>8.9287e-1</TD>
          </TR>
          <TR>
            <TD>2592688.6</TD>
            <TD>9.0734e-1</TD>
          </TR>
          <TR>
            <TD>2599428.1</TD>
            <TD>9.0398e-1</TD>
          </TR>
          <TR>
            <TD>2605523.7</TD>
            <TD>8.9732e-1</TD>
          </TR>
          <TR>
            <TD>2612330.2</TD>
            <TD>8.8964e-1</TD>
          </TR>
          <TR>
            <TD>2619172.3</TD>
            <TD>8.7819e-1</TD>
          </TR>
          <TR>
            <TD>2626050.4</TD>
            <TD>8.6661e-1</TD>
          </TR>
          <TR>
            <TD>2632964.7</TD>
            <TD>8.7704e-1</TD>
          </TR>
          <TR>
            <TD>2639218.8</TD>
            <TD>8.9585e-1</TD>
          </TR>
          <TR>
            <TD>2646202.7</TD>
            <TD>9.1733e-1</TD>
          </TR>
          <TR>
            <TD>2653223.7</TD>
            <TD>9.5644e-1</TD>
          </TR>
          <TR>
            <TD>2660282.0</TD>
            <TD>9.8778e-1</TD>
          </TR>
          <TR>
            <TD>2666666.7</TD>
            <TD>1.0000e+0</TD>
          </TR>
          <TR>
            <TD>2673796.8</TD>
            <TD>9.9416e-1</TD>
          </TR>
          <TR>
            <TD>2680965.1</TD>
            <TD>9.7536e-1</TD>
          </TR>
          <TR>
            <TD>2688172.0</TD>
            <TD>9.4547e-1</TD>
          </TR>
          <TR>
            <TD>2695417.8</TD>
            <TD>9.2348e-1</TD>
          </TR>
          <TR>
            <TD>2701972.4</TD>
            <TD>9.1850e-1</TD>
          </TR>
          <TR>
            <TD>2709292.9</TD>
            <TD>9.1320e-1</TD>
          </TR>
          <TR>
            <TD>2716653.1</TD>
            <TD>9.3505e-1</TD>
          </TR>
          <TR>
            <TD>2724053.4</TD>
            <TD>9.5666e-1</TD>
          </TR>
          <TR>
            <TD>2731494.1</TD>
            <TD>9.6743e-1</TD>
          </TR>
          <TR>
            <TD>2738225.6</TD>
            <TD>9.8255e-1</TD>
          </TR>
          <TR>
            <TD>2745744.1</TD>
            <TD>9.8671e-1</TD>
          </TR>
          <TR>
            <TD>2753304.0</TD>
            <TD>9.7950e-1</TD>
          </TR>
          <TR>
            <TD>2760905.6</TD>
            <TD>9.6293e-1</TD>
          </TR>
          <TR>
            <TD>2767783.0</TD>
            <TD>9.5163e-1</TD>
          </TR>
          <TR>
            <TD>2775464.9</TD>
            <TD>9.4978e-1</TD>
          </TR>
          <TR>
            <TD>2783189.5</TD>
            <TD>9.5348e-1</TD>
          </TR>
          <TR>
            <TD>2790957.3</TD>
            <TD>9.3955e-1</TD>
          </TR>
          <TR>
            <TD>2798768.5</TD>
            <TD>9.2997e-1</TD>
          </TR>
          <TR>
            <TD>2805836.1</TD>
            <TD>9.1553e-1</TD>
          </TR>
          <TR>
            <TD>2813731.0</TD>
            <TD>8.9002e-1</TD>
          </TR>
          <TR>
            <TD>2821670.4</TD>
            <TD>8.5584e-1</TD>
          </TR>
          <TR>
            <TD>2829654.8</TD>
            <TD>8.3446e-1</TD>
          </TR>
          <TR>
            <TD>2837684.4</TD>
            <TD>7.7980e-1</TD>
          </TR>
          <TR>
            <TD>2844950.2</TD>
            <TD>7.7480e-1</TD>
          </TR>
          <TR>
            <TD>2853067.0</TD>
            <TD>8.3105e-1</TD>
          </TR>
          <TR>
            <TD>2861230.3</TD>
            <TD>7.6277e-1</TD>
          </TR>
          <TR>
            <TD>2869440.5</TD>
            <TD>7.7411e-1</TD>
          </TR>
          <TR>
            <TD>2876870.0</TD>
            <TD>7.3993e-1</TD>
          </TR>
          <TR>
            <TD>2885170.2</TD>
            <TD>6.8640e-1</TD>
          </TR>
          <TR>
            <TD>2893518.5</TD>
            <TD>6.1206e-1</TD>
          </TR>
          <TR>
            <TD>2901915.3</TD>
            <TD>5.3980e-1</TD>
          </TR>
          <TR>
            <TD>2910360.9</TD>
            <TD>4.5655e-1</TD>
          </TR>
          <TR>
            <TD>2918004.1</TD>
            <TD>3.8562e-1</TD>
          </TR>
          <TR>
            <TD>2926543.8</TD>
            <TD>3.2259e-1</TD>
          </TR>
          <TR>
            <TD>2935133.5</TD>
            <TD>2.6342e-1</TD>
          </TR>
          <TR>
            <TD>2943773.9</TD>
            <TD>1.5206e-1</TD>
          </TR>
          <TR>
            <TD>2952465.3</TD>
            <TD>6.9042e-2</TD>
          </TR>
          <TR>
            <TD>2960331.6</TD>
            <TD>3.8082e-2</TD>
          </TR>
          <TR>
            <TD>2969121.1</TD>
            <TD>2.2996e-2</TD>
          </TR>
          <TR>
            <TD>2977963.1</TD>
            <TD>1.4359e-2</TD>
          </TR>
          <TR>
            <TD>2986857.8</TD>
            <TD>9.3196e-3</TD>
          </TR>
          <TR>
            <TD>2994908.7</TD>
            <TD>7.6234e-3</TD>
          </TR>
          <TR>
            <TD>3003905.1</TD>
            <TD>6.4329e-3</TD>
          </TR>
          <TR>
            <TD>3012955.7</TD>
            <TD>5.8582e-3</TD>
          </TR>
          <TR>
            <TD>3022061.0</TD>
            <TD>5.5832e-3</TD>
          </TR>
          <TR>
            <TD>3031221.6</TD>
            <TD>5.3672e-3</TD>
          </TR>
          <TR>
            <TD>3039513.7</TD>
            <TD>5.1263e-3</TD>
          </TR>
          <TR>
            <TD>3048780.5</TD>
            <TD>4.8895e-3</TD>
          </TR>
          <TR>
            <TD>3058104.0</TD>
            <TD>4.5244e-3</TD>
          </TR>
          <TR>
            <TD>3067484.7</TD>
            <TD>4.1160e-3</TD>
          </TR>
          <TR>
            <TD>3076923.1</TD>
            <TD>3.7259e-3</TD>
          </TR>
          <TR>
            <TD>3085467.4</TD>
            <TD>3.2640e-3</TD>
          </TR>
          <TR>
            <TD>3095017.0</TD>
            <TD>2.9270e-3</TD>
          </TR>
          <TR>
            <TD>3104625.9</TD>
            <TD>2.6175e-3</TD>
          </TR>
          <TR>
            <TD>3114294.6</TD>
            <TD>2.3341e-3</TD>
          </TR>
          <TR>
            <TD>3123048.1</TD>
            <TD>2.0639e-3</TD>
          </TR>
          <TR>
            <TD>3132832.1</TD>
            <TD>1.7945e-3</TD>
          </TR>
          <TR>
            <TD>3142677.6</TD>
            <TD>1.5171e-3</TD>
          </TR>
          <TR>
            <TD>3152585.1</TD>
            <TD>1.2760e-3</TD>
          </TR>
          <TR>
            <TD>3162555.3</TD>
            <TD>1.0675e-3</TD>
          </TR>
          <TR>
            <TD>3171582.6</TD>
            <TD>8.8541e-4</TD>
          </TR>
          <TR>
            <TD>3181673.6</TD>
            <TD>7.4776e-4</TD>
          </TR>
          <TR>
            <TD>3191828.9</TD>
            <TD>6.5745e-4</TD>
          </TR>
          <TR>
            <TD>3202049.3</TD>
            <TD>5.8244e-4</TD>
          </TR>
          <TR>
            <TD>3211303.8</TD>
            <TD>5.3716e-4</TD>
          </TR>
          <TR>
            <TD>3221649.5</TD>
            <TD>5.0063e-4</TD>
          </TR>
          <TR>
            <TD>3232062.1</TD>
            <TD>4.7094e-4</TD>
          </TR>
          <TR>
            <TD>3242542.2</TD>
            <TD>4.3306e-4</TD>
          </TR>
          <TR>
            <TD>3253090.4</TD>
            <TD>3.9576e-4</TD>
          </TR>
          <TR>
            <TD>3262642.7</TD>
            <TD>3.5510e-4</TD>
          </TR>
          <TR>
            <TD>3273322.4</TD>
            <TD>3.2298e-4</TD>
          </TR>
          <TR>
            <TD>3284072.2</TD>
            <TD>2.9044e-4</TD>
          </TR>
          <TR>
            <TD>3294892.9</TD>
            <TD>2.6060e-4</TD>
          </TR>
          <TR>
            <TD>3305785.1</TD>
            <TD>2.4206e-4</TD>
          </TR>
          <TR>
            <TD>3315649.9</TD>
            <TD>2.2491e-4</TD>
          </TR>
          <TR>
            <TD>3326680.0</TD>
            <TD>2.1074e-4</TD>
          </TR>
          <TR>
            <TD>3337783.7</TD>
            <TD>2.0019e-4</TD>
          </TR>
          <TR>
            <TD>3348961.8</TD>
            <TD>1.8949e-4</TD>
          </TR>
          <TR>
            <TD>3359086.3</TD>
            <TD>1.7690e-4</TD>
          </TR>
          <TR>
            <TD>3370407.8</TD>
            <TD>1.6393e-4</TD>
          </TR>
          <TR>
            <TD>3381805.9</TD>
            <TD>1.4994e-4</TD>
          </TR>
          <TR>
            <TD>3393281.3</TD>
            <TD>1.3812e-4</TD>
          </TR>
          <TR>
            <TD>3404834.9</TD>
            <TD>1.2968e-4</TD>
          </TR>
          <TR>
            <TD>3415300.5</TD>
            <TD>1.2185e-4</TD>
          </TR>
          <TR>
            <TD>3427004.8</TD>
            <TD>1.1649e-4</TD>
          </TR>
          <TR>
            <TD>3438789.5</TD>
            <TD>1.1232e-4</TD>
          </TR>
          <TR>
            <TD>3450655.6</TD>
            <TD>1.0694e-4</TD>
          </TR>
          <TR>
            <TD>3462603.9</TD>
            <TD>9.8840e-5</TD>
          </TR>
          <TR>
            <TD>3473428.3</TD>
            <TD>8.9764e-5</TD>
          </TR>
          <TR>
            <TD>3485535.0</TD>
            <TD>8.1004e-5</TD>
          </TR>
        </TABLEDATA>
      </DATA>
    </TABLE>
  </RESOURCE>
</VOTABLE>
