<?xml version="1.0"?>
<VOTABLE version="1.1" xsi:schemaLocation="http://www.ivoa.net/xml/VOTable/v1.1" xmlns:xsi="http://www.w3.org/2001/XMLSchema-instance">
  <INFO name="QUERY_STATUS" value="OK"/>
  <RESOURCE type="results">
    <PARAM name="FilterProfileService" value="ivo://svo/fps" ucd="meta.ref.ivorn" utype="PhotometryFilter.fpsIdentifier" datatype="char" arraysize="*"/>
    <PARAM name="filterID" value="Herschel/Pacs.blue" ucd="meta.id" utype="photdm:PhotometryFilter.identifier" datatype="char" arraysize="*"/>
    <PARAM name="WavelengthUnit" value="Angstrom" ucd="meta.unit" utype="PhotometryFilter.SpectralAxis.unit" datatype="char" arraysize="*"/>
    <PARAM name="WavelengthUCD" value="em.wl" ucd="meta.ucd" utype="PhotometryFilter.SpectralAxis.UCD" datatype="char" arraysize="*"/>
    <PARAM name="Description" value="Herschel Pacs blue filter" ucd="meta.note" utype="photdm:PhotometryFilter.description" datatype="char" arraysize="*"/>
    <PARAM name="PhotSystem" value="Herschel" utype="photdm:PhotometricSystem.description" datatype="char" arraysize="*">
       <DESCRIPTION>Photometric system</DESCRIPTION>
    </PARAM>
    <PARAM name="Instrument" value="Pacs" ucd="instr" datatype="char" arraysize="*">
       <DESCRIPTION>Instrument</DESCRIPTION>
    </PARAM>
    <PARAM name="Facility" value="Herschel" ucd="instr.obsty" datatype="char" arraysize="*">
       <DESCRIPTION>Observational facility</DESCRIPTION>
    </PARAM>
    <PARAM name="ProfileReference" value="https://nhscsci.ipac.caltech.edu/sc/index.php/Pacs/FilterCurves" datatype="char" arraysize="*"/>
    <PARAM name="Description" value="Herschel Pacs blue filter" ucd="meta.note" utype="photdm:PhotometryFilter.description" datatype="char" arraysize="*"/>
    <PARAM name="WavelengthMean" value="719334.19764049" unit="Angstrom" ucd="em.wl" utype="photdm:PhotometryFilter.SpectralAxis.Coverage.Location.Value" datatype="float" >
       <DESCRIPTION>Mean wavelength. Defined as integ[x*filter(x) dx]/integ[filter(x) dx]</DESCRIPTION>
    </PARAM>
    <PARAM name="WavelengthEff" value="689247.38661412" unit="Angstrom" ucd="em.wl.effective" datatype="float" >
       <DESCRIPTION>Effective wavelength. Defined as integ[x*filter(x)*vega(x) dx]/integ[filter(x)*vega(x) dx]</DESCRIPTION>
    </PARAM>
    <PARAM name="WavelengthMin" value="556706.37368607" unit="Angstrom" ucd="em.wl;stat.min" utype="photdm:PhotometryFilter.SpectralAxis.Coverage.Bounds.Start" datatype="float" >
       <DESCRIPTION>Minimum filter wavelength. Defined as the first lambda value with a transmission at least 1% of maximum transmission</DESCRIPTION>
    </PARAM>
    <PARAM name="WavelengthMax" value="977403.22680027" unit="Angstrom" ucd="em.wl;stat.max" utype="photdm:PhotometryFilter.SpectralAxis.Coverage.Bounds.Stop" datatype="float" >
       <DESCRIPTION>Maximum filter wavelength. Defined as the last lambda value with a transmission at least 1% of maximum transmission</DESCRIPTION>
    </PARAM>
    <PARAM name="WidthEff" value="214148.87500301" unit="Angstrom" ucd="instr.bandwidth" utype="photdm:PhotometryFilter.SpectralAxis.Coverage.Bounds.Extent" datatype="float" >
       <DESCRIPTION>Effective width. Defined as integ[x*filter(x) dx].\nEquivalent to the horizontal size of a rectangle with height equal to maximum transmission and with the same area that the one covered by the filter transmission curve.</DESCRIPTION>
    </PARAM>
    <PARAM name="WavelengthCen" value="713307.63128171" unit="Angstrom" ucd="em.wl" datatype="float" >
       <DESCRIPTION>Central wavelength. Defined as the central wavelength between the two points defining FWMH</DESCRIPTION>
    </PARAM>
    <PARAM name="WavelengthPivot" value="715414.94779977" unit="Angstrom" ucd="em.wl" datatype="float" >
       <DESCRIPTION>Peak wavelength. Defined as sqrt{integ[x*filter(x) dx]/integ[filter(x) dx/x]}</DESCRIPTION>
    </PARAM>
    <PARAM name="WavelengthPeak" value="653594.9707" unit="Angstrom" ucd="em.wl" datatype="float" >
       <DESCRIPTION>Peak wavelength. Defined as the lambda value with larger transmission</DESCRIPTION>
    </PARAM>
    <PARAM name="WavelengthPhot" value="696357.43746192" unit="Angstrom" ucd="em.wl" datatype="float" >
       <DESCRIPTION>Photon distribution based effective wavelength. Defined as integ[x^2*filter(x)*vega(x) dx]/integ[x*filter(x)*vega(x) dx]</DESCRIPTION>
    </PARAM>
    <PARAM name="FWHM" value="220966.68634692" unit="Angstrom" ucd="instr.bandwidth" datatype="float" >
       <DESCRIPTION>Full width at half maximum. Defined as the difference between the two wavelengths for which filter transmission is half maximum</DESCRIPTION>
    </PARAM>
    <PARAM name="PhotCalID" value="Herschel/Pacs.blue/Vega" ucd="meta.id" utype="photdm:PhotCal.identifier" datatype="char" arraysize="*"/>
    <PARAM name="MagSys" value="Vega" ucd="meta.code" utype="photdm:PhotCal.MagnitudeSystem.type" datatype="char" arraysize="*"/>
    <PARAM name="ZeroPoint" value="0.77501129473337" unit="Jy" ucd="phot.flux.density" utype="photdm:PhotCal.ZeroPoint.Flux.value" datatype="float" />
    <PARAM name="ZeroPointUnit" value="Jy" ucd="meta.unit" utype="photdm:PhotCal.ZeroPoint.Flux.unit" datatype="char" arraysize="*"/>
    <PARAM name="ZeroPointType" value="Pogson" ucd="meta.code" utype="photdm:PhotCal.ZeroPoint.type" datatype="char" arraysize="*"/>
    <TABLE utype="photdm:PhotometryFilter.transmissionCurve.spectrum">
      <FIELD name="Wavelength" utype="spec:Data.SpectralAxis.Value" ucd="em.wl" unit="Angstrom" datatype="float"/>
      <FIELD name="Transmission" utype="spec:Data.FluxAxis.Value" ucd="phys.transmission" unit="" datatype="float"/>
      <DATA>
        <TABLEDATA>
          <TR>
            <TD>539811.019900</TD>
            <TD>0.000110</TD>
          </TR>
          <TR>
            <TD>540541.000400</TD>
            <TD>0.000127</TD>
          </TR>
          <TR>
            <TD>541272.010800</TD>
            <TD>0.000149</TD>
          </TR>
          <TR>
            <TD>542005.004900</TD>
            <TD>0.000174</TD>
          </TR>
          <TR>
            <TD>542740.974400</TD>
            <TD>0.000207</TD>
          </TR>
          <TR>
            <TD>543478.012100</TD>
            <TD>0.000246</TD>
          </TR>
          <TR>
            <TD>544217.987100</TD>
            <TD>0.000292</TD>
          </TR>
          <TR>
            <TD>544958.992000</TD>
            <TD>0.000349</TD>
          </TR>
          <TR>
            <TD>545703.048700</TD>
            <TD>0.000415</TD>
          </TR>
          <TR>
            <TD>546447.982800</TD>
            <TD>0.000489</TD>
          </TR>
          <TR>
            <TD>547196.044900</TD>
            <TD>0.000579</TD>
          </TR>
          <TR>
            <TD>547944.946300</TD>
            <TD>0.000685</TD>
          </TR>
          <TR>
            <TD>548697.013900</TD>
            <TD>0.000801</TD>
          </TR>
          <TR>
            <TD>549451.026900</TD>
            <TD>0.000936</TD>
          </TR>
          <TR>
            <TD>550206.031800</TD>
            <TD>0.001090</TD>
          </TR>
          <TR>
            <TD>550964.050300</TD>
            <TD>0.001267</TD>
          </TR>
          <TR>
            <TD>551724.014300</TD>
            <TD>0.001493</TD>
          </TR>
          <TR>
            <TD>552486.000100</TD>
            <TD>0.001782</TD>
          </TR>
          <TR>
            <TD>553249.969500</TD>
            <TD>0.002140</TD>
          </TR>
          <TR>
            <TD>554016.952500</TD>
            <TD>0.002599</TD>
          </TR>
          <TR>
            <TD>554785.041800</TD>
            <TD>0.003182</TD>
          </TR>
          <TR>
            <TD>555555.954000</TD>
            <TD>0.003878</TD>
          </TR>
          <TR>
            <TD>556328.010600</TD>
            <TD>0.004700</TD>
          </TR>
          <TR>
            <TD>557102.966300</TD>
            <TD>0.005665</TD>
          </TR>
          <TR>
            <TD>557879.982000</TD>
            <TD>0.006751</TD>
          </TR>
          <TR>
            <TD>558659.019500</TD>
            <TD>0.007975</TD>
          </TR>
          <TR>
            <TD>559441.032400</TD>
            <TD>0.009337</TD>
          </TR>
          <TR>
            <TD>560223.999000</TD>
            <TD>0.010770</TD>
          </TR>
          <TR>
            <TD>561010.055500</TD>
            <TD>0.012298</TD>
          </TR>
          <TR>
            <TD>561797.943100</TD>
            <TD>0.013769</TD>
          </TR>
          <TR>
            <TD>562588.043200</TD>
            <TD>0.015411</TD>
          </TR>
          <TR>
            <TD>563380.050700</TD>
            <TD>0.017236</TD>
          </TR>
          <TR>
            <TD>564174.957300</TD>
            <TD>0.019291</TD>
          </TR>
          <TR>
            <TD>564972.038300</TD>
            <TD>0.021477</TD>
          </TR>
          <TR>
            <TD>565771.026600</TD>
            <TD>0.023767</TD>
          </TR>
          <TR>
            <TD>566571.960400</TD>
            <TD>0.026286</TD>
          </TR>
          <TR>
            <TD>567375.984200</TD>
            <TD>0.028976</TD>
          </TR>
          <TR>
            <TD>568182.029700</TD>
            <TD>0.031815</TD>
          </TR>
          <TR>
            <TD>568989.944500</TD>
            <TD>0.034946</TD>
          </TR>
          <TR>
            <TD>569800.949100</TD>
            <TD>0.038235</TD>
          </TR>
          <TR>
            <TD>570612.983700</TD>
            <TD>0.041493</TD>
          </TR>
          <TR>
            <TD>571428.985600</TD>
            <TD>0.044929</TD>
          </TR>
          <TR>
            <TD>572246.017500</TD>
            <TD>0.048485</TD>
          </TR>
          <TR>
            <TD>573065.986600</TD>
            <TD>0.051882</TD>
          </TR>
          <TR>
            <TD>573888.015700</TD>
            <TD>0.055525</TD>
          </TR>
          <TR>
            <TD>574712.944000</TD>
            <TD>0.059458</TD>
          </TR>
          <TR>
            <TD>575540.046700</TD>
            <TD>0.063293</TD>
          </TR>
          <TR>
            <TD>576369.018600</TD>
            <TD>0.067365</TD>
          </TR>
          <TR>
            <TD>577201.042200</TD>
            <TD>0.071892</TD>
          </TR>
          <TR>
            <TD>578035.011300</TD>
            <TD>0.076470</TD>
          </TR>
          <TR>
            <TD>578870.964100</TD>
            <TD>0.081241</TD>
          </TR>
          <TR>
            <TD>579710.006700</TD>
            <TD>0.085888</TD>
          </TR>
          <TR>
            <TD>580551.986700</TD>
            <TD>0.090511</TD>
          </TR>
          <TR>
            <TD>581394.996600</TD>
            <TD>0.095411</TD>
          </TR>
          <TR>
            <TD>582241.973900</TD>
            <TD>0.100653</TD>
          </TR>
          <TR>
            <TD>583089.981100</TD>
            <TD>0.106150</TD>
          </TR>
          <TR>
            <TD>583942.031900</TD>
            <TD>0.112039</TD>
          </TR>
          <TR>
            <TD>584794.998200</TD>
            <TD>0.117755</TD>
          </TR>
          <TR>
            <TD>585652.046200</TD>
            <TD>0.123631</TD>
          </TR>
          <TR>
            <TD>586510.009800</TD>
            <TD>0.129391</TD>
          </TR>
          <TR>
            <TD>587372.016900</TD>
            <TD>0.135667</TD>
          </TR>
          <TR>
            <TD>588235.015900</TD>
            <TD>0.142264</TD>
          </TR>
          <TR>
            <TD>589101.944000</TD>
            <TD>0.148838</TD>
          </TR>
          <TR>
            <TD>589971.008300</TD>
            <TD>0.155394</TD>
          </TR>
          <TR>
            <TD>590842.056300</TD>
            <TD>0.161835</TD>
          </TR>
          <TR>
            <TD>591716.041600</TD>
            <TD>0.168066</TD>
          </TR>
          <TR>
            <TD>592593.040500</TD>
            <TD>0.174517</TD>
          </TR>
          <TR>
            <TD>593471.984900</TD>
            <TD>0.181205</TD>
          </TR>
          <TR>
            <TD>594353.981000</TD>
            <TD>0.188179</TD>
          </TR>
          <TR>
            <TD>595237.999000</TD>
            <TD>0.195707</TD>
          </TR>
          <TR>
            <TD>596124.992400</TD>
            <TD>0.203311</TD>
          </TR>
          <TR>
            <TD>597014.961200</TD>
            <TD>0.210078</TD>
          </TR>
          <TR>
            <TD>597906.990100</TD>
            <TD>0.217555</TD>
          </TR>
          <TR>
            <TD>598801.994300</TD>
            <TD>0.225067</TD>
          </TR>
          <TR>
            <TD>599700.050400</TD>
            <TD>0.232349</TD>
          </TR>
          <TR>
            <TD>600601.005600</TD>
            <TD>0.239996</TD>
          </TR>
          <TR>
            <TD>601503.982500</TD>
            <TD>0.247917</TD>
          </TR>
          <TR>
            <TD>602409.973100</TD>
            <TD>0.255344</TD>
          </TR>
          <TR>
            <TD>603318.023700</TD>
            <TD>0.262387</TD>
          </TR>
          <TR>
            <TD>604230.003400</TD>
            <TD>0.269255</TD>
          </TR>
          <TR>
            <TD>605144.004800</TD>
            <TD>0.275607</TD>
          </TR>
          <TR>
            <TD>606060.981800</TD>
            <TD>0.281619</TD>
          </TR>
          <TR>
            <TD>606980.018600</TD>
            <TD>0.287727</TD>
          </TR>
          <TR>
            <TD>607902.984600</TD>
            <TD>0.293566</TD>
          </TR>
          <TR>
            <TD>608828.048700</TD>
            <TD>0.298717</TD>
          </TR>
          <TR>
            <TD>609756.050100</TD>
            <TD>0.303889</TD>
          </TR>
          <TR>
            <TD>610686.988800</TD>
            <TD>0.308908</TD>
          </TR>
          <TR>
            <TD>611620.979300</TD>
            <TD>0.313452</TD>
          </TR>
          <TR>
            <TD>612556.991600</TD>
            <TD>0.318058</TD>
          </TR>
          <TR>
            <TD>613497.009300</TD>
            <TD>0.322264</TD>
          </TR>
          <TR>
            <TD>614439.048800</TD>
            <TD>0.325698</TD>
          </TR>
          <TR>
            <TD>615385.017400</TD>
            <TD>0.329750</TD>
          </TR>
          <TR>
            <TD>616333.007800</TD>
            <TD>0.334729</TD>
          </TR>
          <TR>
            <TD>617284.050000</TD>
            <TD>0.339911</TD>
          </TR>
          <TR>
            <TD>618238.029500</TD>
            <TD>0.345664</TD>
          </TR>
          <TR>
            <TD>619195.022600</TD>
            <TD>0.352120</TD>
          </TR>
          <TR>
            <TD>620154.991100</TD>
            <TD>0.358545</TD>
          </TR>
          <TR>
            <TD>621118.011500</TD>
            <TD>0.365037</TD>
          </TR>
          <TR>
            <TD>622084.045400</TD>
            <TD>0.371346</TD>
          </TR>
          <TR>
            <TD>623052.978500</TD>
            <TD>0.378117</TD>
          </TR>
          <TR>
            <TD>624025.039700</TD>
            <TD>0.384569</TD>
          </TR>
          <TR>
            <TD>625000.000000</TD>
            <TD>0.390229</TD>
          </TR>
          <TR>
            <TD>625977.973900</TD>
            <TD>0.394875</TD>
          </TR>
          <TR>
            <TD>626958.961500</TD>
            <TD>0.399337</TD>
          </TR>
          <TR>
            <TD>627942.962600</TD>
            <TD>0.404031</TD>
          </TR>
          <TR>
            <TD>628931.007400</TD>
            <TD>0.408879</TD>
          </TR>
          <TR>
            <TD>629921.035800</TD>
            <TD>0.413125</TD>
          </TR>
          <TR>
            <TD>630914.993300</TD>
            <TD>0.416077</TD>
          </TR>
          <TR>
            <TD>631912.002600</TD>
            <TD>0.417277</TD>
          </TR>
          <TR>
            <TD>632910.957300</TD>
            <TD>0.421352</TD>
          </TR>
          <TR>
            <TD>633913.993800</TD>
            <TD>0.429863</TD>
          </TR>
          <TR>
            <TD>634921.035800</TD>
            <TD>0.438127</TD>
          </TR>
          <TR>
            <TD>635929.985000</TD>
            <TD>0.444949</TD>
          </TR>
          <TR>
            <TD>636943.054200</TD>
            <TD>0.451292</TD>
          </TR>
          <TR>
            <TD>637958.984400</TD>
            <TD>0.457495</TD>
          </TR>
          <TR>
            <TD>638977.966300</TD>
            <TD>0.463309</TD>
          </TR>
          <TR>
            <TD>640000.000000</TD>
            <TD>0.469702</TD>
          </TR>
          <TR>
            <TD>641026.001000</TD>
            <TD>0.476195</TD>
          </TR>
          <TR>
            <TD>642054.977400</TD>
            <TD>0.481976</TD>
          </TR>
          <TR>
            <TD>643087.005600</TD>
            <TD>0.488802</TD>
          </TR>
          <TR>
            <TD>644122.009300</TD>
            <TD>0.495328</TD>
          </TR>
          <TR>
            <TD>645160.980200</TD>
            <TD>0.499707</TD>
          </TR>
          <TR>
            <TD>646203.994800</TD>
            <TD>0.503528</TD>
          </TR>
          <TR>
            <TD>647248.992900</TD>
            <TD>0.507449</TD>
          </TR>
          <TR>
            <TD>648298.034700</TD>
            <TD>0.510204</TD>
          </TR>
          <TR>
            <TD>649350.967400</TD>
            <TD>0.512200</TD>
          </TR>
          <TR>
            <TD>650406.036400</TD>
            <TD>0.513882</TD>
          </TR>
          <TR>
            <TD>651465.988200</TD>
            <TD>0.514839</TD>
          </TR>
          <TR>
            <TD>652528.991700</TD>
            <TD>0.516230</TD>
          </TR>
          <TR>
            <TD>653594.970700</TD>
            <TD>0.517115</TD>
          </TR>
          <TR>
            <TD>654664.001500</TD>
            <TD>0.516008</TD>
          </TR>
          <TR>
            <TD>655737.991300</TD>
            <TD>0.514180</TD>
          </TR>
          <TR>
            <TD>656813.964800</TD>
            <TD>0.513347</TD>
          </TR>
          <TR>
            <TD>657894.973800</TD>
            <TD>0.512823</TD>
          </TR>
          <TR>
            <TD>658979.034400</TD>
            <TD>0.512001</TD>
          </TR>
          <TR>
            <TD>660065.994300</TD>
            <TD>0.511521</TD>
          </TR>
          <TR>
            <TD>661156.997700</TD>
            <TD>0.511944</TD>
          </TR>
          <TR>
            <TD>662251.968400</TD>
            <TD>0.512186</TD>
          </TR>
          <TR>
            <TD>663349.990800</TD>
            <TD>0.511664</TD>
          </TR>
          <TR>
            <TD>664451.980600</TD>
            <TD>0.512062</TD>
          </TR>
          <TR>
            <TD>665557.022100</TD>
            <TD>0.513292</TD>
          </TR>
          <TR>
            <TD>666667.022700</TD>
            <TD>0.515429</TD>
          </TR>
          <TR>
            <TD>667779.998800</TD>
            <TD>0.516272</TD>
          </TR>
          <TR>
            <TD>668896.026600</TD>
            <TD>0.514410</TD>
          </TR>
          <TR>
            <TD>670017.013500</TD>
            <TD>0.511657</TD>
          </TR>
          <TR>
            <TD>671140.976000</TD>
            <TD>0.509671</TD>
          </TR>
          <TR>
            <TD>672268.981900</TD>
            <TD>0.508205</TD>
          </TR>
          <TR>
            <TD>673401.031500</TD>
            <TD>0.507281</TD>
          </TR>
          <TR>
            <TD>674535.980200</TD>
            <TD>0.506028</TD>
          </TR>
          <TR>
            <TD>675675.964400</TD>
            <TD>0.503302</TD>
          </TR>
          <TR>
            <TD>676819.000200</TD>
            <TD>0.499445</TD>
          </TR>
          <TR>
            <TD>677966.003400</TD>
            <TD>0.495538</TD>
          </TR>
          <TR>
            <TD>679116.973900</TD>
            <TD>0.491115</TD>
          </TR>
          <TR>
            <TD>680271.987900</TD>
            <TD>0.486110</TD>
          </TR>
          <TR>
            <TD>681430.969200</TD>
            <TD>0.481066</TD>
          </TR>
          <TR>
            <TD>682593.994100</TD>
            <TD>0.475621</TD>
          </TR>
          <TR>
            <TD>683760.986300</TD>
            <TD>0.469266</TD>
          </TR>
          <TR>
            <TD>684931.030300</TD>
            <TD>0.463287</TD>
          </TR>
          <TR>
            <TD>686106.033300</TD>
            <TD>0.457848</TD>
          </TR>
          <TR>
            <TD>687285.003700</TD>
            <TD>0.452905</TD>
          </TR>
          <TR>
            <TD>688468.017600</TD>
            <TD>0.449571</TD>
          </TR>
          <TR>
            <TD>689654.998800</TD>
            <TD>0.447682</TD>
          </TR>
          <TR>
            <TD>690846.023600</TD>
            <TD>0.446328</TD>
          </TR>
          <TR>
            <TD>692042.007400</TD>
            <TD>0.446234</TD>
          </TR>
          <TR>
            <TD>693240.966800</TD>
            <TD>0.447390</TD>
          </TR>
          <TR>
            <TD>694443.969700</TD>
            <TD>0.448325</TD>
          </TR>
          <TR>
            <TD>695652.008100</TD>
            <TD>0.448806</TD>
          </TR>
          <TR>
            <TD>696864.013700</TD>
            <TD>0.450124</TD>
          </TR>
          <TR>
            <TD>698079.986600</TD>
            <TD>0.450369</TD>
          </TR>
          <TR>
            <TD>699300.994900</TD>
            <TD>0.449911</TD>
          </TR>
          <TR>
            <TD>700524.978600</TD>
            <TD>0.449939</TD>
          </TR>
          <TR>
            <TD>701753.997800</TD>
            <TD>0.449575</TD>
          </TR>
          <TR>
            <TD>702987.976100</TD>
            <TD>0.448920</TD>
          </TR>
          <TR>
            <TD>704225.006100</TD>
            <TD>0.449043</TD>
          </TR>
          <TR>
            <TD>705466.995200</TD>
            <TD>0.449143</TD>
          </TR>
          <TR>
            <TD>706714.019800</TD>
            <TD>0.449275</TD>
          </TR>
          <TR>
            <TD>707965.011600</TD>
            <TD>0.450658</TD>
          </TR>
          <TR>
            <TD>709219.970700</TD>
            <TD>0.452066</TD>
          </TR>
          <TR>
            <TD>710479.965200</TD>
            <TD>0.453229</TD>
          </TR>
          <TR>
            <TD>711744.003300</TD>
            <TD>0.456307</TD>
          </TR>
          <TR>
            <TD>713012.008700</TD>
            <TD>0.459272</TD>
          </TR>
          <TR>
            <TD>714285.965000</TD>
            <TD>0.461485</TD>
          </TR>
          <TR>
            <TD>715563.964800</TD>
            <TD>0.463527</TD>
          </TR>
          <TR>
            <TD>716846.008300</TD>
            <TD>0.465577</TD>
          </TR>
          <TR>
            <TD>718133.010900</TD>
            <TD>0.466345</TD>
          </TR>
          <TR>
            <TD>719423.980700</TD>
            <TD>0.466474</TD>
          </TR>
          <TR>
            <TD>720720.977800</TD>
            <TD>0.467870</TD>
          </TR>
          <TR>
            <TD>722022.018400</TD>
            <TD>0.468955</TD>
          </TR>
          <TR>
            <TD>723327.026400</TD>
            <TD>0.469105</TD>
          </TR>
          <TR>
            <TD>724637.985200</TD>
            <TD>0.469282</TD>
          </TR>
          <TR>
            <TD>725952.987700</TD>
            <TD>0.468998</TD>
          </TR>
          <TR>
            <TD>727273.025500</TD>
            <TD>0.468968</TD>
          </TR>
          <TR>
            <TD>728597.030600</TD>
            <TD>0.470246</TD>
          </TR>
          <TR>
            <TD>729926.986700</TD>
            <TD>0.471664</TD>
          </TR>
          <TR>
            <TD>731260.986300</TD>
            <TD>0.473189</TD>
          </TR>
          <TR>
            <TD>732601.013200</TD>
            <TD>0.475921</TD>
          </TR>
          <TR>
            <TD>733945.007300</TD>
            <TD>0.478280</TD>
          </TR>
          <TR>
            <TD>735294.036900</TD>
            <TD>0.479895</TD>
          </TR>
          <TR>
            <TD>736648.025500</TD>
            <TD>0.482242</TD>
          </TR>
          <TR>
            <TD>738006.973300</TD>
            <TD>0.484544</TD>
          </TR>
          <TR>
            <TD>739372.024500</TD>
            <TD>0.486285</TD>
          </TR>
          <TR>
            <TD>740740.966800</TD>
            <TD>0.488599</TD>
          </TR>
          <TR>
            <TD>742115.020800</TD>
            <TD>0.490835</TD>
          </TR>
          <TR>
            <TD>743494.033800</TD>
            <TD>0.492270</TD>
          </TR>
          <TR>
            <TD>744878.997800</TD>
            <TD>0.494165</TD>
          </TR>
          <TR>
            <TD>746268.997200</TD>
            <TD>0.496266</TD>
          </TR>
          <TR>
            <TD>747664.032000</TD>
            <TD>0.497473</TD>
          </TR>
          <TR>
            <TD>749064.025900</TD>
            <TD>0.498887</TD>
          </TR>
          <TR>
            <TD>750468.978900</TD>
            <TD>0.500771</TD>
          </TR>
          <TR>
            <TD>751880.035400</TD>
            <TD>0.501280</TD>
          </TR>
          <TR>
            <TD>753295.974700</TD>
            <TD>0.500994</TD>
          </TR>
          <TR>
            <TD>754717.025800</TD>
            <TD>0.501352</TD>
          </TR>
          <TR>
            <TD>756144.027700</TD>
            <TD>0.501801</TD>
          </TR>
          <TR>
            <TD>757575.988800</TD>
            <TD>0.500676</TD>
          </TR>
          <TR>
            <TD>759012.985200</TD>
            <TD>0.499537</TD>
          </TR>
          <TR>
            <TD>760456.008900</TD>
            <TD>0.498380</TD>
          </TR>
          <TR>
            <TD>761904.983500</TD>
            <TD>0.496167</TD>
          </TR>
          <TR>
            <TD>763358.993500</TD>
            <TD>0.493654</TD>
          </TR>
          <TR>
            <TD>764817.962600</TD>
            <TD>0.490494</TD>
          </TR>
          <TR>
            <TD>766283.035300</TD>
            <TD>0.487318</TD>
          </TR>
          <TR>
            <TD>767753.982500</TD>
            <TD>0.484968</TD>
          </TR>
          <TR>
            <TD>769231.033300</TD>
            <TD>0.482499</TD>
          </TR>
          <TR>
            <TD>770712.966900</TD>
            <TD>0.478597</TD>
          </TR>
          <TR>
            <TD>772201.004000</TD>
            <TD>0.474422</TD>
          </TR>
          <TR>
            <TD>773694.000200</TD>
            <TD>0.468881</TD>
          </TR>
          <TR>
            <TD>775194.015500</TD>
            <TD>0.460909</TD>
          </TR>
          <TR>
            <TD>776698.989900</TD>
            <TD>0.452254</TD>
          </TR>
          <TR>
            <TD>778209.991500</TD>
            <TD>0.443478</TD>
          </TR>
          <TR>
            <TD>779727.020300</TD>
            <TD>0.433971</TD>
          </TR>
          <TR>
            <TD>781250.000000</TD>
            <TD>0.425074</TD>
          </TR>
          <TR>
            <TD>782779.007000</TD>
            <TD>0.417545</TD>
          </TR>
          <TR>
            <TD>784313.964800</TD>
            <TD>0.410239</TD>
          </TR>
          <TR>
            <TD>785855.026200</TD>
            <TD>0.403792</TD>
          </TR>
          <TR>
            <TD>787401.962300</TD>
            <TD>0.399560</TD>
          </TR>
          <TR>
            <TD>788955.001800</TD>
            <TD>0.396889</TD>
          </TR>
          <TR>
            <TD>790513.992300</TD>
            <TD>0.396264</TD>
          </TR>
          <TR>
            <TD>792079.010000</TD>
            <TD>0.395977</TD>
          </TR>
          <TR>
            <TD>793650.970500</TD>
            <TD>0.394319</TD>
          </TR>
          <TR>
            <TD>795229.034400</TD>
            <TD>0.391331</TD>
          </TR>
          <TR>
            <TD>796812.973000</TD>
            <TD>0.388077</TD>
          </TR>
          <TR>
            <TD>798403.015100</TD>
            <TD>0.383895</TD>
          </TR>
          <TR>
            <TD>800000.000000</TD>
            <TD>0.378701</TD>
          </TR>
          <TR>
            <TD>801603.012100</TD>
            <TD>0.373638</TD>
          </TR>
          <TR>
            <TD>803212.966900</TD>
            <TD>0.368149</TD>
          </TR>
          <TR>
            <TD>804829.025300</TD>
            <TD>0.361486</TD>
          </TR>
          <TR>
            <TD>806452.026400</TD>
            <TD>0.354700</TD>
          </TR>
          <TR>
            <TD>808080.978400</TD>
            <TD>0.347728</TD>
          </TR>
          <TR>
            <TD>809717.025800</TD>
            <TD>0.339800</TD>
          </TR>
          <TR>
            <TD>811359.024000</TD>
            <TD>0.331624</TD>
          </TR>
          <TR>
            <TD>813007.965100</TD>
            <TD>0.323444</TD>
          </TR>
          <TR>
            <TD>814664.001500</TD>
            <TD>0.314507</TD>
          </TR>
          <TR>
            <TD>816326.980600</TD>
            <TD>0.305167</TD>
          </TR>
          <TR>
            <TD>817995.986900</TD>
            <TD>0.295032</TD>
          </TR>
          <TR>
            <TD>819672.012300</TD>
            <TD>0.283811</TD>
          </TR>
          <TR>
            <TD>821354.980500</TD>
            <TD>0.273264</TD>
          </TR>
          <TR>
            <TD>823044.967700</TD>
            <TD>0.263303</TD>
          </TR>
          <TR>
            <TD>824741.973900</TD>
            <TD>0.252508</TD>
          </TR>
          <TR>
            <TD>826445.999100</TD>
            <TD>0.241522</TD>
          </TR>
          <TR>
            <TD>828156.967200</TD>
            <TD>0.230659</TD>
          </TR>
          <TR>
            <TD>829875.030500</TD>
            <TD>0.219454</TD>
          </TR>
          <TR>
            <TD>831601.028400</TD>
            <TD>0.208324</TD>
          </TR>
          <TR>
            <TD>833332.977300</TD>
            <TD>0.198191</TD>
          </TR>
          <TR>
            <TD>835073.013300</TD>
            <TD>0.188587</TD>
          </TR>
          <TR>
            <TD>836819.992100</TD>
            <TD>0.178859</TD>
          </TR>
          <TR>
            <TD>838573.989900</TD>
            <TD>0.169430</TD>
          </TR>
          <TR>
            <TD>840335.998500</TD>
            <TD>0.160159</TD>
          </TR>
          <TR>
            <TD>842105.026200</TD>
            <TD>0.151135</TD>
          </TR>
          <TR>
            <TD>843881.988500</TD>
            <TD>0.142864</TD>
          </TR>
          <TR>
            <TD>845665.969800</TD>
            <TD>0.135293</TD>
          </TR>
          <TR>
            <TD>847457.962000</TD>
            <TD>0.128436</TD>
          </TR>
          <TR>
            <TD>849256.973300</TD>
            <TD>0.122704</TD>
          </TR>
          <TR>
            <TD>851063.995400</TD>
            <TD>0.117607</TD>
          </TR>
          <TR>
            <TD>852878.036500</TD>
            <TD>0.112686</TD>
          </TR>
          <TR>
            <TD>854701.004000</TD>
            <TD>0.108199</TD>
          </TR>
          <TR>
            <TD>856530.990600</TD>
            <TD>0.103878</TD>
          </TR>
          <TR>
            <TD>858368.988000</TD>
            <TD>0.099154</TD>
          </TR>
          <TR>
            <TD>860214.996300</TD>
            <TD>0.094758</TD>
          </TR>
          <TR>
            <TD>862069.015500</TD>
            <TD>0.090428</TD>
          </TR>
          <TR>
            <TD>863930.969200</TD>
            <TD>0.085851</TD>
          </TR>
          <TR>
            <TD>865801.010100</TD>
            <TD>0.081351</TD>
          </TR>
          <TR>
            <TD>867678.985600</TD>
            <TD>0.076963</TD>
          </TR>
          <TR>
            <TD>869564.971900</TD>
            <TD>0.072451</TD>
          </TR>
          <TR>
            <TD>871460.037200</TD>
            <TD>0.068088</TD>
          </TR>
          <TR>
            <TD>873361.969000</TD>
            <TD>0.063916</TD>
          </TR>
          <TR>
            <TD>875273.971600</TD>
            <TD>0.059778</TD>
          </TR>
          <TR>
            <TD>877192.993200</TD>
            <TD>0.055908</TD>
          </TR>
          <TR>
            <TD>879121.017500</TD>
            <TD>0.052355</TD>
          </TR>
          <TR>
            <TD>881056.976300</TD>
            <TD>0.048910</TD>
          </TR>
          <TR>
            <TD>883002.014200</TD>
            <TD>0.045641</TD>
          </TR>
          <TR>
            <TD>884955.978400</TD>
            <TD>0.042590</TD>
          </TR>
          <TR>
            <TD>886918.029800</TD>
            <TD>0.039601</TD>
          </TR>
          <TR>
            <TD>888889.007600</TD>
            <TD>0.036752</TD>
          </TR>
          <TR>
            <TD>890868.988000</TD>
            <TD>0.034161</TD>
          </TR>
          <TR>
            <TD>892856.979400</TD>
            <TD>0.031695</TD>
          </TR>
          <TR>
            <TD>894854.965200</TD>
            <TD>0.029392</TD>
          </TR>
          <TR>
            <TD>896860.961900</TD>
            <TD>0.027380</TD>
          </TR>
          <TR>
            <TD>898876.037600</TD>
            <TD>0.025604</TD>
          </TR>
          <TR>
            <TD>900901.031500</TD>
            <TD>0.024078</TD>
          </TR>
          <TR>
            <TD>902935.028100</TD>
            <TD>0.022877</TD>
          </TR>
          <TR>
            <TD>904977.035500</TD>
            <TD>0.021853</TD>
          </TR>
          <TR>
            <TD>907029.037500</TD>
            <TD>0.020880</TD>
          </TR>
          <TR>
            <TD>909091.033900</TD>
            <TD>0.020089</TD>
          </TR>
          <TR>
            <TD>911162.033100</TD>
            <TD>0.019435</TD>
          </TR>
          <TR>
            <TD>913242.034900</TD>
            <TD>0.018791</TD>
          </TR>
          <TR>
            <TD>915332.031200</TD>
            <TD>0.018214</TD>
          </TR>
          <TR>
            <TD>917431.030300</TD>
            <TD>0.017688</TD>
          </TR>
          <TR>
            <TD>919540.023800</TD>
            <TD>0.017112</TD>
          </TR>
          <TR>
            <TD>921659.011800</TD>
            <TD>0.016551</TD>
          </TR>
          <TR>
            <TD>923787.994400</TD>
            <TD>0.016012</TD>
          </TR>
          <TR>
            <TD>925925.979600</TD>
            <TD>0.015415</TD>
          </TR>
          <TR>
            <TD>928074.035600</TD>
            <TD>0.014826</TD>
          </TR>
          <TR>
            <TD>930233.001700</TD>
            <TD>0.014270</TD>
          </TR>
          <TR>
            <TD>932400.970500</TD>
            <TD>0.013668</TD>
          </TR>
          <TR>
            <TD>934579.010000</TD>
            <TD>0.013041</TD>
          </TR>
          <TR>
            <TD>936768.035900</TD>
            <TD>0.012431</TD>
          </TR>
          <TR>
            <TD>938966.980000</TD>
            <TD>0.011792</TD>
          </TR>
          <TR>
            <TD>941175.994900</TD>
            <TD>0.011163</TD>
          </TR>
          <TR>
            <TD>943395.996100</TD>
            <TD>0.010609</TD>
          </TR>
          <TR>
            <TD>945625.991800</TD>
            <TD>0.010092</TD>
          </TR>
          <TR>
            <TD>947866.973900</TD>
            <TD>0.009599</TD>
          </TR>
          <TR>
            <TD>950119.018600</TD>
            <TD>0.009157</TD>
          </TR>
          <TR>
            <TD>952380.981400</TD>
            <TD>0.008707</TD>
          </TR>
          <TR>
            <TD>954654.007000</TD>
            <TD>0.008236</TD>
          </TR>
          <TR>
            <TD>956938.018800</TD>
            <TD>0.007815</TD>
          </TR>
          <TR>
            <TD>959233.017000</TD>
            <TD>0.007455</TD>
          </TR>
          <TR>
            <TD>961538.009600</TD>
            <TD>0.007105</TD>
          </TR>
          <TR>
            <TD>963854.980500</TD>
            <TD>0.006773</TD>
          </TR>
          <TR>
            <TD>966184.005700</TD>
            <TD>0.006456</TD>
          </TR>
          <TR>
            <TD>968523.025500</TD>
            <TD>0.006136</TD>
          </TR>
          <TR>
            <TD>970874.023400</TD>
            <TD>0.005830</TD>
          </TR>
          <TR>
            <TD>973236.007700</TD>
            <TD>0.005552</TD>
          </TR>
          <TR>
            <TD>975609.970100</TD>
            <TD>0.005311</TD>
          </TR>
          <TR>
            <TD>977994.995100</TD>
            <TD>0.005125</TD>
          </TR>
          <TR>
            <TD>980391.998300</TD>
            <TD>0.004958</TD>
          </TR>
          <TR>
            <TD>982800.979600</TD>
            <TD>0.004771</TD>
          </TR>
          <TR>
            <TD>985222.015400</TD>
            <TD>0.004586</TD>
          </TR>
          <TR>
            <TD>987654.037500</TD>
            <TD>0.004408</TD>
          </TR>
          <TR>
            <TD>990099.029500</TD>
            <TD>0.004211</TD>
          </TR>
          <TR>
            <TD>992555.999800</TD>
            <TD>0.003990</TD>
          </TR>
          <TR>
            <TD>995025.024400</TD>
            <TD>0.003776</TD>
          </TR>
          <TR>
            <TD>997506.027200</TD>
            <TD>0.003583</TD>
          </TR>
          <TR>
            <TD>1000000.000000</TD>
            <TD>0.003402</TD>
          </TR>
          <TR>
            <TD>1002509.994500</TD>
            <TD>0.003222</TD>
          </TR>
          <TR>
            <TD>1005029.983500</TD>
            <TD>0.002944</TD>
          </TR>
          <TR>
            <TD>1007559.967000</TD>
            <TD>0.002680</TD>
          </TR>
          <TR>
            <TD>1010100.021400</TD>
            <TD>0.002507</TD>
          </TR>
          <TR>
            <TD>1012659.988400</TD>
            <TD>0.002345</TD>
          </TR>
          <TR>
            <TD>1015230.026200</TD>
            <TD>0.002178</TD>
          </TR>
          <TR>
            <TD>1017809.982300</TD>
            <TD>0.002004</TD>
          </TR>
          <TR>
            <TD>1020410.003700</TD>
            <TD>0.001858</TD>
          </TR>
          <TR>
            <TD>1023020.019500</TD>
            <TD>0.001740</TD>
          </TR>
          <TR>
            <TD>1025640.029900</TD>
            <TD>0.001639</TD>
          </TR>
          <TR>
            <TD>1028280.029300</TD>
            <TD>0.001570</TD>
          </TR>
          <TR>
            <TD>1030930.023200</TD>
            <TD>0.001523</TD>
          </TR>
          <TR>
            <TD>1033590.011600</TD>
            <TD>0.001451</TD>
          </TR>
          <TR>
            <TD>1036269.989000</TD>
            <TD>0.001345</TD>
          </TR>
          <TR>
            <TD>1038960.037200</TD>
            <TD>0.001290</TD>
          </TR>
          <TR>
            <TD>1041669.998200</TD>
            <TD>0.001249</TD>
          </TR>
          <TR>
            <TD>1044390.029900</TD>
            <TD>0.001181</TD>
          </TR>
          <TR>
            <TD>1047119.979900</TD>
            <TD>0.001121</TD>
          </TR>
          <TR>
            <TD>1049869.995100</TD>
            <TD>0.001058</TD>
          </TR>
          <TR>
            <TD>1052630.004900</TD>
            <TD>0.000980</TD>
          </TR>
          <TR>
            <TD>1055410.003700</TD>
            <TD>0.000917</TD>
          </TR>
          <TR>
            <TD>1058199.996900</TD>
            <TD>0.000858</TD>
          </TR>
          <TR>
            <TD>1061009.979200</TD>
            <TD>0.000791</TD>
          </TR>
          <TR>
            <TD>1063830.032300</TD>
            <TD>0.000739</TD>
          </TR>
          <TR>
            <TD>1066669.998200</TD>
            <TD>0.000701</TD>
          </TR>
          <TR>
            <TD>1069520.034800</TD>
            <TD>0.000662</TD>
          </TR>
          <TR>
            <TD>1072389.984100</TD>
            <TD>0.000636</TD>
          </TR>
          <TR>
            <TD>1075270.004300</TD>
            <TD>0.000617</TD>
          </TR>
          <TR>
            <TD>1078170.013400</TD>
            <TD>0.000588</TD>
          </TR>
          <TR>
            <TD>1081080.017100</TD>
            <TD>0.000560</TD>
          </TR>
          <TR>
            <TD>1084010.009800</TD>
            <TD>0.000536</TD>
          </TR>
          <TR>
            <TD>1086959.991500</TD>
            <TD>0.000500</TD>
          </TR>
          <TR>
            <TD>1089919.967700</TD>
            <TD>0.000464</TD>
          </TR>
          <TR>
            <TD>1092900.009200</TD>
            <TD>0.000434</TD>
          </TR>
          <TR>
            <TD>1095889.968900</TD>
            <TD>0.000399</TD>
          </TR>
          <TR>
            <TD>1098899.993900</TD>
            <TD>0.000371</TD>
          </TR>
          <TR>
            <TD>1101930.007900</TD>
            <TD>0.000354</TD>
          </TR>
          <TR>
            <TD>1104970.016500</TD>
            <TD>0.000337</TD>
          </TR>
          <TR>
            <TD>1108030.014000</TD>
            <TD>0.000321</TD>
          </TR>
          <TR>
            <TD>1111110.000600</TD>
            <TD>0.000315</TD>
          </TR>
          <TR>
            <TD>1114209.976200</TD>
            <TD>0.000310</TD>
          </TR>
          <TR>
            <TD>1117320.022600</TD>
            <TD>0.000302</TD>
          </TR>
          <TR>
            <TD>1120449.981700</TD>
            <TD>0.000293</TD>
          </TR>
          <TR>
            <TD>1123600.006100</TD>
            <TD>0.000279</TD>
          </TR>
          <TR>
            <TD>1126760.025000</TD>
            <TD>0.000262</TD>
          </TR>
          <TR>
            <TD>1129940.033000</TD>
            <TD>0.000251</TD>
          </TR>
          <TR>
            <TD>1133140.029900</TD>
            <TD>0.000242</TD>
          </TR>
          <TR>
            <TD>1136360.015900</TD>
            <TD>0.000231</TD>
          </TR>
          <TR>
            <TD>1139599.990800</TD>
            <TD>0.000219</TD>
          </TR>
          <TR>
            <TD>1142860.031100</TD>
            <TD>0.000208</TD>
          </TR>
          <TR>
            <TD>1146129.989600</TD>
            <TD>0.000195</TD>
          </TR>
          <TR>
            <TD>1149430.007900</TD>
            <TD>0.000182</TD>
          </TR>
          <TR>
            <TD>1152740.020800</TD>
            <TD>0.000168</TD>
          </TR>
          <TR>
            <TD>1156070.022600</TD>
            <TD>0.000153</TD>
          </TR>
          <TR>
            <TD>1159420.013400</TD>
            <TD>0.000142</TD>
          </TR>
          <TR>
            <TD>1162789.993300</TD>
            <TD>0.000137</TD>
          </TR>
          <TR>
            <TD>1166179.962200</TD>
            <TD>0.000134</TD>
          </TR>
          <TR>
            <TD>1169589.996300</TD>
            <TD>0.000129</TD>
          </TR>
          <TR>
            <TD>1173020.019500</TD>
            <TD>0.000124</TD>
          </TR>
          <TR>
            <TD>1176470.031700</TD>
            <TD>0.000119</TD>
          </TR>
          <TR>
            <TD>1179940.033000</TD>
            <TD>0.000115</TD>
          </TR>
          <TR>
            <TD>1183430.023200</TD>
            <TD>0.000111</TD>
          </TR>
          <TR>
            <TD>1186940.002400</TD>
            <TD>0.000106</TD>
          </TR>
        </TABLEDATA>
      </DATA>
    </TABLE>
  </RESOURCE>
</VOTABLE>
