<?xml version="1.0"?>
<VOTABLE version="1.1" xsi:schemaLocation="http://www.ivoa.net/xml/VOTable/v1.1" xmlns:xsi="http://www.w3.org/2001/XMLSchema-instance">
  <INFO name="QUERY_STATUS" value="OK"/>
  <RESOURCE type="results">
    <PARAM name="FilterProfileService" value="ivo://svo/fps" ucd="meta.ref.ivorn" utype="PhotometryFilter.fpsIdentifier" datatype="char" arraysize="*"/>
    <PARAM name="filterID" value="Herschel/SPIRE.PMW_ext" ucd="meta.id" utype="photdm:PhotometryFilter.identifier" datatype="char" arraysize="*"/>
    <PARAM name="WavelengthUnit" value="Angstrom" ucd="meta.unit" utype="PhotometryFilter.SpectralAxis.unit" datatype="char" arraysize="*"/>
    <PARAM name="WavelengthUCD" value="em.wl" ucd="meta.ucd" utype="PhotometryFilter.SpectralAxis.UCD" datatype="char" arraysize="*"/>
    <PARAM name="Description" value="Herschel SPIRE PMW filter (extended sources)" ucd="meta.note" utype="photdm:PhotometryFilter.description" datatype="char" arraysize="*"/>
    <PARAM name="PhotSystem" value="SPIRE" utype="photdm:PhotometricSystem.description" datatype="char" arraysize="*">
       <DESCRIPTION>Photometric system</DESCRIPTION>
    </PARAM>
    <PARAM name="Instrument" value="SPIRE" ucd="instr" datatype="char" arraysize="*">
       <DESCRIPTION>Instrument</DESCRIPTION>
    </PARAM>
    <PARAM name="Facility" value="Herschel" ucd="instr.obsty" datatype="char" arraysize="*">
       <DESCRIPTION>Observational facility</DESCRIPTION>
    </PARAM>
    <PARAM name="ProfileReference" value="http://herschel.esac.esa.int/Docs/SPIRE/html/spire_om.html#x1-920005.2.1" datatype="char" arraysize="*"/>
    <PARAM name="Description" value="Herschel SPIRE PMW filter (extended sources)" ucd="meta.note" utype="photdm:PhotometryFilter.description" datatype="char" arraysize="*"/>
    <PARAM name="WavelengthMean" value="3585285.2349789" unit="Angstrom" ucd="em.wl" utype="photdm:PhotometryFilter.SpectralAxis.Coverage.Location.Value" datatype="float" >
       <DESCRIPTION>Mean wavelength. Defined as integ[x*filter(x) dx]/integ[filter(x) dx]</DESCRIPTION>
    </PARAM>
    <PARAM name="WavelengthEff" value="3467180.3830296" unit="Angstrom" ucd="em.wl.effective" datatype="float" >
       <DESCRIPTION>Effective wavelength. Defined as integ[x*filter(x)*vega(x) dx]/integ[filter(x)*vega(x) dx]</DESCRIPTION>
    </PARAM>
    <PARAM name="WavelengthMin" value="2816949.0889952" unit="Angstrom" ucd="em.wl;stat.min" utype="photdm:PhotometryFilter.SpectralAxis.Coverage.Bounds.Start" datatype="float" >
       <DESCRIPTION>Minimum filter wavelength. Defined as the first lambda value with a transmission at least 1% of maximum transmission</DESCRIPTION>
    </PARAM>
    <PARAM name="WavelengthMax" value="4247548.2471727" unit="Angstrom" ucd="em.wl;stat.max" utype="photdm:PhotometryFilter.SpectralAxis.Coverage.Bounds.Stop" datatype="float" >
       <DESCRIPTION>Maximum filter wavelength. Defined as the last lambda value with a transmission at least 1% of maximum transmission</DESCRIPTION>
    </PARAM>
    <PARAM name="WidthEff" value="844980.21072997" unit="Angstrom" ucd="instr.bandwidth" utype="photdm:PhotometryFilter.SpectralAxis.Coverage.Bounds.Extent" datatype="float" >
       <DESCRIPTION>Effective width. Defined as integ[x*filter(x) dx].\nEquivalent to the horizontal size of a rectangle with height equal to maximum transmission and with the same area that the one covered by the filter transmission curve.</DESCRIPTION>
    </PARAM>
    <PARAM name="WavelengthCen" value="3575471.083741" unit="Angstrom" ucd="em.wl" datatype="float" >
       <DESCRIPTION>Central wavelength. Defined as the central wavelength between the two points defining FWMH</DESCRIPTION>
    </PARAM>
    <PARAM name="WavelengthPivot" value="3571178.4034121" unit="Angstrom" ucd="em.wl" datatype="float" >
       <DESCRIPTION>Peak wavelength. Defined as sqrt{integ[x*filter(x) dx]/integ[filter(x) dx/x]}</DESCRIPTION>
    </PARAM>
    <PARAM name="WavelengthPeak" value="3838771.6" unit="Angstrom" ucd="em.wl" datatype="float" >
       <DESCRIPTION>Peak wavelength. Defined as the lambda value with larger transmission</DESCRIPTION>
    </PARAM>
    <PARAM name="WavelengthPhot" value="3496570.7561804" unit="Angstrom" ucd="em.wl" datatype="float" >
       <DESCRIPTION>Photon distribution based effective wavelength. Defined as integ[x^2*filter(x)*vega(x) dx]/integ[x*filter(x)*vega(x) dx]</DESCRIPTION>
    </PARAM>
    <PARAM name="FWHM" value="937199.20972571" unit="Angstrom" ucd="instr.bandwidth" datatype="float" >
       <DESCRIPTION>Full width at half maximum. Defined as the difference between the two wavelengths for which filter transmission is half maximum</DESCRIPTION>
    </PARAM>
    <PARAM name="PhotCalID" value="Herschel/SPIRE.PMW_ext/Vega" ucd="meta.id" utype="photdm:PhotCal.identifier" datatype="char" arraysize="*"/>
    <PARAM name="MagSys" value="Vega" ucd="meta.code" utype="photdm:PhotCal.MagnitudeSystem.type" datatype="char" arraysize="*"/>
    <PARAM name="ZeroPoint" value="0.02926318615468" unit="Jy" ucd="phot.flux.density" utype="photdm:PhotCal.ZeroPoint.Flux.value" datatype="float" />
    <PARAM name="ZeroPointUnit" value="Jy" ucd="meta.unit" utype="photdm:PhotCal.ZeroPoint.Flux.unit" datatype="char" arraysize="*"/>
    <PARAM name="ZeroPointType" value="Pogson" ucd="meta.code" utype="photdm:PhotCal.ZeroPoint.type" datatype="char" arraysize="*"/>
    <TABLE utype="photdm:PhotometryFilter.transmissionCurve.spectrum">
      <FIELD name="Wavelength" utype="spec:Data.SpectralAxis.Value" ucd="em.wl" unit="Angstrom" datatype="float"/>
      <FIELD name="Transmission" utype="spec:Data.FluxAxis.Value" ucd="phys.transmission" unit="" datatype="float"/>
      <DATA>
        <TABLEDATA>
          <TR>
            <TD>2522068.1</TD>
            <TD>1.0577e-5</TD>
          </TR>
          <TR>
            <TD>2534854.2</TD>
            <TD>1.5176e-5</TD>
          </TR>
          <TR>
            <TD>2541296.1</TD>
            <TD>2.0162e-5</TD>
          </TR>
          <TR>
            <TD>2547121.8</TD>
            <TD>2.2205e-5</TD>
          </TR>
          <TR>
            <TD>2553626.1</TD>
            <TD>2.7333e-5</TD>
          </TR>
          <TR>
            <TD>2560163.9</TD>
            <TD>2.8962e-5</TD>
          </TR>
          <TR>
            <TD>2566735.1</TD>
            <TD>3.0431e-5</TD>
          </TR>
          <TR>
            <TD>2573340.2</TD>
            <TD>4.1606e-5</TD>
          </TR>
          <TR>
            <TD>2579313.9</TD>
            <TD>5.1055e-5</TD>
          </TR>
          <TR>
            <TD>2585984.0</TD>
            <TD>5.4550e-5</TD>
          </TR>
          <TR>
            <TD>2592688.6</TD>
            <TD>5.7347e-5</TD>
          </TR>
          <TR>
            <TD>2599428.1</TD>
            <TD>6.8475e-5</TD>
          </TR>
          <TR>
            <TD>2605523.7</TD>
            <TD>7.5862e-5</TD>
          </TR>
          <TR>
            <TD>2612330.2</TD>
            <TD>9.2209e-5</TD>
          </TR>
          <TR>
            <TD>2619172.3</TD>
            <TD>1.1155e-4</TD>
          </TR>
          <TR>
            <TD>2626050.4</TD>
            <TD>1.3217e-4</TD>
          </TR>
          <TR>
            <TD>2632964.7</TD>
            <TD>1.5841e-4</TD>
          </TR>
          <TR>
            <TD>2639218.8</TD>
            <TD>1.9692e-4</TD>
          </TR>
          <TR>
            <TD>2646202.7</TD>
            <TD>2.3677e-4</TD>
          </TR>
          <TR>
            <TD>2653223.7</TD>
            <TD>2.9969e-4</TD>
          </TR>
          <TR>
            <TD>2660282.0</TD>
            <TD>3.6950e-4</TD>
          </TR>
          <TR>
            <TD>2666666.7</TD>
            <TD>4.5486e-4</TD>
          </TR>
          <TR>
            <TD>2673796.8</TD>
            <TD>5.6623e-4</TD>
          </TR>
          <TR>
            <TD>2680965.1</TD>
            <TD>7.1775e-4</TD>
          </TR>
          <TR>
            <TD>2688172.0</TD>
            <TD>8.8955e-4</TD>
          </TR>
          <TR>
            <TD>2695417.8</TD>
            <TD>1.1086e-3</TD>
          </TR>
          <TR>
            <TD>2701972.4</TD>
            <TD>1.3667e-3</TD>
          </TR>
          <TR>
            <TD>2709292.9</TD>
            <TD>1.6054e-3</TD>
          </TR>
          <TR>
            <TD>2716653.1</TD>
            <TD>1.8581e-3</TD>
          </TR>
          <TR>
            <TD>2724053.4</TD>
            <TD>2.1482e-3</TD>
          </TR>
          <TR>
            <TD>2731494.1</TD>
            <TD>2.4581e-3</TD>
          </TR>
          <TR>
            <TD>2738225.6</TD>
            <TD>2.8157e-3</TD>
          </TR>
          <TR>
            <TD>2745744.1</TD>
            <TD>3.2876e-3</TD>
          </TR>
          <TR>
            <TD>2753304.0</TD>
            <TD>3.7850e-3</TD>
          </TR>
          <TR>
            <TD>2760905.6</TD>
            <TD>4.2955e-3</TD>
          </TR>
          <TR>
            <TD>2767783.0</TD>
            <TD>4.9112e-3</TD>
          </TR>
          <TR>
            <TD>2775464.9</TD>
            <TD>5.6261e-3</TD>
          </TR>
          <TR>
            <TD>2783189.5</TD>
            <TD>6.3023e-3</TD>
          </TR>
          <TR>
            <TD>2790957.3</TD>
            <TD>6.9965e-3</TD>
          </TR>
          <TR>
            <TD>2798768.5</TD>
            <TD>7.7820e-3</TD>
          </TR>
          <TR>
            <TD>2805836.1</TD>
            <TD>8.7484e-3</TD>
          </TR>
          <TR>
            <TD>2813731.0</TD>
            <TD>9.5256e-3</TD>
          </TR>
          <TR>
            <TD>2821670.4</TD>
            <TD>1.0696e-2</TD>
          </TR>
          <TR>
            <TD>2829654.8</TD>
            <TD>1.2147e-2</TD>
          </TR>
          <TR>
            <TD>2837684.4</TD>
            <TD>1.3363e-2</TD>
          </TR>
          <TR>
            <TD>2844950.2</TD>
            <TD>1.6035e-2</TD>
          </TR>
          <TR>
            <TD>2853067.0</TD>
            <TD>2.0928e-2</TD>
          </TR>
          <TR>
            <TD>2861230.3</TD>
            <TD>2.3335e-2</TD>
          </TR>
          <TR>
            <TD>2869440.5</TD>
            <TD>3.0168e-2</TD>
          </TR>
          <TR>
            <TD>2876870.0</TD>
            <TD>3.6534e-2</TD>
          </TR>
          <TR>
            <TD>2885170.2</TD>
            <TD>4.5074e-2</TD>
          </TR>
          <TR>
            <TD>2893518.5</TD>
            <TD>5.4057e-2</TD>
          </TR>
          <TR>
            <TD>2901915.3</TD>
            <TD>6.4597e-2</TD>
          </TR>
          <TR>
            <TD>2910360.9</TD>
            <TD>7.5401e-2</TD>
          </TR>
          <TR>
            <TD>2918004.1</TD>
            <TD>8.9103e-2</TD>
          </TR>
          <TR>
            <TD>2926543.8</TD>
            <TD>1.0943e-1</TD>
          </TR>
          <TR>
            <TD>2935133.5</TD>
            <TD>1.3798e-1</TD>
          </TR>
          <TR>
            <TD>2943773.9</TD>
            <TD>1.7400e-1</TD>
          </TR>
          <TR>
            <TD>2952465.3</TD>
            <TD>2.1713e-1</TD>
          </TR>
          <TR>
            <TD>2960331.6</TD>
            <TD>2.6316e-1</TD>
          </TR>
          <TR>
            <TD>2969121.1</TD>
            <TD>3.0898e-1</TD>
          </TR>
          <TR>
            <TD>2977963.1</TD>
            <TD>3.4211e-1</TD>
          </TR>
          <TR>
            <TD>2986857.8</TD>
            <TD>3.6531e-1</TD>
          </TR>
          <TR>
            <TD>2994908.7</TD>
            <TD>3.8495e-1</TD>
          </TR>
          <TR>
            <TD>3003905.1</TD>
            <TD>4.0474e-1</TD>
          </TR>
          <TR>
            <TD>3012955.7</TD>
            <TD>4.2012e-1</TD>
          </TR>
          <TR>
            <TD>3022061.0</TD>
            <TD>4.3110e-1</TD>
          </TR>
          <TR>
            <TD>3031221.6</TD>
            <TD>4.4762e-1</TD>
          </TR>
          <TR>
            <TD>3039513.7</TD>
            <TD>4.5275e-1</TD>
          </TR>
          <TR>
            <TD>3048780.5</TD>
            <TD>4.5158e-1</TD>
          </TR>
          <TR>
            <TD>3058104.0</TD>
            <TD>4.5164e-1</TD>
          </TR>
          <TR>
            <TD>3067484.7</TD>
            <TD>4.5504e-1</TD>
          </TR>
          <TR>
            <TD>3076923.1</TD>
            <TD>4.6364e-1</TD>
          </TR>
          <TR>
            <TD>3085467.4</TD>
            <TD>4.5955e-1</TD>
          </TR>
          <TR>
            <TD>3095017.0</TD>
            <TD>4.7946e-1</TD>
          </TR>
          <TR>
            <TD>3104625.9</TD>
            <TD>4.9735e-1</TD>
          </TR>
          <TR>
            <TD>3114294.6</TD>
            <TD>5.0876e-1</TD>
          </TR>
          <TR>
            <TD>3123048.1</TD>
            <TD>5.1391e-1</TD>
          </TR>
          <TR>
            <TD>3132832.1</TD>
            <TD>5.2587e-1</TD>
          </TR>
          <TR>
            <TD>3142677.6</TD>
            <TD>5.3655e-1</TD>
          </TR>
          <TR>
            <TD>3152585.1</TD>
            <TD>5.3186e-1</TD>
          </TR>
          <TR>
            <TD>3162555.3</TD>
            <TD>5.3055e-1</TD>
          </TR>
          <TR>
            <TD>3171582.6</TD>
            <TD>5.2821e-1</TD>
          </TR>
          <TR>
            <TD>3181673.6</TD>
            <TD>5.1795e-1</TD>
          </TR>
          <TR>
            <TD>3191828.9</TD>
            <TD>5.1854e-1</TD>
          </TR>
          <TR>
            <TD>3202049.3</TD>
            <TD>5.2768e-1</TD>
          </TR>
          <TR>
            <TD>3211303.8</TD>
            <TD>5.5943e-1</TD>
          </TR>
          <TR>
            <TD>3221649.5</TD>
            <TD>5.9400e-1</TD>
          </TR>
          <TR>
            <TD>3232062.1</TD>
            <TD>6.3412e-1</TD>
          </TR>
          <TR>
            <TD>3242542.2</TD>
            <TD>6.4901e-1</TD>
          </TR>
          <TR>
            <TD>3253090.4</TD>
            <TD>6.6278e-1</TD>
          </TR>
          <TR>
            <TD>3262642.7</TD>
            <TD>6.4417e-1</TD>
          </TR>
          <TR>
            <TD>3273322.4</TD>
            <TD>6.4147e-1</TD>
          </TR>
          <TR>
            <TD>3284072.2</TD>
            <TD>6.2673e-1</TD>
          </TR>
          <TR>
            <TD>3294892.9</TD>
            <TD>6.2192e-1</TD>
          </TR>
          <TR>
            <TD>3305785.1</TD>
            <TD>6.3383e-1</TD>
          </TR>
          <TR>
            <TD>3315649.9</TD>
            <TD>6.5315e-1</TD>
          </TR>
          <TR>
            <TD>3326680.0</TD>
            <TD>6.6416e-1</TD>
          </TR>
          <TR>
            <TD>3337783.7</TD>
            <TD>6.8844e-1</TD>
          </TR>
          <TR>
            <TD>3348961.8</TD>
            <TD>7.0092e-1</TD>
          </TR>
          <TR>
            <TD>3359086.3</TD>
            <TD>7.0856e-1</TD>
          </TR>
          <TR>
            <TD>3370407.8</TD>
            <TD>7.1359e-1</TD>
          </TR>
          <TR>
            <TD>3381805.9</TD>
            <TD>7.1626e-1</TD>
          </TR>
          <TR>
            <TD>3393281.3</TD>
            <TD>7.1114e-1</TD>
          </TR>
          <TR>
            <TD>3404834.9</TD>
            <TD>7.1483e-1</TD>
          </TR>
          <TR>
            <TD>3415300.5</TD>
            <TD>7.2027e-1</TD>
          </TR>
          <TR>
            <TD>3427004.8</TD>
            <TD>7.3018e-1</TD>
          </TR>
          <TR>
            <TD>3438789.5</TD>
            <TD>7.5587e-1</TD>
          </TR>
          <TR>
            <TD>3450655.6</TD>
            <TD>7.6640e-1</TD>
          </TR>
          <TR>
            <TD>3462603.9</TD>
            <TD>7.5771e-1</TD>
          </TR>
          <TR>
            <TD>3473428.3</TD>
            <TD>7.3788e-1</TD>
          </TR>
          <TR>
            <TD>3485535.0</TD>
            <TD>7.3965e-1</TD>
          </TR>
          <TR>
            <TD>3497726.5</TD>
            <TD>7.2740e-1</TD>
          </TR>
          <TR>
            <TD>3510003.5</TD>
            <TD>7.3718e-1</TD>
          </TR>
          <TR>
            <TD>3521126.8</TD>
            <TD>7.7346e-1</TD>
          </TR>
          <TR>
            <TD>3533568.9</TD>
            <TD>8.2174e-1</TD>
          </TR>
          <TR>
            <TD>3546099.3</TD>
            <TD>8.7055e-1</TD>
          </TR>
          <TR>
            <TD>3558718.9</TD>
            <TD>8.8239e-1</TD>
          </TR>
          <TR>
            <TD>3571428.6</TD>
            <TD>8.9680e-1</TD>
          </TR>
          <TR>
            <TD>3582945.2</TD>
            <TD>8.8644e-1</TD>
          </TR>
          <TR>
            <TD>3595828.8</TD>
            <TD>8.4735e-1</TD>
          </TR>
          <TR>
            <TD>3608805.5</TD>
            <TD>8.3072e-1</TD>
          </TR>
          <TR>
            <TD>3621876.1</TD>
            <TD>8.2814e-1</TD>
          </TR>
          <TR>
            <TD>3635041.8</TD>
            <TD>8.3285e-1</TD>
          </TR>
          <TR>
            <TD>3646973.0</TD>
            <TD>8.5505e-1</TD>
          </TR>
          <TR>
            <TD>3660322.1</TD>
            <TD>8.6788e-1</TD>
          </TR>
          <TR>
            <TD>3673769.3</TD>
            <TD>9.0266e-1</TD>
          </TR>
          <TR>
            <TD>3687315.6</TD>
            <TD>9.1448e-1</TD>
          </TR>
          <TR>
            <TD>3699593.0</TD>
            <TD>9.3185e-1</TD>
          </TR>
          <TR>
            <TD>3713330.9</TD>
            <TD>9.5060e-1</TD>
          </TR>
          <TR>
            <TD>3727171.1</TD>
            <TD>9.7254e-1</TD>
          </TR>
          <TR>
            <TD>3741114.9</TD>
            <TD>9.6690e-1</TD>
          </TR>
          <TR>
            <TD>3755163.3</TD>
            <TD>9.5817e-1</TD>
          </TR>
          <TR>
            <TD>3767897.5</TD>
            <TD>9.5536e-1</TD>
          </TR>
          <TR>
            <TD>3782148.3</TD>
            <TD>9.5846e-1</TD>
          </TR>
          <TR>
            <TD>3796507.2</TD>
            <TD>9.6270e-1</TD>
          </TR>
          <TR>
            <TD>3810975.6</TD>
            <TD>9.6601e-1</TD>
          </TR>
          <TR>
            <TD>3825554.7</TD>
            <TD>9.7358e-1</TD>
          </TR>
          <TR>
            <TD>3838771.6</TD>
            <TD>1.0000e+0</TD>
          </TR>
          <TR>
            <TD>3853564.5</TD>
            <TD>9.8590e-1</TD>
          </TR>
          <TR>
            <TD>3868472.0</TD>
            <TD>9.6990e-1</TD>
          </TR>
          <TR>
            <TD>3883495.1</TD>
            <TD>9.5176e-1</TD>
          </TR>
          <TR>
            <TD>3897116.1</TD>
            <TD>9.4797e-1</TD>
          </TR>
          <TR>
            <TD>3912363.1</TD>
            <TD>9.4143e-1</TD>
          </TR>
          <TR>
            <TD>3927729.8</TD>
            <TD>9.5142e-1</TD>
          </TR>
          <TR>
            <TD>3943217.7</TD>
            <TD>9.2986e-1</TD>
          </TR>
          <TR>
            <TD>3958828.2</TD>
            <TD>9.0549e-1</TD>
          </TR>
          <TR>
            <TD>3972983.7</TD>
            <TD>8.3801e-1</TD>
          </TR>
          <TR>
            <TD>3988831.3</TD>
            <TD>7.8433e-1</TD>
          </TR>
          <TR>
            <TD>4004805.8</TD>
            <TD>6.9083e-1</TD>
          </TR>
          <TR>
            <TD>4020908.7</TD>
            <TD>6.1416e-1</TD>
          </TR>
          <TR>
            <TD>4037141.7</TD>
            <TD>5.2734e-1</TD>
          </TR>
          <TR>
            <TD>4051863.9</TD>
            <TD>4.6925e-1</TD>
          </TR>
          <TR>
            <TD>4068348.3</TD>
            <TD>3.9386e-1</TD>
          </TR>
          <TR>
            <TD>4084967.3</TD>
            <TD>3.4527e-1</TD>
          </TR>
          <TR>
            <TD>4101722.7</TD>
            <TD>3.0410e-1</TD>
          </TR>
          <TR>
            <TD>4116920.5</TD>
            <TD>2.6391e-1</TD>
          </TR>
          <TR>
            <TD>4133939.6</TD>
            <TD>2.1969e-1</TD>
          </TR>
          <TR>
            <TD>4151100.0</TD>
            <TD>1.8341e-1</TD>
          </TR>
          <TR>
            <TD>4168403.5</TD>
            <TD>9.0275e-2</TD>
          </TR>
          <TR>
            <TD>4185851.8</TD>
            <TD>4.2572e-2</TD>
          </TR>
          <TR>
            <TD>4201680.7</TD>
            <TD>2.5210e-2</TD>
          </TR>
          <TR>
            <TD>4219409.3</TD>
            <TD>1.6710e-2</TD>
          </TR>
          <TR>
            <TD>4237288.1</TD>
            <TD>1.1910e-2</TD>
          </TR>
          <TR>
            <TD>4255319.1</TD>
            <TD>8.5534e-3</TD>
          </TR>
          <TR>
            <TD>4271678.8</TD>
            <TD>6.5376e-3</TD>
          </TR>
          <TR>
            <TD>4290004.3</TD>
            <TD>5.2070e-3</TD>
          </TR>
          <TR>
            <TD>4308487.7</TD>
            <TD>4.1053e-3</TD>
          </TR>
          <TR>
            <TD>4327131.1</TD>
            <TD>3.2094e-3</TD>
          </TR>
          <TR>
            <TD>4345936.5</TD>
            <TD>2.6151e-3</TD>
          </TR>
          <TR>
            <TD>4363001.7</TD>
            <TD>2.1314e-3</TD>
          </TR>
          <TR>
            <TD>4382120.9</TD>
            <TD>1.7834e-3</TD>
          </TR>
          <TR>
            <TD>4401408.5</TD>
            <TD>1.5775e-3</TD>
          </TR>
          <TR>
            <TD>4420866.5</TD>
            <TD>1.4333e-3</TD>
          </TR>
          <TR>
            <TD>4440497.3</TD>
            <TD>1.2692e-3</TD>
          </TR>
          <TR>
            <TD>4458314.8</TD>
            <TD>1.1077e-3</TD>
          </TR>
          <TR>
            <TD>4478280.3</TD>
            <TD>9.7187e-4</TD>
          </TR>
          <TR>
            <TD>4498425.6</TD>
            <TD>8.2433e-4</TD>
          </TR>
          <TR>
            <TD>4518752.8</TD>
            <TD>7.2430e-4</TD>
          </TR>
          <TR>
            <TD>4537205.1</TD>
            <TD>6.4889e-4</TD>
          </TR>
          <TR>
            <TD>4557885.1</TD>
            <TD>6.1297e-4</TD>
          </TR>
          <TR>
            <TD>4578754.6</TD>
            <TD>5.9759e-4</TD>
          </TR>
          <TR>
            <TD>4599816.0</TD>
            <TD>5.9180e-4</TD>
          </TR>
          <TR>
            <TD>4621072.1</TD>
            <TD>5.7113e-4</TD>
          </TR>
          <TR>
            <TD>4640371.2</TD>
            <TD>5.4068e-4</TD>
          </TR>
          <TR>
            <TD>4662004.7</TD>
            <TD>5.1913e-4</TD>
          </TR>
          <TR>
            <TD>4683840.7</TD>
            <TD>4.8054e-4</TD>
          </TR>
          <TR>
            <TD>4705882.4</TD>
            <TD>4.4071e-4</TD>
          </TR>
          <TR>
            <TD>4728132.4</TD>
            <TD>3.8965e-4</TD>
          </TR>
        </TABLEDATA>
      </DATA>
    </TABLE>
  </RESOURCE>
</VOTABLE>
