<?xml version="1.0"?>
<VOTABLE version="1.1" xsi:schemaLocation="http://www.ivoa.net/xml/VOTable/v1.1" xmlns:xsi="http://www.w3.org/2001/XMLSchema-instance">
  <INFO name="QUERY_STATUS" value="OK"/>
  <RESOURCE type="results">
    <PARAM name="FilterProfileService" value="ivo://svo/fps" ucd="meta.ref.ivorn" utype="PhotometryFilter.fpsIdentifier" datatype="char" arraysize="*"/>
    <PARAM name="filterID" value="IRAS/IRAS.25mu" ucd="meta.id" utype="photdm:PhotometryFilter.identifier" datatype="char" arraysize="*"/>
    <PARAM name="WavelengthUnit" value="Angstrom" ucd="meta.unit" utype="PhotometryFilter.SpectralAxis.unit" datatype="char" arraysize="*"/>
    <PARAM name="WavelengthUCD" value="em.wl" ucd="meta.ucd" utype="PhotometryFilter.SpectralAxis.UCD" datatype="char" arraysize="*"/>
    <PARAM name="Description" value="IRAS 25 &amp;#956;m" ucd="meta.note" utype="photdm:PhotometryFilter.description" datatype="char" arraysize="*"/>
    <PARAM name="PhotSystem" value="IRAS" utype="photdm:PhotometricSystem.description" datatype="char" arraysize="*">
       <DESCRIPTION>Photometric system</DESCRIPTION>
    </PARAM>
    <PARAM name="Facility" value="IRAS" ucd="instr.obsty" datatype="char" arraysize="*">
       <DESCRIPTION>Observational facility</DESCRIPTION>
    </PARAM>
    <PARAM name="ProfileReference" value="http://irsa.ipac.caltech.edu/IRASdocs/exp.sup/ch2/tabC5.html" datatype="char" arraysize="*"/>
    <PARAM name="Description" value="IRAS 25 &amp;#956;m" ucd="meta.note" utype="photdm:PhotometryFilter.description" datatype="char" arraysize="*"/>
    <PARAM name="WavelengthMean" value="238775.330209" unit="Angstrom" ucd="em.wl" utype="photdm:PhotometryFilter.SpectralAxis.Coverage.Location.Value" datatype="float" >
       <DESCRIPTION>Mean wavelength. Defined as integ[x*filter(x) dx]/integ[filter(x) dx]</DESCRIPTION>
    </PARAM>
    <PARAM name="WavelengthEff" value="217265.488922" unit="Angstrom" ucd="em.wl.effective" datatype="float" >
       <DESCRIPTION>Effective wavelength. Defined as integ[x*filter(x)*vega(x) dx]/integ[filter(x)*vega(x) dx]</DESCRIPTION>
    </PARAM>
    <PARAM name="WavelengthMin" value="160159.574468" unit="Angstrom" ucd="em.wl;stat.min" utype="photdm:PhotometryFilter.SpectralAxis.Coverage.Bounds.Start" datatype="float" >
       <DESCRIPTION>Minimum filter wavelength. Defined as the first lambda value with a transmission at least 1% of maximum transmission</DESCRIPTION>
    </PARAM>
    <PARAM name="WavelengthMax" value="310833.333333" unit="Angstrom" ucd="em.wl;stat.max" utype="photdm:PhotometryFilter.SpectralAxis.Coverage.Bounds.Stop" datatype="float" >
       <DESCRIPTION>Maximum filter wavelength. Defined as the last lambda value with a transmission at least 1% of maximum transmission</DESCRIPTION>
    </PARAM>
    <PARAM name="WidthEff" value="100173.842963" unit="Angstrom" ucd="instr.bandwidth" utype="photdm:PhotometryFilter.SpectralAxis.Coverage.Bounds.Extent" datatype="float" >
       <DESCRIPTION>Effective width. Defined as integ[x*filter(x) dx].\nEquivalent to the horizontal size of a rectangle with height equal to maximum transmission and with the same area that the one covered by the filter transmission curve.</DESCRIPTION>
    </PARAM>
    <PARAM name="WavelengthCen" value="239749.693815" unit="Angstrom" ucd="em.wl" datatype="float" >
       <DESCRIPTION>Central wavelength. Defined as the central wavelength between the two points defining FWMH</DESCRIPTION>
    </PARAM>
    <PARAM name="WavelengthPivot" value="236091.578247" unit="Angstrom" ucd="em.wl" datatype="float" >
       <DESCRIPTION>Peak wavelength. Defined as sqrt{integ[x*filter(x) dx]/integ[filter(x) dx/x]}</DESCRIPTION>
    </PARAM>
    <PARAM name="WavelengthPeak" value="250000" unit="Angstrom" ucd="em.wl" datatype="float" >
       <DESCRIPTION>Peak wavelength. Defined as the lambda value with larger transmission</DESCRIPTION>
    </PARAM>
    <PARAM name="WavelengthPhot" value="222558.112468" unit="Angstrom" ucd="em.wl" datatype="float" >
       <DESCRIPTION>Photon distribution based effective wavelength. Defined as integ[x^2*filter(x)*vega(x) dx]/integ[x*filter(x)*vega(x) dx]</DESCRIPTION>
    </PARAM>
    <PARAM name="FWHM" value="112542.865891" unit="Angstrom" ucd="instr.bandwidth" datatype="float" >
       <DESCRIPTION>Full width at half maximum. Defined as the difference between the two wavelengths for which filter transmission is half maximum</DESCRIPTION>
    </PARAM>
    <PARAM name="PhotCalID" value="IRAS/IRAS.25mu/Vega" ucd="meta.id" utype="photdm:PhotCal.identifier" datatype="char" arraysize="*"/>
    <PARAM name="MagSys" value="Vega" ucd="meta.code" utype="photdm:PhotCal.MagnitudeSystem.type" datatype="char" arraysize="*"/>
    <PARAM name="ZeroPoint" value="7.26260108118" unit="Jy" ucd="phot.flux.density" utype="photdm:PhotCal.ZeroPoint.Flux.value" datatype="float" />
    <PARAM name="ZeroPointUnit" value="Jy" ucd="meta.unit" utype="photdm:PhotCal.ZeroPoint.Flux.unit" datatype="char" arraysize="*"/>
    <PARAM name="ZeroPointType" value="Pogson" ucd="meta.code" utype="photdm:PhotCal.ZeroPoint.type" datatype="char" arraysize="*"/>
    <TABLE utype="photdm:PhotometryFilter.transmissionCurve.spectrum">
      <FIELD name="Wavelength" utype="spec:Data.SpectralAxis.Value" ucd="em.wl" unit="Angstrom" datatype="float"/>
      <FIELD name="Transmission" utype="spec:Data.FluxAxis.Value" ucd="phys.transmission" unit="" datatype="float"/>
      <DATA>
        <TABLEDATA>
          <TR>
            <TD>155000.0</TD>
            <TD>0.0000000000</TD>
          </TR>
          <TR>
            <TD>160000.0</TD>
            <TD>0.0070000000</TD>
          </TR>
          <TR>
            <TD>165000.0</TD>
            <TD>0.1010000000</TD>
          </TR>
          <TR>
            <TD>170000.0</TD>
            <TD>0.2880000000</TD>
          </TR>
          <TR>
            <TD>175000.0</TD>
            <TD>0.3880000000</TD>
          </TR>
          <TR>
            <TD>180000.0</TD>
            <TD>0.4520000000</TD>
          </TR>
          <TR>
            <TD>185000.0</TD>
            <TD>0.5210000000</TD>
          </TR>
          <TR>
            <TD>190000.0</TD>
            <TD>0.5620000000</TD>
          </TR>
          <TR>
            <TD>195000.0</TD>
            <TD>0.6260000000</TD>
          </TR>
          <TR>
            <TD>200000.0</TD>
            <TD>0.6830000000</TD>
          </TR>
          <TR>
            <TD>205000.0</TD>
            <TD>0.7290000000</TD>
          </TR>
          <TR>
            <TD>210000.0</TD>
            <TD>0.7780000000</TD>
          </TR>
          <TR>
            <TD>215000.0</TD>
            <TD>0.8320000000</TD>
          </TR>
          <TR>
            <TD>220000.0</TD>
            <TD>0.9120000000</TD>
          </TR>
          <TR>
            <TD>225000.0</TD>
            <TD>0.9140000000</TD>
          </TR>
          <TR>
            <TD>230000.0</TD>
            <TD>0.9380000000</TD>
          </TR>
          <TR>
            <TD>235000.0</TD>
            <TD>0.9330000000</TD>
          </TR>
          <TR>
            <TD>240000.0</TD>
            <TD>0.8750000000</TD>
          </TR>
          <TR>
            <TD>245000.0</TD>
            <TD>0.9100000000</TD>
          </TR>
          <TR>
            <TD>250000.0</TD>
            <TD>1.0000000000</TD>
          </TR>
          <TR>
            <TD>255000.0</TD>
            <TD>0.9110000000</TD>
          </TR>
          <TR>
            <TD>260000.0</TD>
            <TD>0.8400000000</TD>
          </TR>
          <TR>
            <TD>265000.0</TD>
            <TD>0.7630000000</TD>
          </TR>
          <TR>
            <TD>270000.0</TD>
            <TD>0.7490000000</TD>
          </TR>
          <TR>
            <TD>275000.0</TD>
            <TD>0.8290000000</TD>
          </TR>
          <TR>
            <TD>280000.0</TD>
            <TD>0.9140000000</TD>
          </TR>
          <TR>
            <TD>285000.0</TD>
            <TD>0.7900000000</TD>
          </TR>
          <TR>
            <TD>290000.0</TD>
            <TD>0.8770000000</TD>
          </TR>
          <TR>
            <TD>295000.0</TD>
            <TD>0.5580000000</TD>
          </TR>
          <TR>
            <TD>300000.0</TD>
            <TD>0.2740000000</TD>
          </TR>
          <TR>
            <TD>305000.0</TD>
            <TD>0.0690000000</TD>
          </TR>
          <TR>
            <TD>310000.0</TD>
            <TD>0.0120000000</TD>
          </TR>
          <TR>
            <TD>315000.0</TD>
            <TD>0.0000000000</TD>
          </TR>
        </TABLEDATA>
      </DATA>
    </TABLE>
  </RESOURCE>
</VOTABLE>
