<?xml version="1.0"?>
<VOTABLE version="1.1" xsi:schemaLocation="http://www.ivoa.net/xml/VOTable/v1.1" xmlns:xsi="http://www.w3.org/2001/XMLSchema-instance">
  <INFO name="QUERY_STATUS" value="OK"/>
  <RESOURCE type="results">
    <PARAM name="FilterProfileService" value="ivo://svo/fps" ucd="meta.ref.ivorn" utype="PhotometryFilter.fpsIdentifier" datatype="char" arraysize="*"/>
    <PARAM name="filterID" value="Misc/MCPS.V" ucd="meta.id" utype="photdm:PhotometryFilter.identifier" datatype="char" arraysize="*"/>
    <PARAM name="WavelengthUnit" value="Angstrom" ucd="meta.unit" utype="PhotometryFilter.SpectralAxis.unit" datatype="char" arraysize="*"/>
    <PARAM name="WavelengthUCD" value="em.wl" ucd="meta.ucd" utype="PhotometryFilter.SpectralAxis.UCD" datatype="char" arraysize="*"/>
    <PARAM name="Description" value="MCPS Johnson V" ucd="meta.note" utype="photdm:PhotometryFilter.description" datatype="char" arraysize="*"/>
    <PARAM name="PhotSystem" value="Johnson" utype="photdm:PhotometricSystem.description" datatype="char" arraysize="*">
       <DESCRIPTION>Photometric system</DESCRIPTION>
    </PARAM>
    <PARAM name="Band" value="V" utype="photdm:PhotometryFilter.bandName" datatype="char" arraysize="*"/>
    <PARAM name="ProfileReference" value="http://casa.colorado.edu/~ginsbura/filtersets.htm" datatype="char" arraysize="*"/>
    <PARAM name="Description" value="MCPS Johnson V" ucd="meta.note" utype="photdm:PhotometryFilter.description" datatype="char" arraysize="*"/>
    <PARAM name="WavelengthMean" value="5504.6658954526" unit="Angstrom" ucd="em.wl" utype="photdm:PhotometryFilter.SpectralAxis.Coverage.Location.Value" datatype="float" >
       <DESCRIPTION>Mean wavelength. Defined as integ[x*filter(x) dx]/integ[filter(x) dx]</DESCRIPTION>
    </PARAM>
    <PARAM name="WavelengthEff" value="5438.6925550307" unit="Angstrom" ucd="em.wl.effective" datatype="float" >
       <DESCRIPTION>Effective wavelength. Defined as integ[x*filter(x)*vega(x) dx]/integ[filter(x)*vega(x) dx]</DESCRIPTION>
    </PARAM>
    <PARAM name="WavelengthMin" value="4766.6666666667" unit="Angstrom" ucd="em.wl;stat.min" utype="photdm:PhotometryFilter.SpectralAxis.Coverage.Bounds.Start" datatype="float" >
       <DESCRIPTION>Minimum filter wavelength. Defined as the first lambda value with a transmission at least 1% of maximum transmission</DESCRIPTION>
    </PARAM>
    <PARAM name="WavelengthMax" value="6900" unit="Angstrom" ucd="em.wl;stat.max" utype="photdm:PhotometryFilter.SpectralAxis.Coverage.Bounds.Stop" datatype="float" >
       <DESCRIPTION>Maximum filter wavelength. Defined as the last lambda value with a transmission at least 1% of maximum transmission</DESCRIPTION>
    </PARAM>
    <PARAM name="WidthEff" value="870.65005175742" unit="Angstrom" ucd="instr.bandwidth" utype="photdm:PhotometryFilter.SpectralAxis.Coverage.Bounds.Extent" datatype="float" >
       <DESCRIPTION>Effective width. Defined as integ[x*filter(x) dx].\nEquivalent to the horizontal size of a rectangle with height equal to maximum transmission and with the same area that the one covered by the filter transmission curve.</DESCRIPTION>
    </PARAM>
    <PARAM name="WavelengthCen" value="5425.8414932681" unit="Angstrom" ucd="em.wl" datatype="float" >
       <DESCRIPTION>Central wavelength. Defined as the central wavelength between the two points defining FWMH</DESCRIPTION>
    </PARAM>
    <PARAM name="WavelengthPivot" value="5492.9235116556" unit="Angstrom" ucd="em.wl" datatype="float" >
       <DESCRIPTION>Peak wavelength. Defined as sqrt{integ[x*filter(x) dx]/integ[filter(x) dx/x]}</DESCRIPTION>
    </PARAM>
    <PARAM name="WavelengthPeak" value="5300" unit="Angstrom" ucd="em.wl" datatype="float" >
       <DESCRIPTION>Peak wavelength. Defined as the lambda value with larger transmission</DESCRIPTION>
    </PARAM>
    <PARAM name="WavelengthPhot" value="5460.0847697888" unit="Angstrom" ucd="em.wl" datatype="float" >
       <DESCRIPTION>Photon distribution based effective wavelength. Defined as integ[x^2*filter(x)*vega(x) dx]/integ[x*filter(x)*vega(x) dx]</DESCRIPTION>
    </PARAM>
    <PARAM name="FWHM" value="827.26438188495" unit="Angstrom" ucd="instr.bandwidth" datatype="float" >
       <DESCRIPTION>Full width at half maximum. Defined as the difference between the two wavelengths for which filter transmission is half maximum</DESCRIPTION>
    </PARAM>
    <PARAM name="PhotCalID" value="Misc/MCPS.V/Vega" ucd="meta.id" utype="photdm:PhotCal.identifier" datatype="char" arraysize="*"/>
    <PARAM name="MagSys" value="Vega" ucd="meta.code" utype="photdm:PhotCal.MagnitudeSystem.type" datatype="char" arraysize="*"/>
    <PARAM name="ZeroPoint" value="3585.3113303835" unit="Jy" ucd="phot.flux.density" utype="photdm:PhotCal.ZeroPoint.Flux.value" datatype="float" />
    <PARAM name="ZeroPointUnit" value="Jy" ucd="meta.unit" utype="photdm:PhotCal.ZeroPoint.Flux.unit" datatype="char" arraysize="*"/>
    <PARAM name="ZeroPointType" value="Pogson" ucd="meta.code" utype="photdm:PhotCal.ZeroPoint.type" datatype="char" arraysize="*"/>
    <TABLE utype="photdm:PhotometryFilter.transmissionCurve.spectrum">
      <FIELD name="Wavelength" utype="spec:Data.SpectralAxis.Value" ucd="em.wl" unit="Angstrom" datatype="float"/>
      <FIELD name="Transmission" utype="spec:Data.FluxAxis.Value" ucd="phys.transmission" unit="" datatype="float"/>
      <DATA>
        <TABLEDATA>
          <TR>
            <TD>4750.00</TD>
            <TD>0.00000</TD>
          </TR>
          <TR>
            <TD>4800.00</TD>
            <TD>0.03000</TD>
          </TR>
          <TR>
            <TD>4850.00</TD>
            <TD>0.08400</TD>
          </TR>
          <TR>
            <TD>4900.00</TD>
            <TD>0.16300</TD>
          </TR>
          <TR>
            <TD>4950.00</TD>
            <TD>0.30100</TD>
          </TR>
          <TR>
            <TD>5000.00</TD>
            <TD>0.45800</TD>
          </TR>
          <TR>
            <TD>5050.00</TD>
            <TD>0.63000</TD>
          </TR>
          <TR>
            <TD>5100.00</TD>
            <TD>0.78000</TD>
          </TR>
          <TR>
            <TD>5150.00</TD>
            <TD>0.89500</TD>
          </TR>
          <TR>
            <TD>5200.00</TD>
            <TD>0.96700</TD>
          </TR>
          <TR>
            <TD>5250.00</TD>
            <TD>0.99700</TD>
          </TR>
          <TR>
            <TD>5300.00</TD>
            <TD>1.00000</TD>
          </TR>
          <TR>
            <TD>5350.00</TD>
            <TD>0.98800</TD>
          </TR>
          <TR>
            <TD>5400.00</TD>
            <TD>0.95800</TD>
          </TR>
          <TR>
            <TD>5450.00</TD>
            <TD>0.91900</TD>
          </TR>
          <TR>
            <TD>5500.00</TD>
            <TD>0.87700</TD>
          </TR>
          <TR>
            <TD>5550.00</TD>
            <TD>0.81900</TD>
          </TR>
          <TR>
            <TD>5600.00</TD>
            <TD>0.76500</TD>
          </TR>
          <TR>
            <TD>5650.00</TD>
            <TD>0.71100</TD>
          </TR>
          <TR>
            <TD>5700.00</TD>
            <TD>0.65700</TD>
          </TR>
          <TR>
            <TD>5750.00</TD>
            <TD>0.60200</TD>
          </TR>
          <TR>
            <TD>5800.00</TD>
            <TD>0.54500</TD>
          </TR>
          <TR>
            <TD>5850.00</TD>
            <TD>0.48800</TD>
          </TR>
          <TR>
            <TD>5900.00</TD>
            <TD>0.43400</TD>
          </TR>
          <TR>
            <TD>5950.00</TD>
            <TD>0.38600</TD>
          </TR>
          <TR>
            <TD>6000.00</TD>
            <TD>0.33100</TD>
          </TR>
          <TR>
            <TD>6050.00</TD>
            <TD>0.28900</TD>
          </TR>
          <TR>
            <TD>6100.00</TD>
            <TD>0.25000</TD>
          </TR>
          <TR>
            <TD>6150.00</TD>
            <TD>0.21400</TD>
          </TR>
          <TR>
            <TD>6200.00</TD>
            <TD>0.18100</TD>
          </TR>
          <TR>
            <TD>6250.00</TD>
            <TD>0.15100</TD>
          </TR>
          <TR>
            <TD>6300.00</TD>
            <TD>0.12000</TD>
          </TR>
          <TR>
            <TD>6350.00</TD>
            <TD>0.09300</TD>
          </TR>
          <TR>
            <TD>6400.00</TD>
            <TD>0.06900</TD>
          </TR>
          <TR>
            <TD>6450.00</TD>
            <TD>0.05100</TD>
          </TR>
          <TR>
            <TD>6500.00</TD>
            <TD>0.03600</TD>
          </TR>
          <TR>
            <TD>6550.00</TD>
            <TD>0.02700</TD>
          </TR>
          <TR>
            <TD>6600.00</TD>
            <TD>0.02100</TD>
          </TR>
          <TR>
            <TD>6650.00</TD>
            <TD>0.01800</TD>
          </TR>
          <TR>
            <TD>6700.00</TD>
            <TD>0.01600</TD>
          </TR>
          <TR>
            <TD>6750.00</TD>
            <TD>0.01400</TD>
          </TR>
          <TR>
            <TD>6800.00</TD>
            <TD>0.01200</TD>
          </TR>
          <TR>
            <TD>6850.00</TD>
            <TD>0.01100</TD>
          </TR>
          <TR>
            <TD>6900.00</TD>
            <TD>0.01000</TD>
          </TR>
          <TR>
            <TD>6950.00</TD>
            <TD>0.00900</TD>
          </TR>
          <TR>
            <TD>7000.00</TD>
            <TD>0.00800</TD>
          </TR>
          <TR>
            <TD>7050.00</TD>
            <TD>0.00700</TD>
          </TR>
          <TR>
            <TD>7100.00</TD>
            <TD>0.00600</TD>
          </TR>
          <TR>
            <TD>7150.00</TD>
            <TD>0.00500</TD>
          </TR>
          <TR>
            <TD>7200.00</TD>
            <TD>0.00400</TD>
          </TR>
          <TR>
            <TD>7250.00</TD>
            <TD>0.00300</TD>
          </TR>
          <TR>
            <TD>7300.00</TD>
            <TD>0.00200</TD>
          </TR>
          <TR>
            <TD>7350.00</TD>
            <TD>0.00100</TD>
          </TR>
          <TR>
            <TD>7400.00</TD>
            <TD>0.00000</TD>
          </TR>
        </TABLEDATA>
      </DATA>
    </TABLE>
  </RESOURCE>
</VOTABLE>
