<?xml version="1.0"?>
<VOTABLE version="1.1" xsi:schemaLocation="http://www.ivoa.net/xml/VOTable/v1.1" xmlns:xsi="http://www.w3.org/2001/XMLSchema-instance">
  <INFO name="QUERY_STATUS" value="OK"/>
  <RESOURCE type="results">
    <PARAM name="FilterProfileService" value="ivo://svo/fps" ucd="meta.ref.ivorn" utype="PhotometryFilter.fpsIdentifier" datatype="char" arraysize="*"/>
    <PARAM name="filterID" value="SLOAN/SDSS.z" ucd="meta.id" utype="photdm:PhotometryFilter.identifier" datatype="char" arraysize="*"/>
    <PARAM name="WavelengthUnit" value="Angstrom" ucd="meta.unit" utype="PhotometryFilter.SpectralAxis.unit" datatype="char" arraysize="*"/>
    <PARAM name="WavelengthUCD" value="em.wl" ucd="meta.ucd" utype="PhotometryFilter.SpectralAxis.UCD" datatype="char" arraysize="*"/>
    <PARAM name="Description" value="SDSS z" ucd="meta.note" utype="photdm:PhotometryFilter.description" datatype="char" arraysize="*"/>
    <PARAM name="PhotSystem" value="SDSS" utype="photdm:PhotometricSystem.description" datatype="char" arraysize="*">
       <DESCRIPTION>Photometric system</DESCRIPTION>
    </PARAM>
    <PARAM name="Facility" value="SLOAN" ucd="instr.obsty" datatype="char" arraysize="*">
       <DESCRIPTION>Observational facility</DESCRIPTION>
    </PARAM>
    <PARAM name="ProfileReference" value="http://www.sdss.org/dr7/instruments/imager/index.html" datatype="char" arraysize="*"/>
    <PARAM name="CalibrationReference" value="www.sdss.org/DR2/algorithms/fluxcal.html" datatype="char" arraysize="*"/>
    <PARAM name="Description" value="SDSS z" ucd="meta.note" utype="photdm:PhotometryFilter.description" datatype="char" arraysize="*"/>
    <PARAM name="WavelengthMean" value="8961.48912075" unit="Angstrom" ucd="em.wl" utype="photdm:PhotometryFilter.SpectralAxis.Coverage.Location.Value" datatype="float" >
       <DESCRIPTION>Mean wavelength. Defined as integ[x*filter(x) dx]/integ[filter(x) dx]</DESCRIPTION>
    </PARAM>
    <PARAM name="WavelengthEff" value="8897.06104562" unit="Angstrom" ucd="em.wl.effective" datatype="float" >
       <DESCRIPTION>Effective wavelength. Defined as integ[x*filter(x)*vega(x) dx]/integ[filter(x)*vega(x) dx]</DESCRIPTION>
    </PARAM>
    <PARAM name="WavelengthMin" value="7960.4375" unit="Angstrom" ucd="em.wl;stat.min" utype="photdm:PhotometryFilter.SpectralAxis.Coverage.Bounds.Start" datatype="float" >
       <DESCRIPTION>Minimum filter wavelength. Defined as the first lambda value with a transmission at least 1% of maximum transmission</DESCRIPTION>
    </PARAM>
    <PARAM name="WavelengthMax" value="10833.25" unit="Angstrom" ucd="em.wl;stat.max" utype="photdm:PhotometryFilter.SpectralAxis.Coverage.Bounds.Stop" datatype="float" >
       <DESCRIPTION>Maximum filter wavelength. Defined as the last lambda value with a transmission at least 1% of maximum transmission</DESCRIPTION>
    </PARAM>
    <PARAM name="WidthEff" value="1124.58612462" unit="Angstrom" ucd="instr.bandwidth" utype="photdm:PhotometryFilter.SpectralAxis.Coverage.Bounds.Extent" datatype="float" >
       <DESCRIPTION>Effective width. Defined as integ[x*filter(x) dx].\nEquivalent to the horizontal size of a rectangle with height equal to maximum transmission and with the same area that the one covered by the filter transmission curve.</DESCRIPTION>
    </PARAM>
    <PARAM name="WavelengthCen" value="8781.68805804" unit="Angstrom" ucd="em.wl" datatype="float" >
       <DESCRIPTION>Central wavelength. Defined as the central wavelength between the two points defining FWMH</DESCRIPTION>
    </PARAM>
    <PARAM name="WavelengthPivot" value="8946.71030357" unit="Angstrom" ucd="em.wl" datatype="float" >
       <DESCRIPTION>Peak wavelength. Defined as sqrt{integ[x*filter(x) dx]/integ[filter(x) dx/x]}</DESCRIPTION>
    </PARAM>
    <PARAM name="WavelengthPeak" value="8655" unit="Angstrom" ucd="em.wl" datatype="float" >
       <DESCRIPTION>Peak wavelength. Defined as the lambda value with larger transmission</DESCRIPTION>
    </PARAM>
    <PARAM name="WavelengthPhot" value="8924.71631645" unit="Angstrom" ucd="em.wl" datatype="float" >
       <DESCRIPTION>Photon distribution based effective wavelength. Defined as integ[x^2*filter(x)*vega(x) dx]/integ[x*filter(x)*vega(x) dx]</DESCRIPTION>
    </PARAM>
    <PARAM name="FWHM" value="994.391741071" unit="Angstrom" ucd="instr.bandwidth" datatype="float" >
       <DESCRIPTION>Full width at half maximum. Defined as the difference between the two wavelengths for which filter transmission is half maximum</DESCRIPTION>
    </PARAM>
    <PARAM name="PhotCalID" value="SLOAN/SDSS.z/Vega" ucd="meta.id" utype="photdm:PhotCal.identifier" datatype="char" arraysize="*"/>
    <PARAM name="MagSys" value="Vega" ucd="meta.code" utype="photdm:PhotCal.MagnitudeSystem.type" datatype="char" arraysize="*"/>
    <PARAM name="ZeroPoint" value="2244.67031249" unit="Jy" ucd="phot.flux.density" utype="photdm:PhotCal.ZeroPoint.Flux.value" datatype="float" />
    <PARAM name="ZeroPointUnit" value="Jy" ucd="meta.unit" utype="photdm:PhotCal.ZeroPoint.Flux.unit" datatype="char" arraysize="*"/>
    <PARAM name="ZeroPointType" value="Pogson" ucd="meta.code" utype="photdm:PhotCal.ZeroPoint.type" datatype="char" arraysize="*"/>
    <TABLE utype="photdm:PhotometryFilter.transmissionCurve.spectrum">
      <FIELD name="Wavelength" utype="spec:Data.SpectralAxis.Value" ucd="em.wl" unit="Angstrom" datatype="float"/>
      <FIELD name="Transmission" utype="spec:Data.FluxAxis.Value" ucd="phys.transmission" unit="" datatype="float"/>
      <DATA>
        <TABLEDATA>
          <TR>
            <TD>7730.0</TD>
            <TD>0.0000000000</TD>
          </TR>
          <TR>
            <TD>7755.0</TD>
            <TD>0.0000000000</TD>
          </TR>
          <TR>
            <TD>7780.0</TD>
            <TD>0.0001000000</TD>
          </TR>
          <TR>
            <TD>7805.0</TD>
            <TD>0.0001000000</TD>
          </TR>
          <TR>
            <TD>7830.0</TD>
            <TD>0.0001000000</TD>
          </TR>
          <TR>
            <TD>7855.0</TD>
            <TD>0.0002000000</TD>
          </TR>
          <TR>
            <TD>7880.0</TD>
            <TD>0.0002000000</TD>
          </TR>
          <TR>
            <TD>7905.0</TD>
            <TD>0.0003000000</TD>
          </TR>
          <TR>
            <TD>7930.0</TD>
            <TD>0.0005000000</TD>
          </TR>
          <TR>
            <TD>7955.0</TD>
            <TD>0.0007000000</TD>
          </TR>
          <TR>
            <TD>7980.0</TD>
            <TD>0.0011000000</TD>
          </TR>
          <TR>
            <TD>8005.0</TD>
            <TD>0.0017000000</TD>
          </TR>
          <TR>
            <TD>8030.0</TD>
            <TD>0.0027000000</TD>
          </TR>
          <TR>
            <TD>8055.0</TD>
            <TD>0.0040000000</TD>
          </TR>
          <TR>
            <TD>8080.0</TD>
            <TD>0.0057000000</TD>
          </TR>
          <TR>
            <TD>8105.0</TD>
            <TD>0.0079000000</TD>
          </TR>
          <TR>
            <TD>8130.0</TD>
            <TD>0.0106000000</TD>
          </TR>
          <TR>
            <TD>8155.0</TD>
            <TD>0.0139000000</TD>
          </TR>
          <TR>
            <TD>8180.0</TD>
            <TD>0.0178000000</TD>
          </TR>
          <TR>
            <TD>8205.0</TD>
            <TD>0.0222000000</TD>
          </TR>
          <TR>
            <TD>8230.0</TD>
            <TD>0.0271000000</TD>
          </TR>
          <TR>
            <TD>8255.0</TD>
            <TD>0.0324000000</TD>
          </TR>
          <TR>
            <TD>8280.0</TD>
            <TD>0.0382000000</TD>
          </TR>
          <TR>
            <TD>8305.0</TD>
            <TD>0.0446000000</TD>
          </TR>
          <TR>
            <TD>8330.0</TD>
            <TD>0.0511000000</TD>
          </TR>
          <TR>
            <TD>8355.0</TD>
            <TD>0.0564000000</TD>
          </TR>
          <TR>
            <TD>8380.0</TD>
            <TD>0.0603000000</TD>
          </TR>
          <TR>
            <TD>8405.0</TD>
            <TD>0.0637000000</TD>
          </TR>
          <TR>
            <TD>8430.0</TD>
            <TD>0.0667000000</TD>
          </TR>
          <TR>
            <TD>8455.0</TD>
            <TD>0.0694000000</TD>
          </TR>
          <TR>
            <TD>8480.0</TD>
            <TD>0.0717000000</TD>
          </TR>
          <TR>
            <TD>8505.0</TD>
            <TD>0.0736000000</TD>
          </TR>
          <TR>
            <TD>8530.0</TD>
            <TD>0.0752000000</TD>
          </TR>
          <TR>
            <TD>8555.0</TD>
            <TD>0.0765000000</TD>
          </TR>
          <TR>
            <TD>8580.0</TD>
            <TD>0.0775000000</TD>
          </TR>
          <TR>
            <TD>8605.0</TD>
            <TD>0.0782000000</TD>
          </TR>
          <TR>
            <TD>8630.0</TD>
            <TD>0.0786000000</TD>
          </TR>
          <TR>
            <TD>8655.0</TD>
            <TD>0.0787000000</TD>
          </TR>
          <TR>
            <TD>8680.0</TD>
            <TD>0.0785000000</TD>
          </TR>
          <TR>
            <TD>8705.0</TD>
            <TD>0.0780000000</TD>
          </TR>
          <TR>
            <TD>8730.0</TD>
            <TD>0.0772000000</TD>
          </TR>
          <TR>
            <TD>8755.0</TD>
            <TD>0.0763000000</TD>
          </TR>
          <TR>
            <TD>8780.0</TD>
            <TD>0.0751000000</TD>
          </TR>
          <TR>
            <TD>8805.0</TD>
            <TD>0.0738000000</TD>
          </TR>
          <TR>
            <TD>8830.0</TD>
            <TD>0.0723000000</TD>
          </TR>
          <TR>
            <TD>8855.0</TD>
            <TD>0.0708000000</TD>
          </TR>
          <TR>
            <TD>8880.0</TD>
            <TD>0.0693000000</TD>
          </TR>
          <TR>
            <TD>8905.0</TD>
            <TD>0.0674000000</TD>
          </TR>
          <TR>
            <TD>8930.0</TD>
            <TD>0.0632000000</TD>
          </TR>
          <TR>
            <TD>8955.0</TD>
            <TD>0.0581000000</TD>
          </TR>
          <TR>
            <TD>8980.0</TD>
            <TD>0.0543000000</TD>
          </TR>
          <TR>
            <TD>9005.0</TD>
            <TD>0.0526000000</TD>
          </TR>
          <TR>
            <TD>9030.0</TD>
            <TD>0.0523000000</TD>
          </TR>
          <TR>
            <TD>9055.0</TD>
            <TD>0.0522000000</TD>
          </TR>
          <TR>
            <TD>9080.0</TD>
            <TD>0.0512000000</TD>
          </TR>
          <TR>
            <TD>9105.0</TD>
            <TD>0.0496000000</TD>
          </TR>
          <TR>
            <TD>9130.0</TD>
            <TD>0.0481000000</TD>
          </TR>
          <TR>
            <TD>9155.0</TD>
            <TD>0.0473000000</TD>
          </TR>
          <TR>
            <TD>9180.0</TD>
            <TD>0.0476000000</TD>
          </TR>
          <TR>
            <TD>9205.0</TD>
            <TD>0.0482000000</TD>
          </TR>
          <TR>
            <TD>9230.0</TD>
            <TD>0.0476000000</TD>
          </TR>
          <TR>
            <TD>9255.0</TD>
            <TD>0.0447000000</TD>
          </TR>
          <TR>
            <TD>9280.0</TD>
            <TD>0.0391000000</TD>
          </TR>
          <TR>
            <TD>9305.0</TD>
            <TD>0.0329000000</TD>
          </TR>
          <TR>
            <TD>9330.0</TD>
            <TD>0.0283000000</TD>
          </TR>
          <TR>
            <TD>9355.0</TD>
            <TD>0.0264000000</TD>
          </TR>
          <TR>
            <TD>9380.0</TD>
            <TD>0.0271000000</TD>
          </TR>
          <TR>
            <TD>9405.0</TD>
            <TD>0.0283000000</TD>
          </TR>
          <TR>
            <TD>9430.0</TD>
            <TD>0.0275000000</TD>
          </TR>
          <TR>
            <TD>9455.0</TD>
            <TD>0.0254000000</TD>
          </TR>
          <TR>
            <TD>9480.0</TD>
            <TD>0.0252000000</TD>
          </TR>
          <TR>
            <TD>9505.0</TD>
            <TD>0.0256000000</TD>
          </TR>
          <TR>
            <TD>9530.0</TD>
            <TD>0.0246000000</TD>
          </TR>
          <TR>
            <TD>9555.0</TD>
            <TD>0.0244000000</TD>
          </TR>
          <TR>
            <TD>9580.0</TD>
            <TD>0.0252000000</TD>
          </TR>
          <TR>
            <TD>9605.0</TD>
            <TD>0.0258000000</TD>
          </TR>
          <TR>
            <TD>9630.0</TD>
            <TD>0.0265000000</TD>
          </TR>
          <TR>
            <TD>9655.0</TD>
            <TD>0.0274000000</TD>
          </TR>
          <TR>
            <TD>9680.0</TD>
            <TD>0.0279000000</TD>
          </TR>
          <TR>
            <TD>9705.0</TD>
            <TD>0.0271000000</TD>
          </TR>
          <TR>
            <TD>9730.0</TD>
            <TD>0.0252000000</TD>
          </TR>
          <TR>
            <TD>9755.0</TD>
            <TD>0.0236000000</TD>
          </TR>
          <TR>
            <TD>9780.0</TD>
            <TD>0.0227000000</TD>
          </TR>
          <TR>
            <TD>9805.0</TD>
            <TD>0.0222000000</TD>
          </TR>
          <TR>
            <TD>9830.0</TD>
            <TD>0.0216000000</TD>
          </TR>
          <TR>
            <TD>9855.0</TD>
            <TD>0.0208000000</TD>
          </TR>
          <TR>
            <TD>9880.0</TD>
            <TD>0.0196000000</TD>
          </TR>
          <TR>
            <TD>9905.0</TD>
            <TD>0.0183000000</TD>
          </TR>
          <TR>
            <TD>9930.0</TD>
            <TD>0.0171000000</TD>
          </TR>
          <TR>
            <TD>9955.0</TD>
            <TD>0.0160000000</TD>
          </TR>
          <TR>
            <TD>9980.0</TD>
            <TD>0.0149000000</TD>
          </TR>
          <TR>
            <TD>10005.0</TD>
            <TD>0.0138000000</TD>
          </TR>
          <TR>
            <TD>10030.0</TD>
            <TD>0.0128000000</TD>
          </TR>
          <TR>
            <TD>10055.0</TD>
            <TD>0.0118000000</TD>
          </TR>
          <TR>
            <TD>10080.0</TD>
            <TD>0.0108000000</TD>
          </TR>
          <TR>
            <TD>10105.0</TD>
            <TD>0.0099000000</TD>
          </TR>
          <TR>
            <TD>10130.0</TD>
            <TD>0.0091000000</TD>
          </TR>
          <TR>
            <TD>10155.0</TD>
            <TD>0.0083000000</TD>
          </TR>
          <TR>
            <TD>10180.0</TD>
            <TD>0.0075000000</TD>
          </TR>
          <TR>
            <TD>10205.0</TD>
            <TD>0.0068000000</TD>
          </TR>
          <TR>
            <TD>10230.0</TD>
            <TD>0.0061000000</TD>
          </TR>
          <TR>
            <TD>10255.0</TD>
            <TD>0.0055000000</TD>
          </TR>
          <TR>
            <TD>10280.0</TD>
            <TD>0.0050000000</TD>
          </TR>
          <TR>
            <TD>10305.0</TD>
            <TD>0.0045000000</TD>
          </TR>
          <TR>
            <TD>10330.0</TD>
            <TD>0.0041000000</TD>
          </TR>
          <TR>
            <TD>10355.0</TD>
            <TD>0.0037000000</TD>
          </TR>
          <TR>
            <TD>10380.0</TD>
            <TD>0.0033000000</TD>
          </TR>
          <TR>
            <TD>10405.0</TD>
            <TD>0.0030000000</TD>
          </TR>
          <TR>
            <TD>10430.0</TD>
            <TD>0.0027000000</TD>
          </TR>
          <TR>
            <TD>10455.0</TD>
            <TD>0.0025000000</TD>
          </TR>
          <TR>
            <TD>10480.0</TD>
            <TD>0.0023000000</TD>
          </TR>
          <TR>
            <TD>10505.0</TD>
            <TD>0.0021000000</TD>
          </TR>
          <TR>
            <TD>10530.0</TD>
            <TD>0.0019000000</TD>
          </TR>
          <TR>
            <TD>10555.0</TD>
            <TD>0.0018000000</TD>
          </TR>
          <TR>
            <TD>10580.0</TD>
            <TD>0.0017000000</TD>
          </TR>
          <TR>
            <TD>10605.0</TD>
            <TD>0.0016000000</TD>
          </TR>
          <TR>
            <TD>10630.0</TD>
            <TD>0.0015000000</TD>
          </TR>
          <TR>
            <TD>10655.0</TD>
            <TD>0.0014000000</TD>
          </TR>
          <TR>
            <TD>10680.0</TD>
            <TD>0.0013000000</TD>
          </TR>
          <TR>
            <TD>10705.0</TD>
            <TD>0.0012000000</TD>
          </TR>
          <TR>
            <TD>10730.0</TD>
            <TD>0.0011000000</TD>
          </TR>
          <TR>
            <TD>10755.0</TD>
            <TD>0.0010000000</TD>
          </TR>
          <TR>
            <TD>10780.0</TD>
            <TD>0.0009000000</TD>
          </TR>
          <TR>
            <TD>10805.0</TD>
            <TD>0.0008000000</TD>
          </TR>
          <TR>
            <TD>10830.0</TD>
            <TD>0.0008000000</TD>
          </TR>
          <TR>
            <TD>10855.0</TD>
            <TD>0.0007000000</TD>
          </TR>
          <TR>
            <TD>10880.0</TD>
            <TD>0.0006000000</TD>
          </TR>
          <TR>
            <TD>10905.0</TD>
            <TD>0.0006000000</TD>
          </TR>
          <TR>
            <TD>10930.0</TD>
            <TD>0.0006000000</TD>
          </TR>
          <TR>
            <TD>10955.0</TD>
            <TD>0.0005000000</TD>
          </TR>
          <TR>
            <TD>10980.0</TD>
            <TD>0.0005000000</TD>
          </TR>
          <TR>
            <TD>11005.0</TD>
            <TD>0.0004000000</TD>
          </TR>
          <TR>
            <TD>11030.0</TD>
            <TD>0.0004000000</TD>
          </TR>
          <TR>
            <TD>11055.0</TD>
            <TD>0.0003000000</TD>
          </TR>
          <TR>
            <TD>11080.0</TD>
            <TD>0.0003000000</TD>
          </TR>
          <TR>
            <TD>11105.0</TD>
            <TD>0.0002000000</TD>
          </TR>
          <TR>
            <TD>11130.0</TD>
            <TD>0.0002000000</TD>
          </TR>
          <TR>
            <TD>11155.0</TD>
            <TD>0.0001000000</TD>
          </TR>
          <TR>
            <TD>11180.0</TD>
            <TD>0.0001000000</TD>
          </TR>
          <TR>
            <TD>11205.0</TD>
            <TD>0.0000000000</TD>
          </TR>
          <TR>
            <TD>11230.0</TD>
            <TD>0.0000000000</TD>
          </TR>
        </TABLEDATA>
      </DATA>
    </TABLE>
  </RESOURCE>
</VOTABLE>
