<?xml version="1.0"?>
<VOTABLE version="1.1" xsi:schemaLocation="http://www.ivoa.net/xml/VOTable/v1.1" xmlns:xsi="http://www.w3.org/2001/XMLSchema-instance">
  <INFO name="QUERY_STATUS" value="OK"/>
  <RESOURCE type="results">
    <PARAM name="FilterProfileService" value="ivo://svo/fps" ucd="meta.ref.ivorn" utype="PhotometryFilter.fpsIdentifier" datatype="char" arraysize="*"/>
    <PARAM name="filterID" value="Spitzer/MIPS.70mu" ucd="meta.id" utype="photdm:PhotometryFilter.identifier" datatype="char" arraysize="*"/>
    <PARAM name="WavelengthUnit" value="Angstrom" ucd="meta.unit" utype="PhotometryFilter.SpectralAxis.unit" datatype="char" arraysize="*"/>
    <PARAM name="WavelengthUCD" value="em.wl" ucd="meta.ucd" utype="PhotometryFilter.SpectralAxis.UCD" datatype="char" arraysize="*"/>
    <PARAM name="Description" value="MIPS 70 microns" ucd="meta.note" utype="photdm:PhotometryFilter.description" datatype="char" arraysize="*"/>
    <PARAM name="PhotSystem" value="MIPS" utype="photdm:PhotometricSystem.description" datatype="char" arraysize="*">
       <DESCRIPTION>Photometric system</DESCRIPTION>
    </PARAM>
    <PARAM name="Instrument" value="MIPS" ucd="instr" datatype="char" arraysize="*">
       <DESCRIPTION>Instrument</DESCRIPTION>
    </PARAM>
    <PARAM name="Facility" value="Spitzer" ucd="instr.obsty" datatype="char" arraysize="*">
       <DESCRIPTION>Observational facility</DESCRIPTION>
    </PARAM>
    <PARAM name="ProfileReference" value="http://ssc.spitzer.caltech.edu/mips/spectral_response.html" datatype="char" arraysize="*"/>
    <PARAM name="Description" value="MIPS 70 microns" ucd="meta.note" utype="photdm:PhotometryFilter.description" datatype="char" arraysize="*"/>
    <PARAM name="WavelengthMean" value="725555.25877174" unit="Angstrom" ucd="em.wl" utype="photdm:PhotometryFilter.SpectralAxis.Coverage.Location.Value" datatype="float" >
       <DESCRIPTION>Mean wavelength. Defined as integ[x*filter(x) dx]/integ[filter(x) dx]</DESCRIPTION>
    </PARAM>
    <PARAM name="WavelengthEff" value="684447.57838566" unit="Angstrom" ucd="em.wl.effective" datatype="float" >
       <DESCRIPTION>Effective wavelength. Defined as integ[x*filter(x)*vega(x) dx]/integ[filter(x)*vega(x) dx]</DESCRIPTION>
    </PARAM>
    <PARAM name="WavelengthMin" value="519695.26423016" unit="Angstrom" ucd="em.wl;stat.min" utype="photdm:PhotometryFilter.SpectralAxis.Coverage.Bounds.Start" datatype="float" >
       <DESCRIPTION>Minimum filter wavelength. Defined as the first lambda value with a transmission at least 1% of maximum transmission</DESCRIPTION>
    </PARAM>
    <PARAM name="WavelengthMax" value="1110222" unit="Angstrom" ucd="em.wl;stat.max" utype="photdm:PhotometryFilter.SpectralAxis.Coverage.Bounds.Stop" datatype="float" >
       <DESCRIPTION>Maximum filter wavelength. Defined as the last lambda value with a transmission at least 1% of maximum transmission</DESCRIPTION>
    </PARAM>
    <PARAM name="WidthEff" value="213015.33742821" unit="Angstrom" ucd="instr.bandwidth" utype="photdm:PhotometryFilter.SpectralAxis.Coverage.Bounds.Extent" datatype="float" >
       <DESCRIPTION>Effective width. Defined as integ[x*filter(x) dx].\nEquivalent to the horizontal size of a rectangle with height equal to maximum transmission and with the same area that the one covered by the filter transmission curve.</DESCRIPTION>
    </PARAM>
    <PARAM name="WavelengthCen" value="705154.23496492" unit="Angstrom" ucd="em.wl" datatype="float" >
       <DESCRIPTION>Central wavelength. Defined as the central wavelength between the two points defining FWMH</DESCRIPTION>
    </PARAM>
    <PARAM name="WavelengthPivot" value="719852.08538737" unit="Angstrom" ucd="em.wl" datatype="float" >
       <DESCRIPTION>Peak wavelength. Defined as sqrt{integ[x*filter(x) dx]/integ[filter(x) dx/x]}</DESCRIPTION>
    </PARAM>
    <PARAM name="WavelengthPeak" value="718848.7" unit="Angstrom" ucd="em.wl" datatype="float" >
       <DESCRIPTION>Peak wavelength. Defined as the lambda value with larger transmission</DESCRIPTION>
    </PARAM>
    <PARAM name="WavelengthPhot" value="693646.991989" unit="Angstrom" ucd="em.wl" datatype="float" >
       <DESCRIPTION>Photon distribution based effective wavelength. Defined as integ[x^2*filter(x)*vega(x) dx]/integ[x*filter(x)*vega(x) dx]</DESCRIPTION>
    </PARAM>
    <PARAM name="FWHM" value="189835.07756454" unit="Angstrom" ucd="instr.bandwidth" datatype="float" >
       <DESCRIPTION>Full width at half maximum. Defined as the difference between the two wavelengths for which filter transmission is half maximum</DESCRIPTION>
    </PARAM>
    <PARAM name="PhotCalID" value="Spitzer/MIPS.70mu/Vega" ucd="meta.id" utype="photdm:PhotCal.identifier" datatype="char" arraysize="*"/>
    <PARAM name="MagSys" value="Vega" ucd="meta.code" utype="photdm:PhotCal.MagnitudeSystem.type" datatype="char" arraysize="*"/>
    <PARAM name="ZeroPoint" value="0.76995533327582" unit="Jy" ucd="phot.flux.density" utype="photdm:PhotCal.ZeroPoint.Flux.value" datatype="float" />
    <PARAM name="ZeroPointUnit" value="Jy" ucd="meta.unit" utype="photdm:PhotCal.ZeroPoint.Flux.unit" datatype="char" arraysize="*"/>
    <PARAM name="ZeroPointType" value="Pogson" ucd="meta.code" utype="photdm:PhotCal.ZeroPoint.type" datatype="char" arraysize="*"/>
    <TABLE utype="photdm:PhotometryFilter.transmissionCurve.spectrum">
      <FIELD name="Wavelength" utype="spec:Data.SpectralAxis.Value" ucd="em.wl" unit="Angstrom" datatype="float"/>
      <FIELD name="Transmission" utype="spec:Data.FluxAxis.Value" ucd="phys.transmission" unit="" datatype="float"/>
      <DATA>
        <TABLEDATA>
          <TR>
            <TD>499599.8</TD>
            <TD>-0.0002900000</TD>
          </TR>
          <TR>
            <TD>502110.4</TD>
            <TD>0.0000660000</TD>
          </TR>
          <TR>
            <TD>504646.3</TD>
            <TD>0.0008660000</TD>
          </TR>
          <TR>
            <TD>507208.0</TD>
            <TD>0.0018160000</TD>
          </TR>
          <TR>
            <TD>509795.8</TD>
            <TD>0.0029360000</TD>
          </TR>
          <TR>
            <TD>512410.1</TD>
            <TD>0.0043460000</TD>
          </TR>
          <TR>
            <TD>515051.4</TD>
            <TD>0.0060870000</TD>
          </TR>
          <TR>
            <TD>517720.0</TD>
            <TD>0.0081700000</TD>
          </TR>
          <TR>
            <TD>520416.5</TD>
            <TD>0.0106770000</TD>
          </TR>
          <TR>
            <TD>523141.2</TD>
            <TD>0.0140900000</TD>
          </TR>
          <TR>
            <TD>525894.6</TD>
            <TD>0.0184540000</TD>
          </TR>
          <TR>
            <TD>528677.1</TD>
            <TD>0.0231090000</TD>
          </TR>
          <TR>
            <TD>531489.2</TD>
            <TD>0.0274430000</TD>
          </TR>
          <TR>
            <TD>534331.4</TD>
            <TD>0.0325230000</TD>
          </TR>
          <TR>
            <TD>537204.1</TD>
            <TD>0.0401730000</TD>
          </TR>
          <TR>
            <TD>540107.9</TD>
            <TD>0.0497110000</TD>
          </TR>
          <TR>
            <TD>543043.3</TD>
            <TD>0.0605040000</TD>
          </TR>
          <TR>
            <TD>546010.8</TD>
            <TD>0.0736170000</TD>
          </TR>
          <TR>
            <TD>549010.8</TD>
            <TD>0.0901470000</TD>
          </TR>
          <TR>
            <TD>552044.0</TD>
            <TD>0.1095230000</TD>
          </TR>
          <TR>
            <TD>555110.9</TD>
            <TD>0.1296200000</TD>
          </TR>
          <TR>
            <TD>558212.1</TD>
            <TD>0.1457720000</TD>
          </TR>
          <TR>
            <TD>561348.1</TD>
            <TD>0.1535410000</TD>
          </TR>
          <TR>
            <TD>564519.6</TD>
            <TD>0.1585990000</TD>
          </TR>
          <TR>
            <TD>567727.1</TD>
            <TD>0.1700370000</TD>
          </TR>
          <TR>
            <TD>570971.3</TD>
            <TD>0.1898030000</TD>
          </TR>
          <TR>
            <TD>574252.7</TD>
            <TD>0.2149290000</TD>
          </TR>
          <TR>
            <TD>577572.1</TD>
            <TD>0.2414510000</TD>
          </TR>
          <TR>
            <TD>580930.1</TD>
            <TD>0.2634990000</TD>
          </TR>
          <TR>
            <TD>584327.3</TD>
            <TD>0.2799450000</TD>
          </TR>
          <TR>
            <TD>587764.5</TD>
            <TD>0.2948170000</TD>
          </TR>
          <TR>
            <TD>591242.4</TD>
            <TD>0.3126680000</TD>
          </TR>
          <TR>
            <TD>594761.7</TD>
            <TD>0.3366480000</TD>
          </TR>
          <TR>
            <TD>598323.2</TD>
            <TD>0.3699820000</TD>
          </TR>
          <TR>
            <TD>601927.5</TD>
            <TD>0.4120770000</TD>
          </TR>
          <TR>
            <TD>605575.6</TD>
            <TD>0.4541260000</TD>
          </TR>
          <TR>
            <TD>609268.1</TD>
            <TD>0.4911890000</TD>
          </TR>
          <TR>
            <TD>613006.0</TD>
            <TD>0.5264360000</TD>
          </TR>
          <TR>
            <TD>616789.9</TD>
            <TD>0.5595590000</TD>
          </TR>
          <TR>
            <TD>620620.9</TD>
            <TD>0.5951500000</TD>
          </TR>
          <TR>
            <TD>624499.8</TD>
            <TD>0.6415870000</TD>
          </TR>
          <TR>
            <TD>628427.5</TD>
            <TD>0.6940720000</TD>
          </TR>
          <TR>
            <TD>632404.9</TD>
            <TD>0.7379700000</TD>
          </TR>
          <TR>
            <TD>636432.9</TD>
            <TD>0.7746800000</TD>
          </TR>
          <TR>
            <TD>640512.6</TD>
            <TD>0.8080520000</TD>
          </TR>
          <TR>
            <TD>644645.0</TD>
            <TD>0.8278620000</TD>
          </TR>
          <TR>
            <TD>648831.0</TD>
            <TD>0.8383410000</TD>
          </TR>
          <TR>
            <TD>653071.7</TD>
            <TD>0.8488570000</TD>
          </TR>
          <TR>
            <TD>657368.2</TD>
            <TD>0.8605280000</TD>
          </TR>
          <TR>
            <TD>661721.7</TD>
            <TD>0.8699980000</TD>
          </TR>
          <TR>
            <TD>666133.1</TD>
            <TD>0.8831750000</TD>
          </TR>
          <TR>
            <TD>670603.8</TD>
            <TD>0.9033750000</TD>
          </TR>
          <TR>
            <TD>675134.9</TD>
            <TD>0.9234210000</TD>
          </TR>
          <TR>
            <TD>679727.7</TD>
            <TD>0.9452810000</TD>
          </TR>
          <TR>
            <TD>684383.4</TD>
            <TD>0.9700160000</TD>
          </TR>
          <TR>
            <TD>689103.2</TD>
            <TD>0.9847660000</TD>
          </TR>
          <TR>
            <TD>693888.7</TD>
            <TD>0.9890370000</TD>
          </TR>
          <TR>
            <TD>698741.1</TD>
            <TD>0.9952370000</TD>
          </TR>
          <TR>
            <TD>703661.8</TD>
            <TD>1.0000000000</TD>
          </TR>
          <TR>
            <TD>708652.3</TD>
            <TD>0.9982680000</TD>
          </TR>
          <TR>
            <TD>713714.1</TD>
            <TD>0.9999890000</TD>
          </TR>
          <TR>
            <TD>718848.7</TD>
            <TD>1.0006450000</TD>
          </TR>
          <TR>
            <TD>724057.8</TD>
            <TD>0.9922010000</TD>
          </TR>
          <TR>
            <TD>729342.9</TD>
            <TD>0.9820830000</TD>
          </TR>
          <TR>
            <TD>734705.7</TD>
            <TD>0.9725780000</TD>
          </TR>
          <TR>
            <TD>740147.9</TD>
            <TD>0.9585180000</TD>
          </TR>
          <TR>
            <TD>745671.4</TD>
            <TD>0.9386030000</TD>
          </TR>
          <TR>
            <TD>751278.0</TD>
            <TD>0.9179370000</TD>
          </TR>
          <TR>
            <TD>756969.5</TD>
            <TD>0.8830380000</TD>
          </TR>
          <TR>
            <TD>762747.9</TD>
            <TD>0.8320290000</TD>
          </TR>
          <TR>
            <TD>768615.2</TD>
            <TD>0.7817210000</TD>
          </TR>
          <TR>
            <TD>774573.4</TD>
            <TD>0.7298820000</TD>
          </TR>
          <TR>
            <TD>780624.8</TD>
            <TD>0.6702210000</TD>
          </TR>
          <TR>
            <TD>786771.4</TD>
            <TD>0.6119890000</TD>
          </TR>
          <TR>
            <TD>793015.7</TD>
            <TD>0.5584210000</TD>
          </TR>
          <TR>
            <TD>799359.8</TD>
            <TD>0.5057310000</TD>
          </TR>
          <TR>
            <TD>805806.2</TD>
            <TD>0.4567610000</TD>
          </TR>
          <TR>
            <TD>812357.5</TD>
            <TD>0.4165410000</TD>
          </TR>
          <TR>
            <TD>819016.2</TD>
            <TD>0.3790620000</TD>
          </TR>
          <TR>
            <TD>825784.9</TD>
            <TD>0.3407290000</TD>
          </TR>
          <TR>
            <TD>832666.4</TD>
            <TD>0.3075580000</TD>
          </TR>
          <TR>
            <TD>839663.6</TD>
            <TD>0.2793670000</TD>
          </TR>
          <TR>
            <TD>846779.4</TD>
            <TD>0.2508570000</TD>
          </TR>
          <TR>
            <TD>854016.9</TD>
            <TD>0.2236510000</TD>
          </TR>
          <TR>
            <TD>861379.1</TD>
            <TD>0.2008180000</TD>
          </TR>
          <TR>
            <TD>868869.3</TD>
            <TD>0.1789810000</TD>
          </TR>
          <TR>
            <TD>876491.0</TD>
            <TD>0.1596080000</TD>
          </TR>
          <TR>
            <TD>884247.5</TD>
            <TD>0.1442210000</TD>
          </TR>
          <TR>
            <TD>892142.6</TD>
            <TD>0.1303850000</TD>
          </TR>
          <TR>
            <TD>900179.9</TD>
            <TD>0.1173190000</TD>
          </TR>
          <TR>
            <TD>908363.4</TD>
            <TD>0.1071470000</TD>
          </TR>
          <TR>
            <TD>916697.0</TD>
            <TD>0.0989240000</TD>
          </TR>
          <TR>
            <TD>925184.9</TD>
            <TD>0.0895550000</TD>
          </TR>
          <TR>
            <TD>933831.5</TD>
            <TD>0.0815570000</TD>
          </TR>
          <TR>
            <TD>942641.3</TD>
            <TD>0.0757790000</TD>
          </TR>
          <TR>
            <TD>951618.8</TD>
            <TD>0.0690100000</TD>
          </TR>
          <TR>
            <TD>960769.0</TD>
            <TD>0.0613750000</TD>
          </TR>
          <TR>
            <TD>970096.8</TD>
            <TD>0.0560920000</TD>
          </TR>
          <TR>
            <TD>979607.6</TD>
            <TD>0.0518650000</TD>
          </TR>
          <TR>
            <TD>989306.7</TD>
            <TD>0.0467220000</TD>
          </TR>
          <TR>
            <TD>999199.7</TD>
            <TD>0.0421400000</TD>
          </TR>
          <TR>
            <TD>1009293.0</TD>
            <TD>0.0382310000</TD>
          </TR>
          <TR>
            <TD>1019592.0</TD>
            <TD>0.0345540000</TD>
          </TR>
          <TR>
            <TD>1030103.0</TD>
            <TD>0.0330210000</TD>
          </TR>
          <TR>
            <TD>1040833.0</TD>
            <TD>0.0329900000</TD>
          </TR>
          <TR>
            <TD>1051789.0</TD>
            <TD>0.0324220000</TD>
          </TR>
          <TR>
            <TD>1062978.0</TD>
            <TD>0.0306870000</TD>
          </TR>
          <TR>
            <TD>1074408.0</TD>
            <TD>0.0302650000</TD>
          </TR>
          <TR>
            <TD>1086087.0</TD>
            <TD>0.0309920000</TD>
          </TR>
          <TR>
            <TD>1098022.0</TD>
            <TD>0.0302700000</TD>
          </TR>
          <TR>
            <TD>1110222.0</TD>
            <TD>0.0293500000</TD>
          </TR>
        </TABLEDATA>
      </DATA>
    </TABLE>
  </RESOURCE>
</VOTABLE>
