<?xml version="1.0"?>
<VOTABLE version="1.1" xsi:schemaLocation="http://www.ivoa.net/xml/VOTable/v1.1" xmlns:xsi="http://www.w3.org/2001/XMLSchema-instance">
  <INFO name="QUERY_STATUS" value="OK"/>
  <RESOURCE type="results">
    <PARAM name="FilterProfileService" value="ivo://svo/fps" ucd="meta.ref.ivorn" utype="PhotometryFilter.fpsIdentifier" datatype="char" arraysize="*"/>
    <PARAM name="filterID" value="Spitzer/MIPS.160mu" ucd="meta.id" utype="photdm:PhotometryFilter.identifier" datatype="char" arraysize="*"/>
    <PARAM name="WavelengthUnit" value="Angstrom" ucd="meta.unit" utype="PhotometryFilter.SpectralAxis.unit" datatype="char" arraysize="*"/>
    <PARAM name="WavelengthUCD" value="em.wl" ucd="meta.ucd" utype="PhotometryFilter.SpectralAxis.UCD" datatype="char" arraysize="*"/>
    <PARAM name="Description" value="MIPS 160 microns" ucd="meta.note" utype="photdm:PhotometryFilter.description" datatype="char" arraysize="*"/>
    <PARAM name="PhotSystem" value="MIPS" utype="photdm:PhotometricSystem.description" datatype="char" arraysize="*">
       <DESCRIPTION>Photometric system</DESCRIPTION>
    </PARAM>
    <PARAM name="Instrument" value="MIPS" ucd="instr" datatype="char" arraysize="*">
       <DESCRIPTION>Instrument</DESCRIPTION>
    </PARAM>
    <PARAM name="Facility" value="Spitzer" ucd="instr.obsty" datatype="char" arraysize="*">
       <DESCRIPTION>Observational facility</DESCRIPTION>
    </PARAM>
    <PARAM name="ProfileReference" value="http://ssc.spitzer.caltech.edu/mips/spectral_response.html" datatype="char" arraysize="*"/>
    <PARAM name="Description" value="MIPS 160 microns" ucd="meta.note" utype="photdm:PhotometryFilter.description" datatype="char" arraysize="*"/>
    <PARAM name="WavelengthMean" value="1569627.12397" unit="Angstrom" ucd="em.wl" utype="photdm:PhotometryFilter.SpectralAxis.Coverage.Location.Value" datatype="float" >
       <DESCRIPTION>Mean wavelength. Defined as integ[x*filter(x) dx]/integ[filter(x) dx]</DESCRIPTION>
    </PARAM>
    <PARAM name="WavelengthEff" value="1525902.30981" unit="Angstrom" ucd="em.wl.effective" datatype="float" >
       <DESCRIPTION>Effective wavelength. Defined as integ[x*filter(x)*vega(x) dx]/integ[filter(x)*vega(x) dx]</DESCRIPTION>
    </PARAM>
    <PARAM name="WavelengthMin" value="1202628.23602" unit="Angstrom" ucd="em.wl;stat.min" utype="photdm:PhotometryFilter.SpectralAxis.Coverage.Bounds.Start" datatype="float" >
       <DESCRIPTION>Minimum filter wavelength. Defined as the first lambda value with a transmission at least 1% of maximum transmission</DESCRIPTION>
    </PARAM>
    <PARAM name="WavelengthMax" value="1987154.78161" unit="Angstrom" ucd="em.wl;stat.max" utype="photdm:PhotometryFilter.SpectralAxis.Coverage.Bounds.Stop" datatype="float" >
       <DESCRIPTION>Maximum filter wavelength. Defined as the last lambda value with a transmission at least 1% of maximum transmission</DESCRIPTION>
    </PARAM>
    <PARAM name="WidthEff" value="357530.175347" unit="Angstrom" ucd="instr.bandwidth" utype="photdm:PhotometryFilter.SpectralAxis.Coverage.Bounds.Extent" datatype="float" >
       <DESCRIPTION>Effective width. Defined as integ[x*filter(x) dx].\nEquivalent to the horizontal size of a rectangle with height equal to maximum transmission and with the same area that the one covered by the filter transmission curve.</DESCRIPTION>
    </PARAM>
    <PARAM name="WavelengthCen" value="1569105.05606" unit="Angstrom" ucd="em.wl" datatype="float" >
       <DESCRIPTION>Central wavelength. Defined as the central wavelength between the two points defining FWMH</DESCRIPTION>
    </PARAM>
    <PARAM name="WavelengthPivot" value="1564273.62886" unit="Angstrom" ucd="em.wl" datatype="float" >
       <DESCRIPTION>Peak wavelength. Defined as sqrt{integ[x*filter(x) dx]/integ[filter(x) dx/x]}</DESCRIPTION>
    </PARAM>
    <PARAM name="WavelengthPeak" value="1537846" unit="Angstrom" ucd="em.wl" datatype="float" >
       <DESCRIPTION>Peak wavelength. Defined as the lambda value with larger transmission</DESCRIPTION>
    </PARAM>
    <PARAM name="WavelengthPhot" value="1536888.05366" unit="Angstrom" ucd="em.wl" datatype="float" >
       <DESCRIPTION>Photon distribution based effective wavelength. Defined as integ[x^2*filter(x)*vega(x) dx]/integ[x*filter(x)*vega(x) dx]</DESCRIPTION>
    </PARAM>
    <PARAM name="FWHM" value="345472.029174" unit="Angstrom" ucd="instr.bandwidth" datatype="float" >
       <DESCRIPTION>Full width at half maximum. Defined as the difference between the two wavelengths for which filter transmission is half maximum</DESCRIPTION>
    </PARAM>
    <PARAM name="PhotCalID" value="Spitzer/MIPS.160mu/Vega" ucd="meta.id" utype="photdm:PhotCal.identifier" datatype="char" arraysize="*"/>
    <PARAM name="MagSys" value="Vega" ucd="meta.code" utype="photdm:PhotCal.MagnitudeSystem.type" datatype="char" arraysize="*"/>
    <PARAM name="ZeroPoint" value="0.157904383697" unit="Jy" ucd="phot.flux.density" utype="photdm:PhotCal.ZeroPoint.Flux.value" datatype="float" />
    <PARAM name="ZeroPointUnit" value="Jy" ucd="meta.unit" utype="photdm:PhotCal.ZeroPoint.Flux.unit" datatype="char" arraysize="*"/>
    <PARAM name="ZeroPointType" value="Pogson" ucd="meta.code" utype="photdm:PhotCal.ZeroPoint.type" datatype="char" arraysize="*"/>
    <TABLE utype="photdm:PhotometryFilter.transmissionCurve.spectrum">
      <FIELD name="Wavelength" utype="spec:Data.SpectralAxis.Value" ucd="em.wl" unit="Angstrom" datatype="float"/>
      <FIELD name="Transmission" utype="spec:Data.FluxAxis.Value" ucd="phys.transmission" unit="" datatype="float"/>
      <DATA>
        <TABLEDATA>
          <TR>
            <TD>1000851.0</TD>
            <TD>0.0004470000</TD>
          </TR>
          <TR>
            <TD>1002105.0</TD>
            <TD>0.0004740000</TD>
          </TR>
          <TR>
            <TD>1003363.0</TD>
            <TD>0.0003670000</TD>
          </TR>
          <TR>
            <TD>1004623.0</TD>
            <TD>0.0004070000</TD>
          </TR>
          <TR>
            <TD>1005887.0</TD>
            <TD>0.0004720000</TD>
          </TR>
          <TR>
            <TD>1007154.0</TD>
            <TD>0.0004940000</TD>
          </TR>
          <TR>
            <TD>1008424.0</TD>
            <TD>0.0005390000</TD>
          </TR>
          <TR>
            <TD>1009697.0</TD>
            <TD>0.0005890000</TD>
          </TR>
          <TR>
            <TD>1010974.0</TD>
            <TD>0.0005530000</TD>
          </TR>
          <TR>
            <TD>1012253.0</TD>
            <TD>0.0005480000</TD>
          </TR>
          <TR>
            <TD>1013536.0</TD>
            <TD>0.0006800000</TD>
          </TR>
          <TR>
            <TD>1014822.0</TD>
            <TD>0.0007000000</TD>
          </TR>
          <TR>
            <TD>1016112.0</TD>
            <TD>0.0005960000</TD>
          </TR>
          <TR>
            <TD>1017405.0</TD>
            <TD>0.0005570000</TD>
          </TR>
          <TR>
            <TD>1018701.0</TD>
            <TD>0.0006410000</TD>
          </TR>
          <TR>
            <TD>1020000.0</TD>
            <TD>0.0007240000</TD>
          </TR>
          <TR>
            <TD>1021303.0</TD>
            <TD>0.0006770000</TD>
          </TR>
          <TR>
            <TD>1022609.0</TD>
            <TD>0.0007150000</TD>
          </TR>
          <TR>
            <TD>1023918.0</TD>
            <TD>0.0007660000</TD>
          </TR>
          <TR>
            <TD>1025231.0</TD>
            <TD>0.0006650000</TD>
          </TR>
          <TR>
            <TD>1026547.0</TD>
            <TD>0.0007250000</TD>
          </TR>
          <TR>
            <TD>1027866.0</TD>
            <TD>0.0007150000</TD>
          </TR>
          <TR>
            <TD>1029189.0</TD>
            <TD>0.0007190000</TD>
          </TR>
          <TR>
            <TD>1030516.0</TD>
            <TD>0.0007990000</TD>
          </TR>
          <TR>
            <TD>1031845.0</TD>
            <TD>0.0007490000</TD>
          </TR>
          <TR>
            <TD>1033178.0</TD>
            <TD>0.0007520000</TD>
          </TR>
          <TR>
            <TD>1034515.0</TD>
            <TD>0.0007890000</TD>
          </TR>
          <TR>
            <TD>1035855.0</TD>
            <TD>0.0008220000</TD>
          </TR>
          <TR>
            <TD>1037199.0</TD>
            <TD>0.0008460000</TD>
          </TR>
          <TR>
            <TD>1038546.0</TD>
            <TD>0.0008190000</TD>
          </TR>
          <TR>
            <TD>1039896.0</TD>
            <TD>0.0007860000</TD>
          </TR>
          <TR>
            <TD>1041250.0</TD>
            <TD>0.0007970000</TD>
          </TR>
          <TR>
            <TD>1042608.0</TD>
            <TD>0.0009000000</TD>
          </TR>
          <TR>
            <TD>1043969.0</TD>
            <TD>0.0009660000</TD>
          </TR>
          <TR>
            <TD>1045334.0</TD>
            <TD>0.0009520000</TD>
          </TR>
          <TR>
            <TD>1046702.0</TD>
            <TD>0.0008080000</TD>
          </TR>
          <TR>
            <TD>1048074.0</TD>
            <TD>0.0007380000</TD>
          </TR>
          <TR>
            <TD>1049449.0</TD>
            <TD>0.0008190000</TD>
          </TR>
          <TR>
            <TD>1050828.0</TD>
            <TD>0.0009270000</TD>
          </TR>
          <TR>
            <TD>1052211.0</TD>
            <TD>0.0009320000</TD>
          </TR>
          <TR>
            <TD>1053597.0</TD>
            <TD>0.0008310000</TD>
          </TR>
          <TR>
            <TD>1054987.0</TD>
            <TD>0.0007920000</TD>
          </TR>
          <TR>
            <TD>1056381.0</TD>
            <TD>0.0007960000</TD>
          </TR>
          <TR>
            <TD>1057778.0</TD>
            <TD>0.0008190000</TD>
          </TR>
          <TR>
            <TD>1059179.0</TD>
            <TD>0.0008700000</TD>
          </TR>
          <TR>
            <TD>1060584.0</TD>
            <TD>0.0009040000</TD>
          </TR>
          <TR>
            <TD>1061992.0</TD>
            <TD>0.0009240000</TD>
          </TR>
          <TR>
            <TD>1063404.0</TD>
            <TD>0.0008890000</TD>
          </TR>
          <TR>
            <TD>1064820.0</TD>
            <TD>0.0009010000</TD>
          </TR>
          <TR>
            <TD>1066240.0</TD>
            <TD>0.0009430000</TD>
          </TR>
          <TR>
            <TD>1067664.0</TD>
            <TD>0.0008810000</TD>
          </TR>
          <TR>
            <TD>1069091.0</TD>
            <TD>0.0007960000</TD>
          </TR>
          <TR>
            <TD>1070522.0</TD>
            <TD>0.0008660000</TD>
          </TR>
          <TR>
            <TD>1071957.0</TD>
            <TD>0.0009430000</TD>
          </TR>
          <TR>
            <TD>1073396.0</TD>
            <TD>0.0009320000</TD>
          </TR>
          <TR>
            <TD>1074839.0</TD>
            <TD>0.0010090000</TD>
          </TR>
          <TR>
            <TD>1076286.0</TD>
            <TD>0.0009360000</TD>
          </TR>
          <TR>
            <TD>1077736.0</TD>
            <TD>0.0008030000</TD>
          </TR>
          <TR>
            <TD>1079190.0</TD>
            <TD>0.0009970000</TD>
          </TR>
          <TR>
            <TD>1080649.0</TD>
            <TD>0.0011140000</TD>
          </TR>
          <TR>
            <TD>1082111.0</TD>
            <TD>0.0010610000</TD>
          </TR>
          <TR>
            <TD>1083577.0</TD>
            <TD>0.0010210000</TD>
          </TR>
          <TR>
            <TD>1085048.0</TD>
            <TD>0.0009810000</TD>
          </TR>
          <TR>
            <TD>1086522.0</TD>
            <TD>0.0009170000</TD>
          </TR>
          <TR>
            <TD>1088000.0</TD>
            <TD>0.0009330000</TD>
          </TR>
          <TR>
            <TD>1089482.0</TD>
            <TD>0.0009370000</TD>
          </TR>
          <TR>
            <TD>1090969.0</TD>
            <TD>0.0008760000</TD>
          </TR>
          <TR>
            <TD>1092459.0</TD>
            <TD>0.0008640000</TD>
          </TR>
          <TR>
            <TD>1093954.0</TD>
            <TD>0.0008830000</TD>
          </TR>
          <TR>
            <TD>1095452.0</TD>
            <TD>0.0010110000</TD>
          </TR>
          <TR>
            <TD>1096955.0</TD>
            <TD>0.0011490000</TD>
          </TR>
          <TR>
            <TD>1098462.0</TD>
            <TD>0.0012160000</TD>
          </TR>
          <TR>
            <TD>1099973.0</TD>
            <TD>0.0012420000</TD>
          </TR>
          <TR>
            <TD>1101488.0</TD>
            <TD>0.0012550000</TD>
          </TR>
          <TR>
            <TD>1103007.0</TD>
            <TD>0.0012110000</TD>
          </TR>
          <TR>
            <TD>1104531.0</TD>
            <TD>0.0012160000</TD>
          </TR>
          <TR>
            <TD>1106058.0</TD>
            <TD>0.0012880000</TD>
          </TR>
          <TR>
            <TD>1107590.0</TD>
            <TD>0.0012820000</TD>
          </TR>
          <TR>
            <TD>1109126.0</TD>
            <TD>0.0013840000</TD>
          </TR>
          <TR>
            <TD>1110667.0</TD>
            <TD>0.0014550000</TD>
          </TR>
          <TR>
            <TD>1112212.0</TD>
            <TD>0.0015130000</TD>
          </TR>
          <TR>
            <TD>1113761.0</TD>
            <TD>0.0014420000</TD>
          </TR>
          <TR>
            <TD>1115314.0</TD>
            <TD>0.0014550000</TD>
          </TR>
          <TR>
            <TD>1116872.0</TD>
            <TD>0.0015390000</TD>
          </TR>
          <TR>
            <TD>1118434.0</TD>
            <TD>0.0014770000</TD>
          </TR>
          <TR>
            <TD>1120000.0</TD>
            <TD>0.0015620000</TD>
          </TR>
          <TR>
            <TD>1121571.0</TD>
            <TD>0.0015870000</TD>
          </TR>
          <TR>
            <TD>1123146.0</TD>
            <TD>0.0015180000</TD>
          </TR>
          <TR>
            <TD>1124726.0</TD>
            <TD>0.0014720000</TD>
          </TR>
          <TR>
            <TD>1126310.0</TD>
            <TD>0.0015100000</TD>
          </TR>
          <TR>
            <TD>1127899.0</TD>
            <TD>0.0014890000</TD>
          </TR>
          <TR>
            <TD>1129492.0</TD>
            <TD>0.0015180000</TD>
          </TR>
          <TR>
            <TD>1131089.0</TD>
            <TD>0.0016680000</TD>
          </TR>
          <TR>
            <TD>1132691.0</TD>
            <TD>0.0018090000</TD>
          </TR>
          <TR>
            <TD>1134298.0</TD>
            <TD>0.0017970000</TD>
          </TR>
          <TR>
            <TD>1135909.0</TD>
            <TD>0.0018510000</TD>
          </TR>
          <TR>
            <TD>1137525.0</TD>
            <TD>0.0018180000</TD>
          </TR>
          <TR>
            <TD>1139145.0</TD>
            <TD>0.0020910000</TD>
          </TR>
          <TR>
            <TD>1140771.0</TD>
            <TD>0.0022030000</TD>
          </TR>
          <TR>
            <TD>1142400.0</TD>
            <TD>0.0021790000</TD>
          </TR>
          <TR>
            <TD>1144035.0</TD>
            <TD>0.0022220000</TD>
          </TR>
          <TR>
            <TD>1145674.0</TD>
            <TD>0.0021930000</TD>
          </TR>
          <TR>
            <TD>1147317.0</TD>
            <TD>0.0023680000</TD>
          </TR>
          <TR>
            <TD>1148966.0</TD>
            <TD>0.0026350000</TD>
          </TR>
          <TR>
            <TD>1150619.0</TD>
            <TD>0.0027080000</TD>
          </TR>
          <TR>
            <TD>1152277.0</TD>
            <TD>0.0027660000</TD>
          </TR>
          <TR>
            <TD>1153940.0</TD>
            <TD>0.0032030000</TD>
          </TR>
          <TR>
            <TD>1155607.0</TD>
            <TD>0.0035200000</TD>
          </TR>
          <TR>
            <TD>1157279.0</TD>
            <TD>0.0036540000</TD>
          </TR>
          <TR>
            <TD>1158957.0</TD>
            <TD>0.0039830000</TD>
          </TR>
          <TR>
            <TD>1160639.0</TD>
            <TD>0.0041970000</TD>
          </TR>
          <TR>
            <TD>1162326.0</TD>
            <TD>0.0042520000</TD>
          </TR>
          <TR>
            <TD>1164018.0</TD>
            <TD>0.0042760000</TD>
          </TR>
          <TR>
            <TD>1165714.0</TD>
            <TD>0.0045260000</TD>
          </TR>
          <TR>
            <TD>1167416.0</TD>
            <TD>0.0048010000</TD>
          </TR>
          <TR>
            <TD>1169123.0</TD>
            <TD>0.0050020000</TD>
          </TR>
          <TR>
            <TD>1170835.0</TD>
            <TD>0.0055360000</TD>
          </TR>
          <TR>
            <TD>1172552.0</TD>
            <TD>0.0054230000</TD>
          </TR>
          <TR>
            <TD>1174273.0</TD>
            <TD>0.0056230000</TD>
          </TR>
          <TR>
            <TD>1176000.0</TD>
            <TD>0.0059420000</TD>
          </TR>
          <TR>
            <TD>1177732.0</TD>
            <TD>0.0062420000</TD>
          </TR>
          <TR>
            <TD>1179469.0</TD>
            <TD>0.0063480000</TD>
          </TR>
          <TR>
            <TD>1181211.0</TD>
            <TD>0.0063350000</TD>
          </TR>
          <TR>
            <TD>1182959.0</TD>
            <TD>0.0064410000</TD>
          </TR>
          <TR>
            <TD>1184711.0</TD>
            <TD>0.0066150000</TD>
          </TR>
          <TR>
            <TD>1186469.0</TD>
            <TD>0.0072400000</TD>
          </TR>
          <TR>
            <TD>1188232.0</TD>
            <TD>0.0075510000</TD>
          </TR>
          <TR>
            <TD>1190000.0</TD>
            <TD>0.0080080000</TD>
          </TR>
          <TR>
            <TD>1191774.0</TD>
            <TD>0.0082840000</TD>
          </TR>
          <TR>
            <TD>1193552.0</TD>
            <TD>0.0086400000</TD>
          </TR>
          <TR>
            <TD>1195337.0</TD>
            <TD>0.0089830000</TD>
          </TR>
          <TR>
            <TD>1197126.0</TD>
            <TD>0.0091910000</TD>
          </TR>
          <TR>
            <TD>1198921.0</TD>
            <TD>0.0094070000</TD>
          </TR>
          <TR>
            <TD>1200721.0</TD>
            <TD>0.0096080000</TD>
          </TR>
          <TR>
            <TD>1202527.0</TD>
            <TD>0.0099910000</TD>
          </TR>
          <TR>
            <TD>1204338.0</TD>
            <TD>0.0101520000</TD>
          </TR>
          <TR>
            <TD>1206154.0</TD>
            <TD>0.0105870000</TD>
          </TR>
          <TR>
            <TD>1207976.0</TD>
            <TD>0.0113190000</TD>
          </TR>
          <TR>
            <TD>1209804.0</TD>
            <TD>0.0118180000</TD>
          </TR>
          <TR>
            <TD>1211637.0</TD>
            <TD>0.0120910000</TD>
          </TR>
          <TR>
            <TD>1213475.0</TD>
            <TD>0.0123640000</TD>
          </TR>
          <TR>
            <TD>1215319.0</TD>
            <TD>0.0129360000</TD>
          </TR>
          <TR>
            <TD>1217169.0</TD>
            <TD>0.0134220000</TD>
          </TR>
          <TR>
            <TD>1219025.0</TD>
            <TD>0.0141210000</TD>
          </TR>
          <TR>
            <TD>1220886.0</TD>
            <TD>0.0148130000</TD>
          </TR>
          <TR>
            <TD>1222752.0</TD>
            <TD>0.0152290000</TD>
          </TR>
          <TR>
            <TD>1224625.0</TD>
            <TD>0.0165040000</TD>
          </TR>
          <TR>
            <TD>1226503.0</TD>
            <TD>0.0174050000</TD>
          </TR>
          <TR>
            <TD>1228387.0</TD>
            <TD>0.0179460000</TD>
          </TR>
          <TR>
            <TD>1230277.0</TD>
            <TD>0.0186050000</TD>
          </TR>
          <TR>
            <TD>1232173.0</TD>
            <TD>0.0194640000</TD>
          </TR>
          <TR>
            <TD>1234074.0</TD>
            <TD>0.0206630000</TD>
          </TR>
          <TR>
            <TD>1235982.0</TD>
            <TD>0.0218280000</TD>
          </TR>
          <TR>
            <TD>1237895.0</TD>
            <TD>0.0226740000</TD>
          </TR>
          <TR>
            <TD>1239814.0</TD>
            <TD>0.0237270000</TD>
          </TR>
          <TR>
            <TD>1241739.0</TD>
            <TD>0.0259790000</TD>
          </TR>
          <TR>
            <TD>1243670.0</TD>
            <TD>0.0279420000</TD>
          </TR>
          <TR>
            <TD>1245608.0</TD>
            <TD>0.0292830000</TD>
          </TR>
          <TR>
            <TD>1247551.0</TD>
            <TD>0.0306810000</TD>
          </TR>
          <TR>
            <TD>1249500.0</TD>
            <TD>0.0325410000</TD>
          </TR>
          <TR>
            <TD>1251456.0</TD>
            <TD>0.0342930000</TD>
          </TR>
          <TR>
            <TD>1253417.0</TD>
            <TD>0.0362610000</TD>
          </TR>
          <TR>
            <TD>1255385.0</TD>
            <TD>0.0381570000</TD>
          </TR>
          <TR>
            <TD>1257359.0</TD>
            <TD>0.0403490000</TD>
          </TR>
          <TR>
            <TD>1259339.0</TD>
            <TD>0.0433150000</TD>
          </TR>
          <TR>
            <TD>1261325.0</TD>
            <TD>0.0463260000</TD>
          </TR>
          <TR>
            <TD>1263318.0</TD>
            <TD>0.0491150000</TD>
          </TR>
          <TR>
            <TD>1265317.0</TD>
            <TD>0.0516960000</TD>
          </TR>
          <TR>
            <TD>1267322.0</TD>
            <TD>0.0546330000</TD>
          </TR>
          <TR>
            <TD>1269334.0</TD>
            <TD>0.0578370000</TD>
          </TR>
          <TR>
            <TD>1271352.0</TD>
            <TD>0.0608630000</TD>
          </TR>
          <TR>
            <TD>1273376.0</TD>
            <TD>0.0636070000</TD>
          </TR>
          <TR>
            <TD>1275407.0</TD>
            <TD>0.0669600000</TD>
          </TR>
          <TR>
            <TD>1277444.0</TD>
            <TD>0.0712320000</TD>
          </TR>
          <TR>
            <TD>1279488.0</TD>
            <TD>0.0766050000</TD>
          </TR>
          <TR>
            <TD>1281539.0</TD>
            <TD>0.0809610000</TD>
          </TR>
          <TR>
            <TD>1283596.0</TD>
            <TD>0.0855660000</TD>
          </TR>
          <TR>
            <TD>1285659.0</TD>
            <TD>0.0896460000</TD>
          </TR>
          <TR>
            <TD>1287730.0</TD>
            <TD>0.0943420000</TD>
          </TR>
          <TR>
            <TD>1289807.0</TD>
            <TD>0.0997030000</TD>
          </TR>
          <TR>
            <TD>1291890.0</TD>
            <TD>0.1044910000</TD>
          </TR>
          <TR>
            <TD>1293981.0</TD>
            <TD>0.1094020000</TD>
          </TR>
          <TR>
            <TD>1296078.0</TD>
            <TD>0.1149450000</TD>
          </TR>
          <TR>
            <TD>1298182.0</TD>
            <TD>0.1204420000</TD>
          </TR>
          <TR>
            <TD>1300293.0</TD>
            <TD>0.1275140000</TD>
          </TR>
          <TR>
            <TD>1302411.0</TD>
            <TD>0.1345960000</TD>
          </TR>
          <TR>
            <TD>1304535.0</TD>
            <TD>0.1388640000</TD>
          </TR>
          <TR>
            <TD>1306667.0</TD>
            <TD>0.1461230000</TD>
          </TR>
          <TR>
            <TD>1308805.0</TD>
            <TD>0.1503310000</TD>
          </TR>
          <TR>
            <TD>1310951.0</TD>
            <TD>0.1575030000</TD>
          </TR>
          <TR>
            <TD>1313104.0</TD>
            <TD>0.1620070000</TD>
          </TR>
          <TR>
            <TD>1315263.0</TD>
            <TD>0.1700090000</TD>
          </TR>
          <TR>
            <TD>1317430.0</TD>
            <TD>0.1743700000</TD>
          </TR>
          <TR>
            <TD>1319604.0</TD>
            <TD>0.1820980000</TD>
          </TR>
          <TR>
            <TD>1321785.0</TD>
            <TD>0.1878040000</TD>
          </TR>
          <TR>
            <TD>1323974.0</TD>
            <TD>0.1957490000</TD>
          </TR>
          <TR>
            <TD>1326169.0</TD>
            <TD>0.2005130000</TD>
          </TR>
          <TR>
            <TD>1328372.0</TD>
            <TD>0.2087060000</TD>
          </TR>
          <TR>
            <TD>1330583.0</TD>
            <TD>0.2133230000</TD>
          </TR>
          <TR>
            <TD>1332800.0</TD>
            <TD>0.2223230000</TD>
          </TR>
          <TR>
            <TD>1335025.0</TD>
            <TD>0.2269490000</TD>
          </TR>
          <TR>
            <TD>1337258.0</TD>
            <TD>0.2312590000</TD>
          </TR>
          <TR>
            <TD>1339498.0</TD>
            <TD>0.2392670000</TD>
          </TR>
          <TR>
            <TD>1341745.0</TD>
            <TD>0.2419750000</TD>
          </TR>
          <TR>
            <TD>1344000.0</TD>
            <TD>0.2499690000</TD>
          </TR>
          <TR>
            <TD>1346263.0</TD>
            <TD>0.2594550000</TD>
          </TR>
          <TR>
            <TD>1348533.0</TD>
            <TD>0.2685230000</TD>
          </TR>
          <TR>
            <TD>1350811.0</TD>
            <TD>0.2773110000</TD>
          </TR>
          <TR>
            <TD>1353097.0</TD>
            <TD>0.2852250000</TD>
          </TR>
          <TR>
            <TD>1355390.0</TD>
            <TD>0.2936490000</TD>
          </TR>
          <TR>
            <TD>1357691.0</TD>
            <TD>0.3021120000</TD>
          </TR>
          <TR>
            <TD>1360000.0</TD>
            <TD>0.3108230000</TD>
          </TR>
          <TR>
            <TD>1362317.0</TD>
            <TD>0.3188010000</TD>
          </TR>
          <TR>
            <TD>1364642.0</TD>
            <TD>0.3228650000</TD>
          </TR>
          <TR>
            <TD>1366975.0</TD>
            <TD>0.3341760000</TD>
          </TR>
          <TR>
            <TD>1369315.0</TD>
            <TD>0.3486800000</TD>
          </TR>
          <TR>
            <TD>1371664.0</TD>
            <TD>0.3561990000</TD>
          </TR>
          <TR>
            <TD>1374021.0</TD>
            <TD>0.3708310000</TD>
          </TR>
          <TR>
            <TD>1376386.0</TD>
            <TD>0.3857310000</TD>
          </TR>
          <TR>
            <TD>1378759.0</TD>
            <TD>0.4004230000</TD>
          </TR>
          <TR>
            <TD>1381140.0</TD>
            <TD>0.4145830000</TD>
          </TR>
          <TR>
            <TD>1383530.0</TD>
            <TD>0.4298780000</TD>
          </TR>
          <TR>
            <TD>1385927.0</TD>
            <TD>0.4450000000</TD>
          </TR>
          <TR>
            <TD>1388334.0</TD>
            <TD>0.4579520000</TD>
          </TR>
          <TR>
            <TD>1390748.0</TD>
            <TD>0.4659730000</TD>
          </TR>
          <TR>
            <TD>1393171.0</TD>
            <TD>0.4802370000</TD>
          </TR>
          <TR>
            <TD>1395602.0</TD>
            <TD>0.4954820000</TD>
          </TR>
          <TR>
            <TD>1398042.0</TD>
            <TD>0.5098540000</TD>
          </TR>
          <TR>
            <TD>1400491.0</TD>
            <TD>0.5322260000</TD>
          </TR>
          <TR>
            <TD>1402948.0</TD>
            <TD>0.5477510000</TD>
          </TR>
          <TR>
            <TD>1405413.0</TD>
            <TD>0.5623690000</TD>
          </TR>
          <TR>
            <TD>1407888.0</TD>
            <TD>0.5849990000</TD>
          </TR>
          <TR>
            <TD>1410371.0</TD>
            <TD>0.6080220000</TD>
          </TR>
          <TR>
            <TD>1412862.0</TD>
            <TD>0.6292900000</TD>
          </TR>
          <TR>
            <TD>1415363.0</TD>
            <TD>0.6451160000</TD>
          </TR>
          <TR>
            <TD>1417873.0</TD>
            <TD>0.6584100000</TD>
          </TR>
          <TR>
            <TD>1420391.0</TD>
            <TD>0.6715910000</TD>
          </TR>
          <TR>
            <TD>1422918.0</TD>
            <TD>0.6757740000</TD>
          </TR>
          <TR>
            <TD>1425455.0</TD>
            <TD>0.6884790000</TD>
          </TR>
          <TR>
            <TD>1428000.0</TD>
            <TD>0.7002920000</TD>
          </TR>
          <TR>
            <TD>1430555.0</TD>
            <TD>0.7024980000</TD>
          </TR>
          <TR>
            <TD>1433119.0</TD>
            <TD>0.7158880000</TD>
          </TR>
          <TR>
            <TD>1435691.0</TD>
            <TD>0.7282600000</TD>
          </TR>
          <TR>
            <TD>1438274.0</TD>
            <TD>0.7404540000</TD>
          </TR>
          <TR>
            <TD>1440865.0</TD>
            <TD>0.7419690000</TD>
          </TR>
          <TR>
            <TD>1443466.0</TD>
            <TD>0.7545910000</TD>
          </TR>
          <TR>
            <TD>1446076.0</TD>
            <TD>0.7571510000</TD>
          </TR>
          <TR>
            <TD>1448696.0</TD>
            <TD>0.7687150000</TD>
          </TR>
          <TR>
            <TD>1451325.0</TD>
            <TD>0.7705940000</TD>
          </TR>
          <TR>
            <TD>1453964.0</TD>
            <TD>0.7843530000</TD>
          </TR>
          <TR>
            <TD>1456612.0</TD>
            <TD>0.7869920000</TD>
          </TR>
          <TR>
            <TD>1459270.0</TD>
            <TD>0.7985930000</TD>
          </TR>
          <TR>
            <TD>1461938.0</TD>
            <TD>0.8043200000</TD>
          </TR>
          <TR>
            <TD>1464616.0</TD>
            <TD>0.8123170000</TD>
          </TR>
          <TR>
            <TD>1467303.0</TD>
            <TD>0.8132380000</TD>
          </TR>
          <TR>
            <TD>1470000.0</TD>
            <TD>0.8236840000</TD>
          </TR>
          <TR>
            <TD>1472707.0</TD>
            <TD>0.8346490000</TD>
          </TR>
          <TR>
            <TD>1475425.0</TD>
            <TD>0.8476350000</TD>
          </TR>
          <TR>
            <TD>1478152.0</TD>
            <TD>0.8590120000</TD>
          </TR>
          <TR>
            <TD>1480889.0</TD>
            <TD>0.8689080000</TD>
          </TR>
          <TR>
            <TD>1483637.0</TD>
            <TD>0.8799650000</TD>
          </TR>
          <TR>
            <TD>1486394.0</TD>
            <TD>0.8910540000</TD>
          </TR>
          <TR>
            <TD>1489162.0</TD>
            <TD>0.8985510000</TD>
          </TR>
          <TR>
            <TD>1491941.0</TD>
            <TD>0.9008320000</TD>
          </TR>
          <TR>
            <TD>1494729.0</TD>
            <TD>0.9120810000</TD>
          </TR>
          <TR>
            <TD>1497528.0</TD>
            <TD>0.9234890000</TD>
          </TR>
          <TR>
            <TD>1500338.0</TD>
            <TD>0.9332710000</TD>
          </TR>
          <TR>
            <TD>1503158.0</TD>
            <TD>0.9422130000</TD>
          </TR>
          <TR>
            <TD>1505989.0</TD>
            <TD>0.9518610000</TD>
          </TR>
          <TR>
            <TD>1508830.0</TD>
            <TD>0.9617710000</TD>
          </TR>
          <TR>
            <TD>1511683.0</TD>
            <TD>0.9720940000</TD>
          </TR>
          <TR>
            <TD>1514546.0</TD>
            <TD>0.9813950000</TD>
          </TR>
          <TR>
            <TD>1517420.0</TD>
            <TD>0.9944760000</TD>
          </TR>
          <TR>
            <TD>1520304.0</TD>
            <TD>0.9997490000</TD>
          </TR>
          <TR>
            <TD>1523200.0</TD>
            <TD>0.9991510000</TD>
          </TR>
          <TR>
            <TD>1526107.0</TD>
            <TD>0.9975480000</TD>
          </TR>
          <TR>
            <TD>1529025.0</TD>
            <TD>0.9957000000</TD>
          </TR>
          <TR>
            <TD>1531954.0</TD>
            <TD>0.9950620000</TD>
          </TR>
          <TR>
            <TD>1534895.0</TD>
            <TD>0.9936760000</TD>
          </TR>
          <TR>
            <TD>1537846.0</TD>
            <TD>1.0000000000</TD>
          </TR>
          <TR>
            <TD>1540809.0</TD>
            <TD>0.9983530000</TD>
          </TR>
          <TR>
            <TD>1543784.0</TD>
            <TD>0.9975020000</TD>
          </TR>
          <TR>
            <TD>1546770.0</TD>
            <TD>0.9950630000</TD>
          </TR>
          <TR>
            <TD>1549768.0</TD>
            <TD>0.9932750000</TD>
          </TR>
          <TR>
            <TD>1552777.0</TD>
            <TD>0.9929450000</TD>
          </TR>
          <TR>
            <TD>1555798.0</TD>
            <TD>0.9807010000</TD>
          </TR>
          <TR>
            <TD>1558831.0</TD>
            <TD>0.9777390000</TD>
          </TR>
          <TR>
            <TD>1561875.0</TD>
            <TD>0.9757560000</TD>
          </TR>
          <TR>
            <TD>1564932.0</TD>
            <TD>0.9655440000</TD>
          </TR>
          <TR>
            <TD>1568000.0</TD>
            <TD>0.9636340000</TD>
          </TR>
          <TR>
            <TD>1571081.0</TD>
            <TD>0.9607700000</TD>
          </TR>
          <TR>
            <TD>1574173.0</TD>
            <TD>0.9542580000</TD>
          </TR>
          <TR>
            <TD>1577278.0</TD>
            <TD>0.9577570000</TD>
          </TR>
          <TR>
            <TD>1580396.0</TD>
            <TD>0.9553370000</TD>
          </TR>
          <TR>
            <TD>1583525.0</TD>
            <TD>0.9526070000</TD>
          </TR>
          <TR>
            <TD>1586667.0</TD>
            <TD>0.9507780000</TD>
          </TR>
          <TR>
            <TD>1589821.0</TD>
            <TD>0.9597100000</TD>
          </TR>
          <TR>
            <TD>1592988.0</TD>
            <TD>0.9570480000</TD>
          </TR>
          <TR>
            <TD>1596168.0</TD>
            <TD>0.9540590000</TD>
          </TR>
          <TR>
            <TD>1599360.0</TD>
            <TD>0.9508790000</TD>
          </TR>
          <TR>
            <TD>1602565.0</TD>
            <TD>0.9493850000</TD>
          </TR>
          <TR>
            <TD>1605783.0</TD>
            <TD>0.9473780000</TD>
          </TR>
          <TR>
            <TD>1609014.0</TD>
            <TD>0.9466680000</TD>
          </TR>
          <TR>
            <TD>1612258.0</TD>
            <TD>0.9469530000</TD>
          </TR>
          <TR>
            <TD>1615515.0</TD>
            <TD>0.9478910000</TD>
          </TR>
          <TR>
            <TD>1618786.0</TD>
            <TD>0.9557650000</TD>
          </TR>
          <TR>
            <TD>1622069.0</TD>
            <TD>0.9535000000</TD>
          </TR>
          <TR>
            <TD>1625366.0</TD>
            <TD>0.9541590000</TD>
          </TR>
          <TR>
            <TD>1628676.0</TD>
            <TD>0.9560260000</TD>
          </TR>
          <TR>
            <TD>1632000.0</TD>
            <TD>0.9560260000</TD>
          </TR>
          <TR>
            <TD>1635338.0</TD>
            <TD>0.9649620000</TD>
          </TR>
          <TR>
            <TD>1638689.0</TD>
            <TD>0.9654610000</TD>
          </TR>
          <TR>
            <TD>1642054.0</TD>
            <TD>0.9650310000</TD>
          </TR>
          <TR>
            <TD>1645432.0</TD>
            <TD>0.9637970000</TD>
          </TR>
          <TR>
            <TD>1648825.0</TD>
            <TD>0.9534180000</TD>
          </TR>
          <TR>
            <TD>1652232.0</TD>
            <TD>0.9518260000</TD>
          </TR>
          <TR>
            <TD>1655652.0</TD>
            <TD>0.9490670000</TD>
          </TR>
          <TR>
            <TD>1659087.0</TD>
            <TD>0.9449640000</TD>
          </TR>
          <TR>
            <TD>1662537.0</TD>
            <TD>0.9312340000</TD>
          </TR>
          <TR>
            <TD>1666000.0</TD>
            <TD>0.9265870000</TD>
          </TR>
          <TR>
            <TD>1669478.0</TD>
            <TD>0.9208680000</TD>
          </TR>
          <TR>
            <TD>1672971.0</TD>
            <TD>0.9135800000</TD>
          </TR>
          <TR>
            <TD>1676478.0</TD>
            <TD>0.8985480000</TD>
          </TR>
          <TR>
            <TD>1680000.0</TD>
            <TD>0.8805140000</TD>
          </TR>
          <TR>
            <TD>1683537.0</TD>
            <TD>0.8615040000</TD>
          </TR>
          <TR>
            <TD>1687089.0</TD>
            <TD>0.8526930000</TD>
          </TR>
          <TR>
            <TD>1690656.0</TD>
            <TD>0.8339050000</TD>
          </TR>
          <TR>
            <TD>1694238.0</TD>
            <TD>0.8204300000</TD>
          </TR>
          <TR>
            <TD>1697835.0</TD>
            <TD>0.7975710000</TD>
          </TR>
          <TR>
            <TD>1701447.0</TD>
            <TD>0.7844590000</TD>
          </TR>
          <TR>
            <TD>1705075.0</TD>
            <TD>0.7598770000</TD>
          </TR>
          <TR>
            <TD>1708718.0</TD>
            <TD>0.7406170000</TD>
          </TR>
          <TR>
            <TD>1712377.0</TD>
            <TD>0.7113540000</TD>
          </TR>
          <TR>
            <TD>1716052.0</TD>
            <TD>0.6847080000</TD>
          </TR>
          <TR>
            <TD>1719742.0</TD>
            <TD>0.6572760000</TD>
          </TR>
          <TR>
            <TD>1723449.0</TD>
            <TD>0.6298940000</TD>
          </TR>
          <TR>
            <TD>1727171.0</TD>
            <TD>0.6106680000</TD>
          </TR>
          <TR>
            <TD>1730909.0</TD>
            <TD>0.5833450000</TD>
          </TR>
          <TR>
            <TD>1734664.0</TD>
            <TD>0.5551740000</TD>
          </TR>
          <TR>
            <TD>1738435.0</TD>
            <TD>0.5276460000</TD>
          </TR>
          <TR>
            <TD>1742223.0</TD>
            <TD>0.4969000000</TD>
          </TR>
          <TR>
            <TD>1746026.0</TD>
            <TD>0.4714990000</TD>
          </TR>
          <TR>
            <TD>1749847.0</TD>
            <TD>0.4459060000</TD>
          </TR>
          <TR>
            <TD>1753684.0</TD>
            <TD>0.4193620000</TD>
          </TR>
          <TR>
            <TD>1757539.0</TD>
            <TD>0.3933000000</TD>
          </TR>
          <TR>
            <TD>1761410.0</TD>
            <TD>0.3688250000</TD>
          </TR>
          <TR>
            <TD>1765298.0</TD>
            <TD>0.3447540000</TD>
          </TR>
          <TR>
            <TD>1769204.0</TD>
            <TD>0.3259550000</TD>
          </TR>
          <TR>
            <TD>1773127.0</TD>
            <TD>0.3036000000</TD>
          </TR>
          <TR>
            <TD>1777067.0</TD>
            <TD>0.2825850000</TD>
          </TR>
          <TR>
            <TD>1781025.0</TD>
            <TD>0.2652380000</TD>
          </TR>
          <TR>
            <TD>1785000.0</TD>
            <TD>0.2501960000</TD>
          </TR>
          <TR>
            <TD>1788994.0</TD>
            <TD>0.2341940000</TD>
          </TR>
          <TR>
            <TD>1793005.0</TD>
            <TD>0.2192110000</TD>
          </TR>
          <TR>
            <TD>1797034.0</TD>
            <TD>0.2032290000</TD>
          </TR>
          <TR>
            <TD>1801081.0</TD>
            <TD>0.1899030000</TD>
          </TR>
          <TR>
            <TD>1805147.0</TD>
            <TD>0.1773660000</TD>
          </TR>
          <TR>
            <TD>1809231.0</TD>
            <TD>0.1660200000</TD>
          </TR>
          <TR>
            <TD>1813334.0</TD>
            <TD>0.1531600000</TD>
          </TR>
          <TR>
            <TD>1817455.0</TD>
            <TD>0.1430910000</TD>
          </TR>
          <TR>
            <TD>1821595.0</TD>
            <TD>0.1337210000</TD>
          </TR>
          <TR>
            <TD>1825754.0</TD>
            <TD>0.1254810000</TD>
          </TR>
          <TR>
            <TD>1829932.0</TD>
            <TD>0.1168890000</TD>
          </TR>
          <TR>
            <TD>1834129.0</TD>
            <TD>0.1090560000</TD>
          </TR>
          <TR>
            <TD>1838345.0</TD>
            <TD>0.1022760000</TD>
          </TR>
          <TR>
            <TD>1842581.0</TD>
            <TD>0.0957990000</TD>
          </TR>
          <TR>
            <TD>1846836.0</TD>
            <TD>0.0887470000</TD>
          </TR>
          <TR>
            <TD>1851111.0</TD>
            <TD>0.0835560000</TD>
          </TR>
          <TR>
            <TD>1855406.0</TD>
            <TD>0.0782060000</TD>
          </TR>
          <TR>
            <TD>1859721.0</TD>
            <TD>0.0729860000</TD>
          </TR>
          <TR>
            <TD>1864056.0</TD>
            <TD>0.0685670000</TD>
          </TR>
          <TR>
            <TD>1868412.0</TD>
            <TD>0.0642520000</TD>
          </TR>
          <TR>
            <TD>1872787.0</TD>
            <TD>0.0593040000</TD>
          </TR>
          <TR>
            <TD>1877183.0</TD>
            <TD>0.0549560000</TD>
          </TR>
          <TR>
            <TD>1881600.0</TD>
            <TD>0.0517050000</TD>
          </TR>
          <TR>
            <TD>1886038.0</TD>
            <TD>0.0477430000</TD>
          </TR>
          <TR>
            <TD>1890497.0</TD>
            <TD>0.0446620000</TD>
          </TR>
          <TR>
            <TD>1894977.0</TD>
            <TD>0.0411590000</TD>
          </TR>
          <TR>
            <TD>1899478.0</TD>
            <TD>0.0385850000</TD>
          </TR>
          <TR>
            <TD>1904000.0</TD>
            <TD>0.0356770000</TD>
          </TR>
          <TR>
            <TD>1908544.0</TD>
            <TD>0.0330440000</TD>
          </TR>
          <TR>
            <TD>1913110.0</TD>
            <TD>0.0306340000</TD>
          </TR>
          <TR>
            <TD>1917698.0</TD>
            <TD>0.0287460000</TD>
          </TR>
          <TR>
            <TD>1922308.0</TD>
            <TD>0.0267420000</TD>
          </TR>
          <TR>
            <TD>1926940.0</TD>
            <TD>0.0246300000</TD>
          </TR>
          <TR>
            <TD>1931595.0</TD>
            <TD>0.0228290000</TD>
          </TR>
          <TR>
            <TD>1936271.0</TD>
            <TD>0.0208960000</TD>
          </TR>
          <TR>
            <TD>1940971.0</TD>
            <TD>0.0194060000</TD>
          </TR>
          <TR>
            <TD>1945694.0</TD>
            <TD>0.0181990000</TD>
          </TR>
          <TR>
            <TD>1950439.0</TD>
            <TD>0.0169010000</TD>
          </TR>
          <TR>
            <TD>1955208.0</TD>
            <TD>0.0160010000</TD>
          </TR>
          <TR>
            <TD>1960000.0</TD>
            <TD>0.0149350000</TD>
          </TR>
          <TR>
            <TD>1964816.0</TD>
            <TD>0.0138810000</TD>
          </TR>
          <TR>
            <TD>1969655.0</TD>
            <TD>0.0130610000</TD>
          </TR>
          <TR>
            <TD>1974519.0</TD>
            <TD>0.0120650000</TD>
          </TR>
          <TR>
            <TD>1979406.0</TD>
            <TD>0.0112100000</TD>
          </TR>
          <TR>
            <TD>1984318.0</TD>
            <TD>0.0104500000</TD>
          </TR>
          <TR>
            <TD>1989254.0</TD>
            <TD>0.0096670000</TD>
          </TR>
          <TR>
            <TD>1994215.0</TD>
            <TD>0.0090830000</TD>
          </TR>
          <TR>
            <TD>1999200.0</TD>
            <TD>0.0085010000</TD>
          </TR>
        </TABLEDATA>
      </DATA>
    </TABLE>
  </RESOURCE>
</VOTABLE>
