<?xml version="1.0"?>
<VOTABLE version="1.1" xsi:schemaLocation="http://www.ivoa.net/xml/VOTable/v1.1" xmlns:xsi="http://www.w3.org/2001/XMLSchema-instance">
  <INFO name="QUERY_STATUS" value="OK"/>
  <RESOURCE type="results">
    <PARAM name="FilterProfileService" value="ivo://svo/fps" ucd="meta.ref.ivorn" utype="PhotometryFilter.fpsIdentifier" datatype="char" arraysize="*"/>
    <PARAM name="filterID" value="Swift/UVOT.UVM2" ucd="meta.id" utype="photdm:PhotometryFilter.identifier" datatype="char" arraysize="*"/>
    <PARAM name="WavelengthUnit" value="Angstrom" ucd="meta.unit" utype="PhotometryFilter.SpectralAxis.unit" datatype="char" arraysize="*"/>
    <PARAM name="WavelengthUCD" value="em.wl" ucd="meta.ucd" utype="PhotometryFilter.SpectralAxis.UCD" datatype="char" arraysize="*"/>
    <PARAM name="Description" value="UVOT UVM2 filter" ucd="meta.note" utype="photdm:PhotometryFilter.description" datatype="char" arraysize="*"/>
    <PARAM name="PhotSystem" value="UVOT" utype="photdm:PhotometricSystem.description" datatype="char" arraysize="*">
       <DESCRIPTION>Photometric system</DESCRIPTION>
    </PARAM>
    <PARAM name="Instrument" value="UVOT" ucd="instr" datatype="char" arraysize="*">
       <DESCRIPTION>Instrument</DESCRIPTION>
    </PARAM>
    <PARAM name="Facility" value="Swift" ucd="instr.obsty" datatype="char" arraysize="*">
       <DESCRIPTION>Observational facility</DESCRIPTION>
    </PARAM>
    <PARAM name="Description" value="UVOT UVM2 filter" ucd="meta.note" utype="photdm:PhotometryFilter.description" datatype="char" arraysize="*"/>
    <PARAM name="WavelengthMean" value="2254.780054795" unit="Angstrom" ucd="em.wl" utype="photdm:PhotometryFilter.SpectralAxis.Coverage.Location.Value" datatype="float" >
       <DESCRIPTION>Mean wavelength. Defined as integ[x*filter(x) dx]/integ[filter(x) dx]</DESCRIPTION>
    </PARAM>
    <PARAM name="WavelengthEff" value="2228.1482518897" unit="Angstrom" ucd="em.wl.effective" datatype="float" >
       <DESCRIPTION>Effective wavelength. Defined as integ[x*filter(x)*vega(x) dx]/integ[filter(x)*vega(x) dx]</DESCRIPTION>
    </PARAM>
    <PARAM name="WavelengthMin" value="1679.25625" unit="Angstrom" ucd="em.wl;stat.min" utype="photdm:PhotometryFilter.SpectralAxis.Coverage.Bounds.Start" datatype="float" >
       <DESCRIPTION>Minimum filter wavelength. Defined as the first lambda value with a transmission at least 1% of maximum transmission</DESCRIPTION>
    </PARAM>
    <PARAM name="WavelengthMax" value="2926.660989011" unit="Angstrom" ucd="em.wl;stat.max" utype="photdm:PhotometryFilter.SpectralAxis.Coverage.Bounds.Stop" datatype="float" >
       <DESCRIPTION>Maximum filter wavelength. Defined as the last lambda value with a transmission at least 1% of maximum transmission</DESCRIPTION>
    </PARAM>
    <PARAM name="WidthEff" value="518.630428838" unit="Angstrom" ucd="instr.bandwidth" utype="photdm:PhotometryFilter.SpectralAxis.Coverage.Bounds.Extent" datatype="float" >
       <DESCRIPTION>Effective width. Defined as integ[x*filter(x) dx].\nEquivalent to the horizontal size of a rectangle with height equal to maximum transmission and with the same area that the one covered by the filter transmission curve.</DESCRIPTION>
    </PARAM>
    <PARAM name="WavelengthCen" value="2246.0035622631" unit="Angstrom" ucd="em.wl" datatype="float" >
       <DESCRIPTION>Central wavelength. Defined as the central wavelength between the two points defining FWMH</DESCRIPTION>
    </PARAM>
    <PARAM name="WavelengthPivot" value="2246.1788872482" unit="Angstrom" ucd="em.wl" datatype="float" >
       <DESCRIPTION>Peak wavelength. Defined as sqrt{integ[x*filter(x) dx]/integ[filter(x) dx/x]}</DESCRIPTION>
    </PARAM>
    <PARAM name="WavelengthPeak" value="2120" unit="Angstrom" ucd="em.wl" datatype="float" >
       <DESCRIPTION>Peak wavelength. Defined as the lambda value with larger transmission</DESCRIPTION>
    </PARAM>
    <PARAM name="WavelengthPhot" value="2245.4634653917" unit="Angstrom" ucd="em.wl" datatype="float" >
       <DESCRIPTION>Photon distribution based effective wavelength. Defined as integ[x^2*filter(x)*vega(x) dx]/integ[x*filter(x)*vega(x) dx]</DESCRIPTION>
    </PARAM>
    <PARAM name="FWHM" value="512.75425521859" unit="Angstrom" ucd="instr.bandwidth" datatype="float" >
       <DESCRIPTION>Full width at half maximum. Defined as the difference between the two wavelengths for which filter transmission is half maximum</DESCRIPTION>
    </PARAM>
    <PARAM name="PhotCalID" value="Swift/UVOT.UVM2/Vega" ucd="meta.id" utype="photdm:PhotCal.identifier" datatype="char" arraysize="*"/>
    <PARAM name="MagSys" value="Vega" ucd="meta.code" utype="photdm:PhotCal.MagnitudeSystem.type" datatype="char" arraysize="*"/>
    <PARAM name="ZeroPoint" value="767.42857020472" unit="Jy" ucd="phot.flux.density" utype="photdm:PhotCal.ZeroPoint.Flux.value" datatype="float" />
    <PARAM name="ZeroPointUnit" value="Jy" ucd="meta.unit" utype="photdm:PhotCal.ZeroPoint.Flux.unit" datatype="char" arraysize="*"/>
    <PARAM name="ZeroPointType" value="Pogson" ucd="meta.code" utype="photdm:PhotCal.ZeroPoint.type" datatype="char" arraysize="*"/>
    <TABLE utype="photdm:PhotometryFilter.transmissionCurve.spectrum">
      <FIELD name="Wavelength" utype="spec:Data.SpectralAxis.Value" ucd="em.wl" unit="Angstrom" datatype="float"/>
      <FIELD name="Transmission" utype="spec:Data.FluxAxis.Value" ucd="phys.transmission" unit="" datatype="float"/>
      <DATA>
        <TABLEDATA>
          <TR>
            <TD>1600.000000</TD>
            <TD>0.000000</TD>
          </TR>
          <TR>
            <TD>1610.000000</TD>
            <TD>0.000221</TD>
          </TR>
          <TR>
            <TD>1620.000000</TD>
            <TD>0.000377</TD>
          </TR>
          <TR>
            <TD>1630.000000</TD>
            <TD>0.000624</TD>
          </TR>
          <TR>
            <TD>1640.000000</TD>
            <TD>0.000883</TD>
          </TR>
          <TR>
            <TD>1650.000000</TD>
            <TD>0.001169</TD>
          </TR>
          <TR>
            <TD>1660.000000</TD>
            <TD>0.001491</TD>
          </TR>
          <TR>
            <TD>1670.000000</TD>
            <TD>0.001794</TD>
          </TR>
          <TR>
            <TD>1680.000000</TD>
            <TD>0.002066</TD>
          </TR>
          <TR>
            <TD>1690.000000</TD>
            <TD>0.002338</TD>
          </TR>
          <TR>
            <TD>1700.000000</TD>
            <TD>0.002671</TD>
          </TR>
          <TR>
            <TD>1710.000000</TD>
            <TD>0.002902</TD>
          </TR>
          <TR>
            <TD>1720.000000</TD>
            <TD>0.003134</TD>
          </TR>
          <TR>
            <TD>1730.000000</TD>
            <TD>0.003578</TD>
          </TR>
          <TR>
            <TD>1740.000000</TD>
            <TD>0.004102</TD>
          </TR>
          <TR>
            <TD>1750.000000</TD>
            <TD>0.004636</TD>
          </TR>
          <TR>
            <TD>1760.000000</TD>
            <TD>0.005200</TD>
          </TR>
          <TR>
            <TD>1770.000000</TD>
            <TD>0.005785</TD>
          </TR>
          <TR>
            <TD>1780.000000</TD>
            <TD>0.006369</TD>
          </TR>
          <TR>
            <TD>1790.000000</TD>
            <TD>0.007085</TD>
          </TR>
          <TR>
            <TD>1800.000000</TD>
            <TD>0.007871</TD>
          </TR>
          <TR>
            <TD>1810.000000</TD>
            <TD>0.008768</TD>
          </TR>
          <TR>
            <TD>1820.000000</TD>
            <TD>0.009725</TD>
          </TR>
          <TR>
            <TD>1830.000000</TD>
            <TD>0.010884</TD>
          </TR>
          <TR>
            <TD>1840.000000</TD>
            <TD>0.012194</TD>
          </TR>
          <TR>
            <TD>1850.000000</TD>
            <TD>0.013504</TD>
          </TR>
          <TR>
            <TD>1860.000000</TD>
            <TD>0.015217</TD>
          </TR>
          <TR>
            <TD>1870.000000</TD>
            <TD>0.017132</TD>
          </TR>
          <TR>
            <TD>1880.000000</TD>
            <TD>0.018039</TD>
          </TR>
          <TR>
            <TD>1890.000000</TD>
            <TD>0.020861</TD>
          </TR>
          <TR>
            <TD>1900.000000</TD>
            <TD>0.024993</TD>
          </TR>
          <TR>
            <TD>1910.000000</TD>
            <TD>0.028721</TD>
          </TR>
          <TR>
            <TD>1920.000000</TD>
            <TD>0.033962</TD>
          </TR>
          <TR>
            <TD>1930.000000</TD>
            <TD>0.039605</TD>
          </TR>
          <TR>
            <TD>1940.000000</TD>
            <TD>0.046861</TD>
          </TR>
          <TR>
            <TD>1950.000000</TD>
            <TD>0.055427</TD>
          </TR>
          <TR>
            <TD>1960.000000</TD>
            <TD>0.065203</TD>
          </TR>
          <TR>
            <TD>1970.000000</TD>
            <TD>0.076590</TD>
          </TR>
          <TR>
            <TD>1980.000000</TD>
            <TD>0.089288</TD>
          </TR>
          <TR>
            <TD>1990.000000</TD>
            <TD>0.102793</TD>
          </TR>
          <TR>
            <TD>2000.000000</TD>
            <TD>0.117909</TD>
          </TR>
          <TR>
            <TD>2010.000000</TD>
            <TD>0.132018</TD>
          </TR>
          <TR>
            <TD>2020.000000</TD>
            <TD>0.146127</TD>
          </TR>
          <TR>
            <TD>2030.000000</TD>
            <TD>0.159228</TD>
          </TR>
          <TR>
            <TD>2040.000000</TD>
            <TD>0.170313</TD>
          </TR>
          <TR>
            <TD>2050.000000</TD>
            <TD>0.179383</TD>
          </TR>
          <TR>
            <TD>2060.000000</TD>
            <TD>0.187445</TD>
          </TR>
          <TR>
            <TD>2070.000000</TD>
            <TD>0.192484</TD>
          </TR>
          <TR>
            <TD>2080.000000</TD>
            <TD>0.197523</TD>
          </TR>
          <TR>
            <TD>2090.000000</TD>
            <TD>0.199538</TD>
          </TR>
          <TR>
            <TD>2100.000000</TD>
            <TD>0.200546</TD>
          </TR>
          <TR>
            <TD>2110.000000</TD>
            <TD>0.202562</TD>
          </TR>
          <TR>
            <TD>2120.000000</TD>
            <TD>0.204577</TD>
          </TR>
          <TR>
            <TD>2130.000000</TD>
            <TD>0.204577</TD>
          </TR>
          <TR>
            <TD>2140.000000</TD>
            <TD>0.204577</TD>
          </TR>
          <TR>
            <TD>2150.000000</TD>
            <TD>0.204577</TD>
          </TR>
          <TR>
            <TD>2160.000000</TD>
            <TD>0.204577</TD>
          </TR>
          <TR>
            <TD>2170.000000</TD>
            <TD>0.204577</TD>
          </TR>
          <TR>
            <TD>2180.000000</TD>
            <TD>0.203570</TD>
          </TR>
          <TR>
            <TD>2190.000000</TD>
            <TD>0.203570</TD>
          </TR>
          <TR>
            <TD>2200.000000</TD>
            <TD>0.203570</TD>
          </TR>
          <TR>
            <TD>2210.000000</TD>
            <TD>0.198531</TD>
          </TR>
          <TR>
            <TD>2220.000000</TD>
            <TD>0.195507</TD>
          </TR>
          <TR>
            <TD>2230.000000</TD>
            <TD>0.191476</TD>
          </TR>
          <TR>
            <TD>2240.000000</TD>
            <TD>0.186437</TD>
          </TR>
          <TR>
            <TD>2250.000000</TD>
            <TD>0.185430</TD>
          </TR>
          <TR>
            <TD>2260.000000</TD>
            <TD>0.183414</TD>
          </TR>
          <TR>
            <TD>2270.000000</TD>
            <TD>0.182406</TD>
          </TR>
          <TR>
            <TD>2280.000000</TD>
            <TD>0.179383</TD>
          </TR>
          <TR>
            <TD>2290.000000</TD>
            <TD>0.177368</TD>
          </TR>
          <TR>
            <TD>2300.000000</TD>
            <TD>0.175352</TD>
          </TR>
          <TR>
            <TD>2310.000000</TD>
            <TD>0.173336</TD>
          </TR>
          <TR>
            <TD>2320.000000</TD>
            <TD>0.170313</TD>
          </TR>
          <TR>
            <TD>2330.000000</TD>
            <TD>0.168298</TD>
          </TR>
          <TR>
            <TD>2340.000000</TD>
            <TD>0.165274</TD>
          </TR>
          <TR>
            <TD>2350.000000</TD>
            <TD>0.163259</TD>
          </TR>
          <TR>
            <TD>2360.000000</TD>
            <TD>0.161243</TD>
          </TR>
          <TR>
            <TD>2370.000000</TD>
            <TD>0.159228</TD>
          </TR>
          <TR>
            <TD>2380.000000</TD>
            <TD>0.156204</TD>
          </TR>
          <TR>
            <TD>2390.000000</TD>
            <TD>0.154189</TD>
          </TR>
          <TR>
            <TD>2400.000000</TD>
            <TD>0.151165</TD>
          </TR>
          <TR>
            <TD>2410.000000</TD>
            <TD>0.149150</TD>
          </TR>
          <TR>
            <TD>2420.000000</TD>
            <TD>0.145119</TD>
          </TR>
          <TR>
            <TD>2430.000000</TD>
            <TD>0.141088</TD>
          </TR>
          <TR>
            <TD>2440.000000</TD>
            <TD>0.138064</TD>
          </TR>
          <TR>
            <TD>2450.000000</TD>
            <TD>0.133026</TD>
          </TR>
          <TR>
            <TD>2460.000000</TD>
            <TD>0.126979</TD>
          </TR>
          <TR>
            <TD>2470.000000</TD>
            <TD>0.120932</TD>
          </TR>
          <TR>
            <TD>2480.000000</TD>
            <TD>0.114886</TD>
          </TR>
          <TR>
            <TD>2490.000000</TD>
            <TD>0.108839</TD>
          </TR>
          <TR>
            <TD>2500.000000</TD>
            <TD>0.103800</TD>
          </TR>
          <TR>
            <TD>2510.000000</TD>
            <TD>0.097451</TD>
          </TR>
          <TR>
            <TD>2520.000000</TD>
            <TD>0.091002</TD>
          </TR>
          <TR>
            <TD>2530.000000</TD>
            <TD>0.084653</TD>
          </TR>
          <TR>
            <TD>2540.000000</TD>
            <TD>0.078505</TD>
          </TR>
          <TR>
            <TD>2550.000000</TD>
            <TD>0.073063</TD>
          </TR>
          <TR>
            <TD>2560.000000</TD>
            <TD>0.067621</TD>
          </TR>
          <TR>
            <TD>2570.000000</TD>
            <TD>0.062280</TD>
          </TR>
          <TR>
            <TD>2580.000000</TD>
            <TD>0.057241</TD>
          </TR>
          <TR>
            <TD>2590.000000</TD>
            <TD>0.052404</TD>
          </TR>
          <TR>
            <TD>2600.000000</TD>
            <TD>0.047869</TD>
          </TR>
          <TR>
            <TD>2610.000000</TD>
            <TD>0.043536</TD>
          </TR>
          <TR>
            <TD>2620.000000</TD>
            <TD>0.039605</TD>
          </TR>
          <TR>
            <TD>2630.000000</TD>
            <TD>0.035877</TD>
          </TR>
          <TR>
            <TD>2640.000000</TD>
            <TD>0.032349</TD>
          </TR>
          <TR>
            <TD>2650.000000</TD>
            <TD>0.029225</TD>
          </TR>
          <TR>
            <TD>2660.000000</TD>
            <TD>0.026303</TD>
          </TR>
          <TR>
            <TD>2670.000000</TD>
            <TD>0.023683</TD>
          </TR>
          <TR>
            <TD>2680.000000</TD>
            <TD>0.021465</TD>
          </TR>
          <TR>
            <TD>2690.000000</TD>
            <TD>0.019349</TD>
          </TR>
          <TR>
            <TD>2700.000000</TD>
            <TD>0.017434</TD>
          </TR>
          <TR>
            <TD>2710.000000</TD>
            <TD>0.015620</TD>
          </TR>
          <TR>
            <TD>2720.000000</TD>
            <TD>0.014109</TD>
          </TR>
          <TR>
            <TD>2730.000000</TD>
            <TD>0.012799</TD>
          </TR>
          <TR>
            <TD>2740.000000</TD>
            <TD>0.011489</TD>
          </TR>
          <TR>
            <TD>2750.000000</TD>
            <TD>0.010380</TD>
          </TR>
          <TR>
            <TD>2760.000000</TD>
            <TD>0.009372</TD>
          </TR>
          <TR>
            <TD>2770.000000</TD>
            <TD>0.008445</TD>
          </TR>
          <TR>
            <TD>2780.000000</TD>
            <TD>0.007649</TD>
          </TR>
          <TR>
            <TD>2790.000000</TD>
            <TD>0.006903</TD>
          </TR>
          <TR>
            <TD>2800.000000</TD>
            <TD>0.006288</TD>
          </TR>
          <TR>
            <TD>2810.000000</TD>
            <TD>0.005684</TD>
          </TR>
          <TR>
            <TD>2820.000000</TD>
            <TD>0.005190</TD>
          </TR>
          <TR>
            <TD>2830.000000</TD>
            <TD>0.004706</TD>
          </TR>
          <TR>
            <TD>2840.000000</TD>
            <TD>0.004273</TD>
          </TR>
          <TR>
            <TD>2850.000000</TD>
            <TD>0.003910</TD>
          </TR>
          <TR>
            <TD>2860.000000</TD>
            <TD>0.003608</TD>
          </TR>
          <TR>
            <TD>2870.000000</TD>
            <TD>0.003305</TD>
          </TR>
          <TR>
            <TD>2880.000000</TD>
            <TD>0.003003</TD>
          </TR>
          <TR>
            <TD>2890.000000</TD>
            <TD>0.002761</TD>
          </TR>
          <TR>
            <TD>2900.000000</TD>
            <TD>0.002580</TD>
          </TR>
          <TR>
            <TD>2910.000000</TD>
            <TD>0.002338</TD>
          </TR>
          <TR>
            <TD>2920.000000</TD>
            <TD>0.002167</TD>
          </TR>
          <TR>
            <TD>2930.000000</TD>
            <TD>0.001985</TD>
          </TR>
          <TR>
            <TD>2940.000000</TD>
            <TD>0.001864</TD>
          </TR>
          <TR>
            <TD>2950.000000</TD>
            <TD>0.001683</TD>
          </TR>
          <TR>
            <TD>2960.000000</TD>
            <TD>0.001562</TD>
          </TR>
          <TR>
            <TD>2970.000000</TD>
            <TD>0.001451</TD>
          </TR>
          <TR>
            <TD>2980.000000</TD>
            <TD>0.001381</TD>
          </TR>
          <TR>
            <TD>2990.000000</TD>
            <TD>0.001270</TD>
          </TR>
          <TR>
            <TD>3000.000000</TD>
            <TD>0.001149</TD>
          </TR>
          <TR>
            <TD>3010.000000</TD>
            <TD>0.001088</TD>
          </TR>
          <TR>
            <TD>3020.000000</TD>
            <TD>0.001028</TD>
          </TR>
          <TR>
            <TD>3030.000000</TD>
            <TD>0.000972</TD>
          </TR>
          <TR>
            <TD>3040.000000</TD>
            <TD>0.000914</TD>
          </TR>
          <TR>
            <TD>3050.000000</TD>
            <TD>0.000845</TD>
          </TR>
          <TR>
            <TD>3060.000000</TD>
            <TD>0.000776</TD>
          </TR>
          <TR>
            <TD>3070.000000</TD>
            <TD>0.000709</TD>
          </TR>
          <TR>
            <TD>3080.000000</TD>
            <TD>0.000645</TD>
          </TR>
          <TR>
            <TD>3090.000000</TD>
            <TD>0.000581</TD>
          </TR>
          <TR>
            <TD>3100.000000</TD>
            <TD>0.000572</TD>
          </TR>
          <TR>
            <TD>3110.000000</TD>
            <TD>0.000512</TD>
          </TR>
          <TR>
            <TD>3120.000000</TD>
            <TD>0.000503</TD>
          </TR>
          <TR>
            <TD>3130.000000</TD>
            <TD>0.000444</TD>
          </TR>
          <TR>
            <TD>3140.000000</TD>
            <TD>0.000436</TD>
          </TR>
          <TR>
            <TD>3150.000000</TD>
            <TD>0.000390</TD>
          </TR>
          <TR>
            <TD>3160.000000</TD>
            <TD>0.000392</TD>
          </TR>
          <TR>
            <TD>3170.000000</TD>
            <TD>0.000345</TD>
          </TR>
          <TR>
            <TD>3180.000000</TD>
            <TD>0.000347</TD>
          </TR>
          <TR>
            <TD>3190.000000</TD>
            <TD>0.000299</TD>
          </TR>
          <TR>
            <TD>3200.000000</TD>
            <TD>0.000300</TD>
          </TR>
          <TR>
            <TD>3210.000000</TD>
            <TD>0.000285</TD>
          </TR>
          <TR>
            <TD>3220.000000</TD>
            <TD>0.000270</TD>
          </TR>
          <TR>
            <TD>3230.000000</TD>
            <TD>0.000255</TD>
          </TR>
          <TR>
            <TD>3240.000000</TD>
            <TD>0.000246</TD>
          </TR>
          <TR>
            <TD>3250.000000</TD>
            <TD>0.000000</TD>
          </TR>
        </TABLEDATA>
      </DATA>
    </TABLE>
  </RESOURCE>
</VOTABLE>
