<?xml version="1.0"?>
<VOTABLE version="1.1" xsi:schemaLocation="http://www.ivoa.net/xml/VOTable/v1.1" xmlns:xsi="http://www.w3.org/2001/XMLSchema-instance">
  <INFO name="QUERY_STATUS" value="OK"/>
  <RESOURCE type="results">
    <PARAM name="FilterProfileService" value="ivo://svo/fps" ucd="meta.ref.ivorn" utype="PhotometryFilter.fpsIdentifier" datatype="char" arraysize="*"/>
    <PARAM name="filterID" value="Swift/UVOT.UVW2" ucd="meta.id" utype="photdm:PhotometryFilter.identifier" datatype="char" arraysize="*"/>
    <PARAM name="WavelengthUnit" value="Angstrom" ucd="meta.unit" utype="PhotometryFilter.SpectralAxis.unit" datatype="char" arraysize="*"/>
    <PARAM name="WavelengthUCD" value="em.wl" ucd="meta.ucd" utype="PhotometryFilter.SpectralAxis.UCD" datatype="char" arraysize="*"/>
    <PARAM name="Description" value="UVOT UVW2 filter" ucd="meta.note" utype="photdm:PhotometryFilter.description" datatype="char" arraysize="*"/>
    <PARAM name="PhotSystem" value="UVOT" utype="photdm:PhotometricSystem.description" datatype="char" arraysize="*">
       <DESCRIPTION>Photometric system</DESCRIPTION>
    </PARAM>
    <PARAM name="Instrument" value="UVOT" ucd="instr" datatype="char" arraysize="*">
       <DESCRIPTION>Instrument</DESCRIPTION>
    </PARAM>
    <PARAM name="Facility" value="Swift" ucd="instr.obsty" datatype="char" arraysize="*">
       <DESCRIPTION>Observational facility</DESCRIPTION>
    </PARAM>
    <PARAM name="Description" value="UVOT UVW2 filter" ucd="meta.note" utype="photdm:PhotometryFilter.description" datatype="char" arraysize="*"/>
    <PARAM name="WavelengthMean" value="2079.8779003057" unit="Angstrom" ucd="em.wl" utype="photdm:PhotometryFilter.SpectralAxis.Coverage.Location.Value" datatype="float" >
       <DESCRIPTION>Mean wavelength. Defined as integ[x*filter(x) dx]/integ[filter(x) dx]</DESCRIPTION>
    </PARAM>
    <PARAM name="WavelengthEff" value="2030.5161166847" unit="Angstrom" ucd="em.wl.effective" datatype="float" >
       <DESCRIPTION>Effective wavelength. Defined as integ[x*filter(x)*vega(x) dx]/integ[filter(x)*vega(x) dx]</DESCRIPTION>
    </PARAM>
    <PARAM name="WavelengthMin" value="1592.6550708833" unit="Angstrom" ucd="em.wl;stat.min" utype="photdm:PhotometryFilter.SpectralAxis.Coverage.Bounds.Start" datatype="float" >
       <DESCRIPTION>Minimum filter wavelength. Defined as the first lambda value with a transmission at least 1% of maximum transmission</DESCRIPTION>
    </PARAM>
    <PARAM name="WavelengthMax" value="3369.5831081081" unit="Angstrom" ucd="em.wl;stat.max" utype="photdm:PhotometryFilter.SpectralAxis.Coverage.Bounds.Stop" datatype="float" >
       <DESCRIPTION>Maximum filter wavelength. Defined as the last lambda value with a transmission at least 1% of maximum transmission</DESCRIPTION>
    </PARAM>
    <PARAM name="WidthEff" value="610.4123709531" unit="Angstrom" ucd="instr.bandwidth" utype="photdm:PhotometryFilter.SpectralAxis.Coverage.Bounds.Extent" datatype="float" >
       <DESCRIPTION>Effective width. Defined as integ[x*filter(x) dx].\nEquivalent to the horizontal size of a rectangle with height equal to maximum transmission and with the same area that the one covered by the filter transmission curve.</DESCRIPTION>
    </PARAM>
    <PARAM name="WavelengthCen" value="1941.2213217369" unit="Angstrom" ucd="em.wl" datatype="float" >
       <DESCRIPTION>Central wavelength. Defined as the central wavelength between the two points defining FWMH</DESCRIPTION>
    </PARAM>
    <PARAM name="WavelengthPivot" value="2055.1571398439" unit="Angstrom" ucd="em.wl" datatype="float" >
       <DESCRIPTION>Peak wavelength. Defined as sqrt{integ[x*filter(x) dx]/integ[filter(x) dx/x]}</DESCRIPTION>
    </PARAM>
    <PARAM name="WavelengthPeak" value="1900" unit="Angstrom" ucd="em.wl" datatype="float" >
       <DESCRIPTION>Peak wavelength. Defined as the lambda value with larger transmission</DESCRIPTION>
    </PARAM>
    <PARAM name="WavelengthPhot" value="2087.7092194535" unit="Angstrom" ucd="em.wl" datatype="float" >
       <DESCRIPTION>Photon distribution based effective wavelength. Defined as integ[x^2*filter(x)*vega(x) dx]/integ[x*filter(x)*vega(x) dx]</DESCRIPTION>
    </PARAM>
    <PARAM name="FWHM" value="556.91339459877" unit="Angstrom" ucd="instr.bandwidth" datatype="float" >
       <DESCRIPTION>Full width at half maximum. Defined as the difference between the two wavelengths for which filter transmission is half maximum</DESCRIPTION>
    </PARAM>
    <PARAM name="PhotCalID" value="Swift/UVOT.UVW2/Vega" ucd="meta.id" utype="photdm:PhotCal.identifier" datatype="char" arraysize="*"/>
    <PARAM name="MagSys" value="Vega" ucd="meta.code" utype="photdm:PhotCal.MagnitudeSystem.type" datatype="char" arraysize="*"/>
    <PARAM name="ZeroPoint" value="736.93618450617" unit="Jy" ucd="phot.flux.density" utype="photdm:PhotCal.ZeroPoint.Flux.value" datatype="float" />
    <PARAM name="ZeroPointUnit" value="Jy" ucd="meta.unit" utype="photdm:PhotCal.ZeroPoint.Flux.unit" datatype="char" arraysize="*"/>
    <PARAM name="ZeroPointType" value="Pogson" ucd="meta.code" utype="photdm:PhotCal.ZeroPoint.type" datatype="char" arraysize="*"/>
    <TABLE utype="photdm:PhotometryFilter.transmissionCurve.spectrum">
      <FIELD name="Wavelength" utype="spec:Data.SpectralAxis.Value" ucd="em.wl" unit="Angstrom" datatype="float"/>
      <FIELD name="Transmission" utype="spec:Data.FluxAxis.Value" ucd="phys.transmission" unit="" datatype="float"/>
      <DATA>
        <TABLEDATA>
          <TR>
            <TD>1590.000000</TD>
            <TD>0.000000</TD>
          </TR>
          <TR>
            <TD>1600.000000</TD>
            <TD>0.010087</TD>
          </TR>
          <TR>
            <TD>1610.000000</TD>
            <TD>0.025281</TD>
          </TR>
          <TR>
            <TD>1620.000000</TD>
            <TD>0.041195</TD>
          </TR>
          <TR>
            <TD>1630.000000</TD>
            <TD>0.063400</TD>
          </TR>
          <TR>
            <TD>1640.000000</TD>
            <TD>0.086443</TD>
          </TR>
          <TR>
            <TD>1650.000000</TD>
            <TD>0.107878</TD>
          </TR>
          <TR>
            <TD>1660.000000</TD>
            <TD>0.129915</TD>
          </TR>
          <TR>
            <TD>1670.000000</TD>
            <TD>0.144360</TD>
          </TR>
          <TR>
            <TD>1680.000000</TD>
            <TD>0.159239</TD>
          </TR>
          <TR>
            <TD>1690.000000</TD>
            <TD>0.168892</TD>
          </TR>
          <TR>
            <TD>1700.000000</TD>
            <TD>0.178851</TD>
          </TR>
          <TR>
            <TD>1710.000000</TD>
            <TD>0.181128</TD>
          </TR>
          <TR>
            <TD>1720.000000</TD>
            <TD>0.183002</TD>
          </TR>
          <TR>
            <TD>1730.000000</TD>
            <TD>0.194341</TD>
          </TR>
          <TR>
            <TD>1740.000000</TD>
            <TD>0.205404</TD>
          </TR>
          <TR>
            <TD>1750.000000</TD>
            <TD>0.213489</TD>
          </TR>
          <TR>
            <TD>1760.000000</TD>
            <TD>0.221485</TD>
          </TR>
          <TR>
            <TD>1770.000000</TD>
            <TD>0.224778</TD>
          </TR>
          <TR>
            <TD>1780.000000</TD>
            <TD>0.228377</TD>
          </TR>
          <TR>
            <TD>1790.000000</TD>
            <TD>0.231661</TD>
          </TR>
          <TR>
            <TD>1800.000000</TD>
            <TD>0.235417</TD>
          </TR>
          <TR>
            <TD>1810.000000</TD>
            <TD>0.238701</TD>
          </TR>
          <TR>
            <TD>1820.000000</TD>
            <TD>0.241777</TD>
          </TR>
          <TR>
            <TD>1830.000000</TD>
            <TD>0.245396</TD>
          </TR>
          <TR>
            <TD>1840.000000</TD>
            <TD>0.248442</TD>
          </TR>
          <TR>
            <TD>1850.000000</TD>
            <TD>0.251154</TD>
          </TR>
          <TR>
            <TD>1860.000000</TD>
            <TD>0.256340</TD>
          </TR>
          <TR>
            <TD>1870.000000</TD>
            <TD>0.259772</TD>
          </TR>
          <TR>
            <TD>1880.000000</TD>
            <TD>0.264386</TD>
          </TR>
          <TR>
            <TD>1890.000000</TD>
            <TD>0.265530</TD>
          </TR>
          <TR>
            <TD>1900.000000</TD>
            <TD>0.267817</TD>
          </TR>
          <TR>
            <TD>1910.000000</TD>
            <TD>0.264662</TD>
          </TR>
          <TR>
            <TD>1920.000000</TD>
            <TD>0.262670</TD>
          </TR>
          <TR>
            <TD>1930.000000</TD>
            <TD>0.260265</TD>
          </TR>
          <TR>
            <TD>1940.000000</TD>
            <TD>0.257169</TD>
          </TR>
          <TR>
            <TD>1950.000000</TD>
            <TD>0.254575</TD>
          </TR>
          <TR>
            <TD>1960.000000</TD>
            <TD>0.252958</TD>
          </TR>
          <TR>
            <TD>1970.000000</TD>
            <TD>0.250986</TD>
          </TR>
          <TR>
            <TD>1980.000000</TD>
            <TD>0.249448</TD>
          </TR>
          <TR>
            <TD>1990.000000</TD>
            <TD>0.247220</TD>
          </TR>
          <TR>
            <TD>2000.000000</TD>
            <TD>0.245258</TD>
          </TR>
          <TR>
            <TD>2010.000000</TD>
            <TD>0.240249</TD>
          </TR>
          <TR>
            <TD>2020.000000</TD>
            <TD>0.235023</TD>
          </TR>
          <TR>
            <TD>2030.000000</TD>
            <TD>0.229955</TD>
          </TR>
          <TR>
            <TD>2040.000000</TD>
            <TD>0.224335</TD>
          </TR>
          <TR>
            <TD>2050.000000</TD>
            <TD>0.219129</TD>
          </TR>
          <TR>
            <TD>2060.000000</TD>
            <TD>0.213508</TD>
          </TR>
          <TR>
            <TD>2070.000000</TD>
            <TD>0.207563</TD>
          </TR>
          <TR>
            <TD>2080.000000</TD>
            <TD>0.201745</TD>
          </TR>
          <TR>
            <TD>2090.000000</TD>
            <TD>0.195662</TD>
          </TR>
          <TR>
            <TD>2100.000000</TD>
            <TD>0.189628</TD>
          </TR>
          <TR>
            <TD>2110.000000</TD>
            <TD>0.185831</TD>
          </TR>
          <TR>
            <TD>2120.000000</TD>
            <TD>0.181651</TD>
          </TR>
          <TR>
            <TD>2130.000000</TD>
            <TD>0.177588</TD>
          </TR>
          <TR>
            <TD>2140.000000</TD>
            <TD>0.173043</TD>
          </TR>
          <TR>
            <TD>2150.000000</TD>
            <TD>0.168902</TD>
          </TR>
          <TR>
            <TD>2160.000000</TD>
            <TD>0.164494</TD>
          </TR>
          <TR>
            <TD>2170.000000</TD>
            <TD>0.160215</TD>
          </TR>
          <TR>
            <TD>2180.000000</TD>
            <TD>0.155611</TD>
          </TR>
          <TR>
            <TD>2190.000000</TD>
            <TD>0.151676</TD>
          </TR>
          <TR>
            <TD>2200.000000</TD>
            <TD>0.147200</TD>
          </TR>
          <TR>
            <TD>2210.000000</TD>
            <TD>0.140416</TD>
          </TR>
          <TR>
            <TD>2220.000000</TD>
            <TD>0.133692</TD>
          </TR>
          <TR>
            <TD>2230.000000</TD>
            <TD>0.127263</TD>
          </TR>
          <TR>
            <TD>2240.000000</TD>
            <TD>0.121012</TD>
          </TR>
          <TR>
            <TD>2250.000000</TD>
            <TD>0.116713</TD>
          </TR>
          <TR>
            <TD>2260.000000</TD>
            <TD>0.112493</TD>
          </TR>
          <TR>
            <TD>2270.000000</TD>
            <TD>0.108352</TD>
          </TR>
          <TR>
            <TD>2280.000000</TD>
            <TD>0.104388</TD>
          </TR>
          <TR>
            <TD>2290.000000</TD>
            <TD>0.100385</TD>
          </TR>
          <TR>
            <TD>2300.000000</TD>
            <TD>0.096658</TD>
          </TR>
          <TR>
            <TD>2310.000000</TD>
            <TD>0.093049</TD>
          </TR>
          <TR>
            <TD>2320.000000</TD>
            <TD>0.089549</TD>
          </TR>
          <TR>
            <TD>2330.000000</TD>
            <TD>0.086097</TD>
          </TR>
          <TR>
            <TD>2340.000000</TD>
            <TD>0.083189</TD>
          </TR>
          <TR>
            <TD>2350.000000</TD>
            <TD>0.080467</TD>
          </TR>
          <TR>
            <TD>2360.000000</TD>
            <TD>0.077914</TD>
          </TR>
          <TR>
            <TD>2370.000000</TD>
            <TD>0.075370</TD>
          </TR>
          <TR>
            <TD>2380.000000</TD>
            <TD>0.072934</TD>
          </TR>
          <TR>
            <TD>2390.000000</TD>
            <TD>0.070499</TD>
          </TR>
          <TR>
            <TD>2400.000000</TD>
            <TD>0.068310</TD>
          </TR>
          <TR>
            <TD>2410.000000</TD>
            <TD>0.066042</TD>
          </TR>
          <TR>
            <TD>2420.000000</TD>
            <TD>0.063843</TD>
          </TR>
          <TR>
            <TD>2430.000000</TD>
            <TD>0.061724</TD>
          </TR>
          <TR>
            <TD>2440.000000</TD>
            <TD>0.059663</TD>
          </TR>
          <TR>
            <TD>2450.000000</TD>
            <TD>0.057139</TD>
          </TR>
          <TR>
            <TD>2460.000000</TD>
            <TD>0.054684</TD>
          </TR>
          <TR>
            <TD>2470.000000</TD>
            <TD>0.052347</TD>
          </TR>
          <TR>
            <TD>2480.000000</TD>
            <TD>0.050069</TD>
          </TR>
          <TR>
            <TD>2490.000000</TD>
            <TD>0.047979</TD>
          </TR>
          <TR>
            <TD>2500.000000</TD>
            <TD>0.046174</TD>
          </TR>
          <TR>
            <TD>2510.000000</TD>
            <TD>0.044291</TD>
          </TR>
          <TR>
            <TD>2520.000000</TD>
            <TD>0.042457</TD>
          </TR>
          <TR>
            <TD>2530.000000</TD>
            <TD>0.040751</TD>
          </TR>
          <TR>
            <TD>2540.000000</TD>
            <TD>0.039036</TD>
          </TR>
          <TR>
            <TD>2550.000000</TD>
            <TD>0.037744</TD>
          </TR>
          <TR>
            <TD>2560.000000</TD>
            <TD>0.036482</TD>
          </TR>
          <TR>
            <TD>2570.000000</TD>
            <TD>0.035319</TD>
          </TR>
          <TR>
            <TD>2580.000000</TD>
            <TD>0.034185</TD>
          </TR>
          <TR>
            <TD>2590.000000</TD>
            <TD>0.033100</TD>
          </TR>
          <TR>
            <TD>2600.000000</TD>
            <TD>0.032055</TD>
          </TR>
          <TR>
            <TD>2610.000000</TD>
            <TD>0.031759</TD>
          </TR>
          <TR>
            <TD>2620.000000</TD>
            <TD>0.031453</TD>
          </TR>
          <TR>
            <TD>2630.000000</TD>
            <TD>0.031138</TD>
          </TR>
          <TR>
            <TD>2640.000000</TD>
            <TD>0.030822</TD>
          </TR>
          <TR>
            <TD>2650.000000</TD>
            <TD>0.030507</TD>
          </TR>
          <TR>
            <TD>2660.000000</TD>
            <TD>0.030172</TD>
          </TR>
          <TR>
            <TD>2670.000000</TD>
            <TD>0.029836</TD>
          </TR>
          <TR>
            <TD>2680.000000</TD>
            <TD>0.029481</TD>
          </TR>
          <TR>
            <TD>2690.000000</TD>
            <TD>0.029126</TD>
          </TR>
          <TR>
            <TD>2700.000000</TD>
            <TD>0.028752</TD>
          </TR>
          <TR>
            <TD>2710.000000</TD>
            <TD>0.028367</TD>
          </TR>
          <TR>
            <TD>2720.000000</TD>
            <TD>0.027983</TD>
          </TR>
          <TR>
            <TD>2730.000000</TD>
            <TD>0.027578</TD>
          </TR>
          <TR>
            <TD>2740.000000</TD>
            <TD>0.027164</TD>
          </TR>
          <TR>
            <TD>2750.000000</TD>
            <TD>0.026740</TD>
          </TR>
          <TR>
            <TD>2760.000000</TD>
            <TD>0.026287</TD>
          </TR>
          <TR>
            <TD>2770.000000</TD>
            <TD>0.025833</TD>
          </TR>
          <TR>
            <TD>2780.000000</TD>
            <TD>0.025380</TD>
          </TR>
          <TR>
            <TD>2790.000000</TD>
            <TD>0.024897</TD>
          </TR>
          <TR>
            <TD>2800.000000</TD>
            <TD>0.024384</TD>
          </TR>
          <TR>
            <TD>2810.000000</TD>
            <TD>0.023881</TD>
          </TR>
          <TR>
            <TD>2820.000000</TD>
            <TD>0.023358</TD>
          </TR>
          <TR>
            <TD>2830.000000</TD>
            <TD>0.022796</TD>
          </TR>
          <TR>
            <TD>2840.000000</TD>
            <TD>0.022234</TD>
          </TR>
          <TR>
            <TD>2850.000000</TD>
            <TD>0.021682</TD>
          </TR>
          <TR>
            <TD>2860.000000</TD>
            <TD>0.021100</TD>
          </TR>
          <TR>
            <TD>2870.000000</TD>
            <TD>0.020519</TD>
          </TR>
          <TR>
            <TD>2880.000000</TD>
            <TD>0.019947</TD>
          </TR>
          <TR>
            <TD>2890.000000</TD>
            <TD>0.019355</TD>
          </TR>
          <TR>
            <TD>2900.000000</TD>
            <TD>0.018773</TD>
          </TR>
          <TR>
            <TD>2910.000000</TD>
            <TD>0.018192</TD>
          </TR>
          <TR>
            <TD>2920.000000</TD>
            <TD>0.017590</TD>
          </TR>
          <TR>
            <TD>2930.000000</TD>
            <TD>0.017028</TD>
          </TR>
          <TR>
            <TD>2940.000000</TD>
            <TD>0.016446</TD>
          </TR>
          <TR>
            <TD>2950.000000</TD>
            <TD>0.015875</TD>
          </TR>
          <TR>
            <TD>2960.000000</TD>
            <TD>0.015332</TD>
          </TR>
          <TR>
            <TD>2970.000000</TD>
            <TD>0.014770</TD>
          </TR>
          <TR>
            <TD>2980.000000</TD>
            <TD>0.014208</TD>
          </TR>
          <TR>
            <TD>2990.000000</TD>
            <TD>0.013696</TD>
          </TR>
          <TR>
            <TD>3000.000000</TD>
            <TD>0.013193</TD>
          </TR>
          <TR>
            <TD>3010.000000</TD>
            <TD>0.012700</TD>
          </TR>
          <TR>
            <TD>3020.000000</TD>
            <TD>0.012226</TD>
          </TR>
          <TR>
            <TD>3030.000000</TD>
            <TD>0.011773</TD>
          </TR>
          <TR>
            <TD>3040.000000</TD>
            <TD>0.011339</TD>
          </TR>
          <TR>
            <TD>3050.000000</TD>
            <TD>0.010895</TD>
          </TR>
          <TR>
            <TD>3060.000000</TD>
            <TD>0.010491</TD>
          </TR>
          <TR>
            <TD>3070.000000</TD>
            <TD>0.010087</TD>
          </TR>
          <TR>
            <TD>3080.000000</TD>
            <TD>0.009702</TD>
          </TR>
          <TR>
            <TD>3090.000000</TD>
            <TD>0.009328</TD>
          </TR>
          <TR>
            <TD>3100.000000</TD>
            <TD>0.008973</TD>
          </TR>
          <TR>
            <TD>3110.000000</TD>
            <TD>0.008618</TD>
          </TR>
          <TR>
            <TD>3120.000000</TD>
            <TD>0.008292</TD>
          </TR>
          <TR>
            <TD>3130.000000</TD>
            <TD>0.007957</TD>
          </TR>
          <TR>
            <TD>3140.000000</TD>
            <TD>0.007651</TD>
          </TR>
          <TR>
            <TD>3150.000000</TD>
            <TD>0.007346</TD>
          </TR>
          <TR>
            <TD>3160.000000</TD>
            <TD>0.007060</TD>
          </TR>
          <TR>
            <TD>3170.000000</TD>
            <TD>0.006774</TD>
          </TR>
          <TR>
            <TD>3180.000000</TD>
            <TD>0.006498</TD>
          </TR>
          <TR>
            <TD>3190.000000</TD>
            <TD>0.006232</TD>
          </TR>
          <TR>
            <TD>3200.000000</TD>
            <TD>0.005975</TD>
          </TR>
          <TR>
            <TD>3210.000000</TD>
            <TD>0.005729</TD>
          </TR>
          <TR>
            <TD>3220.000000</TD>
            <TD>0.005482</TD>
          </TR>
          <TR>
            <TD>3230.000000</TD>
            <TD>0.005246</TD>
          </TR>
          <TR>
            <TD>3240.000000</TD>
            <TD>0.005019</TD>
          </TR>
          <TR>
            <TD>3250.000000</TD>
            <TD>0.004802</TD>
          </TR>
          <TR>
            <TD>3260.000000</TD>
            <TD>0.004585</TD>
          </TR>
          <TR>
            <TD>3270.000000</TD>
            <TD>0.004378</TD>
          </TR>
          <TR>
            <TD>3280.000000</TD>
            <TD>0.004181</TD>
          </TR>
          <TR>
            <TD>3290.000000</TD>
            <TD>0.003983</TD>
          </TR>
          <TR>
            <TD>3300.000000</TD>
            <TD>0.003796</TD>
          </TR>
          <TR>
            <TD>3310.000000</TD>
            <TD>0.003619</TD>
          </TR>
          <TR>
            <TD>3320.000000</TD>
            <TD>0.003451</TD>
          </TR>
          <TR>
            <TD>3330.000000</TD>
            <TD>0.003283</TD>
          </TR>
          <TR>
            <TD>3340.000000</TD>
            <TD>0.003116</TD>
          </TR>
          <TR>
            <TD>3350.000000</TD>
            <TD>0.002968</TD>
          </TR>
          <TR>
            <TD>3360.000000</TD>
            <TD>0.002820</TD>
          </TR>
          <TR>
            <TD>3370.000000</TD>
            <TD>0.002672</TD>
          </TR>
          <TR>
            <TD>3380.000000</TD>
            <TD>0.002534</TD>
          </TR>
          <TR>
            <TD>3390.000000</TD>
            <TD>0.002406</TD>
          </TR>
          <TR>
            <TD>3400.000000</TD>
            <TD>0.002278</TD>
          </TR>
          <TR>
            <TD>3410.000000</TD>
            <TD>0.002159</TD>
          </TR>
          <TR>
            <TD>3420.000000</TD>
            <TD>0.002041</TD>
          </TR>
          <TR>
            <TD>3430.000000</TD>
            <TD>0.001933</TD>
          </TR>
          <TR>
            <TD>3440.000000</TD>
            <TD>0.001834</TD>
          </TR>
          <TR>
            <TD>3450.000000</TD>
            <TD>0.001726</TD>
          </TR>
          <TR>
            <TD>3460.000000</TD>
            <TD>0.001637</TD>
          </TR>
          <TR>
            <TD>3470.000000</TD>
            <TD>0.001548</TD>
          </TR>
          <TR>
            <TD>3480.000000</TD>
            <TD>0.001459</TD>
          </TR>
          <TR>
            <TD>3490.000000</TD>
            <TD>0.001380</TD>
          </TR>
          <TR>
            <TD>3500.000000</TD>
            <TD>0.001302</TD>
          </TR>
          <TR>
            <TD>3510.000000</TD>
            <TD>0.001233</TD>
          </TR>
          <TR>
            <TD>3520.000000</TD>
            <TD>0.001163</TD>
          </TR>
          <TR>
            <TD>3530.000000</TD>
            <TD>0.001104</TD>
          </TR>
          <TR>
            <TD>3540.000000</TD>
            <TD>0.001045</TD>
          </TR>
          <TR>
            <TD>3550.000000</TD>
            <TD>0.000986</TD>
          </TR>
          <TR>
            <TD>3560.000000</TD>
            <TD>0.000937</TD>
          </TR>
          <TR>
            <TD>3570.000000</TD>
            <TD>0.000887</TD>
          </TR>
          <TR>
            <TD>3580.000000</TD>
            <TD>0.000848</TD>
          </TR>
          <TR>
            <TD>3590.000000</TD>
            <TD>0.000799</TD>
          </TR>
          <TR>
            <TD>3600.000000</TD>
            <TD>0.000769</TD>
          </TR>
          <TR>
            <TD>3610.000000</TD>
            <TD>0.000730</TD>
          </TR>
          <TR>
            <TD>3620.000000</TD>
            <TD>0.000700</TD>
          </TR>
          <TR>
            <TD>3630.000000</TD>
            <TD>0.000670</TD>
          </TR>
          <TR>
            <TD>3640.000000</TD>
            <TD>0.000651</TD>
          </TR>
          <TR>
            <TD>3650.000000</TD>
            <TD>0.000631</TD>
          </TR>
          <TR>
            <TD>3660.000000</TD>
            <TD>0.000611</TD>
          </TR>
          <TR>
            <TD>3670.000000</TD>
            <TD>0.000592</TD>
          </TR>
          <TR>
            <TD>3680.000000</TD>
            <TD>0.000582</TD>
          </TR>
          <TR>
            <TD>3690.000000</TD>
            <TD>0.000572</TD>
          </TR>
          <TR>
            <TD>3700.000000</TD>
            <TD>0.000562</TD>
          </TR>
          <TR>
            <TD>3710.000000</TD>
            <TD>0.000552</TD>
          </TR>
          <TR>
            <TD>3720.000000</TD>
            <TD>0.000552</TD>
          </TR>
          <TR>
            <TD>3730.000000</TD>
            <TD>0.000542</TD>
          </TR>
          <TR>
            <TD>3740.000000</TD>
            <TD>0.000542</TD>
          </TR>
          <TR>
            <TD>3750.000000</TD>
            <TD>0.000542</TD>
          </TR>
          <TR>
            <TD>3760.000000</TD>
            <TD>0.000552</TD>
          </TR>
          <TR>
            <TD>3770.000000</TD>
            <TD>0.000552</TD>
          </TR>
          <TR>
            <TD>3780.000000</TD>
            <TD>0.000562</TD>
          </TR>
          <TR>
            <TD>3790.000000</TD>
            <TD>0.000562</TD>
          </TR>
          <TR>
            <TD>3800.000000</TD>
            <TD>0.000572</TD>
          </TR>
          <TR>
            <TD>3810.000000</TD>
            <TD>0.000582</TD>
          </TR>
          <TR>
            <TD>3820.000000</TD>
            <TD>0.000592</TD>
          </TR>
          <TR>
            <TD>3830.000000</TD>
            <TD>0.000611</TD>
          </TR>
          <TR>
            <TD>3840.000000</TD>
            <TD>0.000621</TD>
          </TR>
          <TR>
            <TD>3850.000000</TD>
            <TD>0.000631</TD>
          </TR>
          <TR>
            <TD>3860.000000</TD>
            <TD>0.000651</TD>
          </TR>
          <TR>
            <TD>3870.000000</TD>
            <TD>0.000661</TD>
          </TR>
          <TR>
            <TD>3880.000000</TD>
            <TD>0.000670</TD>
          </TR>
          <TR>
            <TD>3890.000000</TD>
            <TD>0.000690</TD>
          </TR>
          <TR>
            <TD>3900.000000</TD>
            <TD>0.000710</TD>
          </TR>
          <TR>
            <TD>3910.000000</TD>
            <TD>0.000720</TD>
          </TR>
          <TR>
            <TD>3920.000000</TD>
            <TD>0.000740</TD>
          </TR>
          <TR>
            <TD>3930.000000</TD>
            <TD>0.000749</TD>
          </TR>
          <TR>
            <TD>3940.000000</TD>
            <TD>0.000769</TD>
          </TR>
          <TR>
            <TD>3950.000000</TD>
            <TD>0.000779</TD>
          </TR>
          <TR>
            <TD>3960.000000</TD>
            <TD>0.000789</TD>
          </TR>
          <TR>
            <TD>3970.000000</TD>
            <TD>0.000809</TD>
          </TR>
          <TR>
            <TD>3980.000000</TD>
            <TD>0.000818</TD>
          </TR>
          <TR>
            <TD>3990.000000</TD>
            <TD>0.000828</TD>
          </TR>
          <TR>
            <TD>4000.000000</TD>
            <TD>0.000848</TD>
          </TR>
          <TR>
            <TD>4010.000000</TD>
            <TD>0.000858</TD>
          </TR>
          <TR>
            <TD>4020.000000</TD>
            <TD>0.000858</TD>
          </TR>
          <TR>
            <TD>4030.000000</TD>
            <TD>0.000868</TD>
          </TR>
          <TR>
            <TD>4040.000000</TD>
            <TD>0.000878</TD>
          </TR>
          <TR>
            <TD>4050.000000</TD>
            <TD>0.000887</TD>
          </TR>
          <TR>
            <TD>4060.000000</TD>
            <TD>0.000887</TD>
          </TR>
          <TR>
            <TD>4070.000000</TD>
            <TD>0.000897</TD>
          </TR>
          <TR>
            <TD>4080.000000</TD>
            <TD>0.000897</TD>
          </TR>
          <TR>
            <TD>4090.000000</TD>
            <TD>0.000897</TD>
          </TR>
          <TR>
            <TD>4100.000000</TD>
            <TD>0.000897</TD>
          </TR>
          <TR>
            <TD>4110.000000</TD>
            <TD>0.000907</TD>
          </TR>
          <TR>
            <TD>4120.000000</TD>
            <TD>0.000907</TD>
          </TR>
          <TR>
            <TD>4130.000000</TD>
            <TD>0.000907</TD>
          </TR>
          <TR>
            <TD>4140.000000</TD>
            <TD>0.000907</TD>
          </TR>
          <TR>
            <TD>4150.000000</TD>
            <TD>0.000897</TD>
          </TR>
          <TR>
            <TD>4160.000000</TD>
            <TD>0.000897</TD>
          </TR>
          <TR>
            <TD>4170.000000</TD>
            <TD>0.000897</TD>
          </TR>
          <TR>
            <TD>4180.000000</TD>
            <TD>0.000897</TD>
          </TR>
          <TR>
            <TD>4190.000000</TD>
            <TD>0.000887</TD>
          </TR>
          <TR>
            <TD>4200.000000</TD>
            <TD>0.000887</TD>
          </TR>
          <TR>
            <TD>4210.000000</TD>
            <TD>0.000878</TD>
          </TR>
          <TR>
            <TD>4220.000000</TD>
            <TD>0.000878</TD>
          </TR>
          <TR>
            <TD>4230.000000</TD>
            <TD>0.000868</TD>
          </TR>
          <TR>
            <TD>4240.000000</TD>
            <TD>0.000858</TD>
          </TR>
          <TR>
            <TD>4250.000000</TD>
            <TD>0.000858</TD>
          </TR>
          <TR>
            <TD>4260.000000</TD>
            <TD>0.000848</TD>
          </TR>
          <TR>
            <TD>4270.000000</TD>
            <TD>0.000838</TD>
          </TR>
          <TR>
            <TD>4280.000000</TD>
            <TD>0.000828</TD>
          </TR>
          <TR>
            <TD>4290.000000</TD>
            <TD>0.000818</TD>
          </TR>
          <TR>
            <TD>4300.000000</TD>
            <TD>0.000809</TD>
          </TR>
          <TR>
            <TD>4310.000000</TD>
            <TD>0.000799</TD>
          </TR>
          <TR>
            <TD>4320.000000</TD>
            <TD>0.000789</TD>
          </TR>
          <TR>
            <TD>4330.000000</TD>
            <TD>0.000779</TD>
          </TR>
          <TR>
            <TD>4340.000000</TD>
            <TD>0.000769</TD>
          </TR>
          <TR>
            <TD>4350.000000</TD>
            <TD>0.000759</TD>
          </TR>
          <TR>
            <TD>4360.000000</TD>
            <TD>0.000749</TD>
          </TR>
          <TR>
            <TD>4370.000000</TD>
            <TD>0.000740</TD>
          </TR>
          <TR>
            <TD>4380.000000</TD>
            <TD>0.000730</TD>
          </TR>
          <TR>
            <TD>4390.000000</TD>
            <TD>0.000720</TD>
          </TR>
          <TR>
            <TD>4400.000000</TD>
            <TD>0.000710</TD>
          </TR>
          <TR>
            <TD>4410.000000</TD>
            <TD>0.000700</TD>
          </TR>
          <TR>
            <TD>4420.000000</TD>
            <TD>0.000690</TD>
          </TR>
          <TR>
            <TD>4430.000000</TD>
            <TD>0.000680</TD>
          </TR>
          <TR>
            <TD>4440.000000</TD>
            <TD>0.000670</TD>
          </TR>
          <TR>
            <TD>4450.000000</TD>
            <TD>0.000651</TD>
          </TR>
          <TR>
            <TD>4460.000000</TD>
            <TD>0.000641</TD>
          </TR>
          <TR>
            <TD>4470.000000</TD>
            <TD>0.000631</TD>
          </TR>
          <TR>
            <TD>4480.000000</TD>
            <TD>0.000621</TD>
          </TR>
          <TR>
            <TD>4490.000000</TD>
            <TD>0.000611</TD>
          </TR>
          <TR>
            <TD>4500.000000</TD>
            <TD>0.000601</TD>
          </TR>
          <TR>
            <TD>4510.000000</TD>
            <TD>0.000592</TD>
          </TR>
          <TR>
            <TD>4520.000000</TD>
            <TD>0.000582</TD>
          </TR>
          <TR>
            <TD>4530.000000</TD>
            <TD>0.000572</TD>
          </TR>
          <TR>
            <TD>4540.000000</TD>
            <TD>0.000562</TD>
          </TR>
          <TR>
            <TD>4550.000000</TD>
            <TD>0.000552</TD>
          </TR>
          <TR>
            <TD>4560.000000</TD>
            <TD>0.000542</TD>
          </TR>
          <TR>
            <TD>4570.000000</TD>
            <TD>0.000532</TD>
          </TR>
          <TR>
            <TD>4580.000000</TD>
            <TD>0.000523</TD>
          </TR>
          <TR>
            <TD>4590.000000</TD>
            <TD>0.000513</TD>
          </TR>
          <TR>
            <TD>4600.000000</TD>
            <TD>0.000503</TD>
          </TR>
          <TR>
            <TD>4610.000000</TD>
            <TD>0.000503</TD>
          </TR>
          <TR>
            <TD>4620.000000</TD>
            <TD>0.000493</TD>
          </TR>
          <TR>
            <TD>4630.000000</TD>
            <TD>0.000483</TD>
          </TR>
          <TR>
            <TD>4640.000000</TD>
            <TD>0.000473</TD>
          </TR>
          <TR>
            <TD>4650.000000</TD>
            <TD>0.000463</TD>
          </TR>
          <TR>
            <TD>4660.000000</TD>
            <TD>0.000454</TD>
          </TR>
          <TR>
            <TD>4670.000000</TD>
            <TD>0.000454</TD>
          </TR>
          <TR>
            <TD>4680.000000</TD>
            <TD>0.000444</TD>
          </TR>
          <TR>
            <TD>4690.000000</TD>
            <TD>0.000434</TD>
          </TR>
          <TR>
            <TD>4700.000000</TD>
            <TD>0.000424</TD>
          </TR>
          <TR>
            <TD>4710.000000</TD>
            <TD>0.000424</TD>
          </TR>
          <TR>
            <TD>4720.000000</TD>
            <TD>0.000414</TD>
          </TR>
          <TR>
            <TD>4730.000000</TD>
            <TD>0.000404</TD>
          </TR>
          <TR>
            <TD>4740.000000</TD>
            <TD>0.000404</TD>
          </TR>
          <TR>
            <TD>4750.000000</TD>
            <TD>0.000394</TD>
          </TR>
          <TR>
            <TD>4760.000000</TD>
            <TD>0.000385</TD>
          </TR>
          <TR>
            <TD>4770.000000</TD>
            <TD>0.000385</TD>
          </TR>
          <TR>
            <TD>4780.000000</TD>
            <TD>0.000375</TD>
          </TR>
          <TR>
            <TD>4790.000000</TD>
            <TD>0.000365</TD>
          </TR>
          <TR>
            <TD>4800.000000</TD>
            <TD>0.000365</TD>
          </TR>
          <TR>
            <TD>4810.000000</TD>
            <TD>0.000355</TD>
          </TR>
          <TR>
            <TD>4820.000000</TD>
            <TD>0.000345</TD>
          </TR>
          <TR>
            <TD>4830.000000</TD>
            <TD>0.000345</TD>
          </TR>
          <TR>
            <TD>4840.000000</TD>
            <TD>0.000335</TD>
          </TR>
          <TR>
            <TD>4850.000000</TD>
            <TD>0.000335</TD>
          </TR>
          <TR>
            <TD>4860.000000</TD>
            <TD>0.000325</TD>
          </TR>
          <TR>
            <TD>4870.000000</TD>
            <TD>0.000325</TD>
          </TR>
          <TR>
            <TD>4880.000000</TD>
            <TD>0.000316</TD>
          </TR>
          <TR>
            <TD>4890.000000</TD>
            <TD>0.000316</TD>
          </TR>
          <TR>
            <TD>4900.000000</TD>
            <TD>0.000306</TD>
          </TR>
          <TR>
            <TD>4910.000000</TD>
            <TD>0.000306</TD>
          </TR>
          <TR>
            <TD>4920.000000</TD>
            <TD>0.000296</TD>
          </TR>
          <TR>
            <TD>4930.000000</TD>
            <TD>0.000296</TD>
          </TR>
          <TR>
            <TD>4940.000000</TD>
            <TD>0.000286</TD>
          </TR>
          <TR>
            <TD>4950.000000</TD>
            <TD>0.000286</TD>
          </TR>
          <TR>
            <TD>4960.000000</TD>
            <TD>0.000276</TD>
          </TR>
          <TR>
            <TD>4970.000000</TD>
            <TD>0.000276</TD>
          </TR>
          <TR>
            <TD>4980.000000</TD>
            <TD>0.000276</TD>
          </TR>
          <TR>
            <TD>4990.000000</TD>
            <TD>0.000266</TD>
          </TR>
          <TR>
            <TD>5000.000000</TD>
            <TD>0.000266</TD>
          </TR>
          <TR>
            <TD>5010.000000</TD>
            <TD>0.000256</TD>
          </TR>
          <TR>
            <TD>5020.000000</TD>
            <TD>0.000256</TD>
          </TR>
          <TR>
            <TD>5030.000000</TD>
            <TD>0.000256</TD>
          </TR>
          <TR>
            <TD>5040.000000</TD>
            <TD>0.000246</TD>
          </TR>
          <TR>
            <TD>5050.000000</TD>
            <TD>0.000246</TD>
          </TR>
          <TR>
            <TD>5060.000000</TD>
            <TD>0.000246</TD>
          </TR>
          <TR>
            <TD>5070.000000</TD>
            <TD>0.000237</TD>
          </TR>
          <TR>
            <TD>5080.000000</TD>
            <TD>0.000237</TD>
          </TR>
          <TR>
            <TD>5090.000000</TD>
            <TD>0.000237</TD>
          </TR>
          <TR>
            <TD>5100.000000</TD>
            <TD>0.000227</TD>
          </TR>
          <TR>
            <TD>5110.000000</TD>
            <TD>0.000227</TD>
          </TR>
          <TR>
            <TD>5120.000000</TD>
            <TD>0.000227</TD>
          </TR>
          <TR>
            <TD>5130.000000</TD>
            <TD>0.000227</TD>
          </TR>
          <TR>
            <TD>5140.000000</TD>
            <TD>0.000217</TD>
          </TR>
          <TR>
            <TD>5150.000000</TD>
            <TD>0.000217</TD>
          </TR>
          <TR>
            <TD>5160.000000</TD>
            <TD>0.000217</TD>
          </TR>
          <TR>
            <TD>5170.000000</TD>
            <TD>0.000207</TD>
          </TR>
          <TR>
            <TD>5180.000000</TD>
            <TD>0.000207</TD>
          </TR>
          <TR>
            <TD>5190.000000</TD>
            <TD>0.000207</TD>
          </TR>
          <TR>
            <TD>5200.000000</TD>
            <TD>0.000207</TD>
          </TR>
          <TR>
            <TD>5210.000000</TD>
            <TD>0.000000</TD>
          </TR>
        </TABLEDATA>
      </DATA>
    </TABLE>
  </RESOURCE>
</VOTABLE>
