<?xml version="1.0"?>
<VOTABLE version="1.1" xsi:schemaLocation="http://www.ivoa.net/xml/VOTable/v1.1" xmlns:xsi="http://www.w3.org/2001/XMLSchema-instance">
  <INFO name="QUERY_STATUS" value="OK"/>
  <RESOURCE type="results">
    <PARAM name="FilterProfileService" value="ivo://svo/fps" ucd="meta.ref.ivorn" utype="PhotometryFilter.fpsIdentifier" datatype="char" arraysize="*"/>
    <PARAM name="filterID" value="Swift/UVOT.UVW1" ucd="meta.id" utype="photdm:PhotometryFilter.identifier" datatype="char" arraysize="*"/>
    <PARAM name="WavelengthUnit" value="Angstrom" ucd="meta.unit" utype="PhotometryFilter.SpectralAxis.unit" datatype="char" arraysize="*"/>
    <PARAM name="WavelengthUCD" value="em.wl" ucd="meta.ucd" utype="PhotometryFilter.SpectralAxis.UCD" datatype="char" arraysize="*"/>
    <PARAM name="Description" value="UVOT UVW1 filter" ucd="meta.note" utype="photdm:PhotometryFilter.description" datatype="char" arraysize="*"/>
    <PARAM name="PhotSystem" value="UVOT" utype="photdm:PhotometricSystem.description" datatype="char" arraysize="*">
       <DESCRIPTION>Photometric system</DESCRIPTION>
    </PARAM>
    <PARAM name="Instrument" value="UVOT" ucd="instr" datatype="char" arraysize="*">
       <DESCRIPTION>Instrument</DESCRIPTION>
    </PARAM>
    <PARAM name="Facility" value="Swift" ucd="instr.obsty" datatype="char" arraysize="*">
       <DESCRIPTION>Observational facility</DESCRIPTION>
    </PARAM>
    <PARAM name="Description" value="UVOT UVW1 filter" ucd="meta.note" utype="photdm:PhotometryFilter.description" datatype="char" arraysize="*"/>
    <PARAM name="WavelengthMean" value="2613.7137031217" unit="Angstrom" ucd="em.wl" utype="photdm:PhotometryFilter.SpectralAxis.Coverage.Location.Value" datatype="float" >
       <DESCRIPTION>Mean wavelength. Defined as integ[x*filter(x) dx]/integ[filter(x) dx]</DESCRIPTION>
    </PARAM>
    <PARAM name="WavelengthEff" value="2589.1161150507" unit="Angstrom" ucd="em.wl.effective" datatype="float" >
       <DESCRIPTION>Effective wavelength. Defined as integ[x*filter(x)*vega(x) dx]/integ[filter(x)*vega(x) dx]</DESCRIPTION>
    </PARAM>
    <PARAM name="WavelengthMin" value="1608.946184739" unit="Angstrom" ucd="em.wl;stat.min" utype="photdm:PhotometryFilter.SpectralAxis.Coverage.Bounds.Start" datatype="float" >
       <DESCRIPTION>Minimum filter wavelength. Defined as the first lambda value with a transmission at least 1% of maximum transmission</DESCRIPTION>
    </PARAM>
    <PARAM name="WavelengthMax" value="4570.3428571429" unit="Angstrom" ucd="em.wl;stat.max" utype="photdm:PhotometryFilter.SpectralAxis.Coverage.Bounds.Stop" datatype="float" >
       <DESCRIPTION>Maximum filter wavelength. Defined as the last lambda value with a transmission at least 1% of maximum transmission</DESCRIPTION>
    </PARAM>
    <PARAM name="WidthEff" value="794.78798207274" unit="Angstrom" ucd="instr.bandwidth" utype="photdm:PhotometryFilter.SpectralAxis.Coverage.Bounds.Extent" datatype="float" >
       <DESCRIPTION>Effective width. Defined as integ[x*filter(x) dx].\nEquivalent to the horizontal size of a rectangle with height equal to maximum transmission and with the same area that the one covered by the filter transmission curve.</DESCRIPTION>
    </PARAM>
    <PARAM name="WavelengthCen" value="2604.5691648135" unit="Angstrom" ucd="em.wl" datatype="float" >
       <DESCRIPTION>Central wavelength. Defined as the central wavelength between the two points defining FWMH</DESCRIPTION>
    </PARAM>
    <PARAM name="WavelengthPivot" value="2580.39194472" unit="Angstrom" ucd="em.wl" datatype="float" >
       <DESCRIPTION>Peak wavelength. Defined as sqrt{integ[x*filter(x) dx]/integ[filter(x) dx/x]}</DESCRIPTION>
    </PARAM>
    <PARAM name="WavelengthPeak" value="2570" unit="Angstrom" ucd="em.wl" datatype="float" >
       <DESCRIPTION>Peak wavelength. Defined as the lambda value with larger transmission</DESCRIPTION>
    </PARAM>
    <PARAM name="WavelengthPhot" value="2683.2105587989" unit="Angstrom" ucd="em.wl" datatype="float" >
       <DESCRIPTION>Photon distribution based effective wavelength. Defined as integ[x^2*filter(x)*vega(x) dx]/integ[x*filter(x)*vega(x) dx]</DESCRIPTION>
    </PARAM>
    <PARAM name="FWHM" value="652.86545109128" unit="Angstrom" ucd="instr.bandwidth" datatype="float" >
       <DESCRIPTION>Full width at half maximum. Defined as the difference between the two wavelengths for which filter transmission is half maximum</DESCRIPTION>
    </PARAM>
    <PARAM name="PhotCalID" value="Swift/UVOT.UVW1/Vega" ucd="meta.id" utype="photdm:PhotCal.identifier" datatype="char" arraysize="*"/>
    <PARAM name="MagSys" value="Vega" ucd="meta.code" utype="photdm:PhotCal.MagnitudeSystem.type" datatype="char" arraysize="*"/>
    <PARAM name="ZeroPoint" value="921.28760706564" unit="Jy" ucd="phot.flux.density" utype="photdm:PhotCal.ZeroPoint.Flux.value" datatype="float" />
    <PARAM name="ZeroPointUnit" value="Jy" ucd="meta.unit" utype="photdm:PhotCal.ZeroPoint.Flux.unit" datatype="char" arraysize="*"/>
    <PARAM name="ZeroPointType" value="Pogson" ucd="meta.code" utype="photdm:PhotCal.ZeroPoint.type" datatype="char" arraysize="*"/>
    <TABLE utype="photdm:PhotometryFilter.transmissionCurve.spectrum">
      <FIELD name="Wavelength" utype="spec:Data.SpectralAxis.Value" ucd="em.wl" unit="Angstrom" datatype="float"/>
      <FIELD name="Transmission" utype="spec:Data.FluxAxis.Value" ucd="phys.transmission" unit="" datatype="float"/>
      <DATA>
        <TABLEDATA>
          <TR>
            <TD>1600.000000</TD>
            <TD>0.000000</TD>
          </TR>
          <TR>
            <TD>1610.000000</TD>
            <TD>0.002490</TD>
          </TR>
          <TR>
            <TD>1620.000000</TD>
            <TD>0.004990</TD>
          </TR>
          <TR>
            <TD>1630.000000</TD>
            <TD>0.007490</TD>
          </TR>
          <TR>
            <TD>1640.000000</TD>
            <TD>0.009980</TD>
          </TR>
          <TR>
            <TD>1650.000000</TD>
            <TD>0.012470</TD>
          </TR>
          <TR>
            <TD>1660.000000</TD>
            <TD>0.014970</TD>
          </TR>
          <TR>
            <TD>1670.000000</TD>
            <TD>0.017470</TD>
          </TR>
          <TR>
            <TD>1680.000000</TD>
            <TD>0.019170</TD>
          </TR>
          <TR>
            <TD>1690.000000</TD>
            <TD>0.020410</TD>
          </TR>
          <TR>
            <TD>1700.000000</TD>
            <TD>0.021420</TD>
          </TR>
          <TR>
            <TD>1710.000000</TD>
            <TD>0.021590</TD>
          </TR>
          <TR>
            <TD>1720.000000</TD>
            <TD>0.021960</TD>
          </TR>
          <TR>
            <TD>1730.000000</TD>
            <TD>0.023300</TD>
          </TR>
          <TR>
            <TD>1740.000000</TD>
            <TD>0.024600</TD>
          </TR>
          <TR>
            <TD>1750.000000</TD>
            <TD>0.025680</TD>
          </TR>
          <TR>
            <TD>1760.000000</TD>
            <TD>0.026730</TD>
          </TR>
          <TR>
            <TD>1770.000000</TD>
            <TD>0.027360</TD>
          </TR>
          <TR>
            <TD>1780.000000</TD>
            <TD>0.027980</TD>
          </TR>
          <TR>
            <TD>1790.000000</TD>
            <TD>0.028580</TD>
          </TR>
          <TR>
            <TD>1800.000000</TD>
            <TD>0.029150</TD>
          </TR>
          <TR>
            <TD>1810.000000</TD>
            <TD>0.029880</TD>
          </TR>
          <TR>
            <TD>1820.000000</TD>
            <TD>0.030580</TD>
          </TR>
          <TR>
            <TD>1830.000000</TD>
            <TD>0.031090</TD>
          </TR>
          <TR>
            <TD>1840.000000</TD>
            <TD>0.031910</TD>
          </TR>
          <TR>
            <TD>1850.000000</TD>
            <TD>0.032710</TD>
          </TR>
          <TR>
            <TD>1860.000000</TD>
            <TD>0.033480</TD>
          </TR>
          <TR>
            <TD>1870.000000</TD>
            <TD>0.034380</TD>
          </TR>
          <TR>
            <TD>1880.000000</TD>
            <TD>0.035420</TD>
          </TR>
          <TR>
            <TD>1890.000000</TD>
            <TD>0.037870</TD>
          </TR>
          <TR>
            <TD>1900.000000</TD>
            <TD>0.038810</TD>
          </TR>
          <TR>
            <TD>1910.000000</TD>
            <TD>0.038750</TD>
          </TR>
          <TR>
            <TD>1920.000000</TD>
            <TD>0.039620</TD>
          </TR>
          <TR>
            <TD>1930.000000</TD>
            <TD>0.039990</TD>
          </TR>
          <TR>
            <TD>1940.000000</TD>
            <TD>0.040640</TD>
          </TR>
          <TR>
            <TD>1950.000000</TD>
            <TD>0.041250</TD>
          </TR>
          <TR>
            <TD>1960.000000</TD>
            <TD>0.042120</TD>
          </TR>
          <TR>
            <TD>1970.000000</TD>
            <TD>0.043090</TD>
          </TR>
          <TR>
            <TD>1980.000000</TD>
            <TD>0.044300</TD>
          </TR>
          <TR>
            <TD>1990.000000</TD>
            <TD>0.045030</TD>
          </TR>
          <TR>
            <TD>2000.000000</TD>
            <TD>0.046140</TD>
          </TR>
          <TR>
            <TD>2010.000000</TD>
            <TD>0.046770</TD>
          </TR>
          <TR>
            <TD>2020.000000</TD>
            <TD>0.047370</TD>
          </TR>
          <TR>
            <TD>2030.000000</TD>
            <TD>0.048180</TD>
          </TR>
          <TR>
            <TD>2040.000000</TD>
            <TD>0.048940</TD>
          </TR>
          <TR>
            <TD>2050.000000</TD>
            <TD>0.049650</TD>
          </TR>
          <TR>
            <TD>2060.000000</TD>
            <TD>0.050560</TD>
          </TR>
          <TR>
            <TD>2070.000000</TD>
            <TD>0.051410</TD>
          </TR>
          <TR>
            <TD>2080.000000</TD>
            <TD>0.052440</TD>
          </TR>
          <TR>
            <TD>2090.000000</TD>
            <TD>0.053520</TD>
          </TR>
          <TR>
            <TD>2100.000000</TD>
            <TD>0.054750</TD>
          </TR>
          <TR>
            <TD>2110.000000</TD>
            <TD>0.056590</TD>
          </TR>
          <TR>
            <TD>2120.000000</TD>
            <TD>0.058440</TD>
          </TR>
          <TR>
            <TD>2130.000000</TD>
            <TD>0.060610</TD>
          </TR>
          <TR>
            <TD>2140.000000</TD>
            <TD>0.062650</TD>
          </TR>
          <TR>
            <TD>2150.000000</TD>
            <TD>0.064880</TD>
          </TR>
          <TR>
            <TD>2160.000000</TD>
            <TD>0.067270</TD>
          </TR>
          <TR>
            <TD>2170.000000</TD>
            <TD>0.069810</TD>
          </TR>
          <TR>
            <TD>2180.000000</TD>
            <TD>0.072190</TD>
          </TR>
          <TR>
            <TD>2190.000000</TD>
            <TD>0.074490</TD>
          </TR>
          <TR>
            <TD>2200.000000</TD>
            <TD>0.077080</TD>
          </TR>
          <TR>
            <TD>2210.000000</TD>
            <TD>0.079160</TD>
          </TR>
          <TR>
            <TD>2220.000000</TD>
            <TD>0.082650</TD>
          </TR>
          <TR>
            <TD>2230.000000</TD>
            <TD>0.086340</TD>
          </TR>
          <TR>
            <TD>2240.000000</TD>
            <TD>0.090040</TD>
          </TR>
          <TR>
            <TD>2250.000000</TD>
            <TD>0.095250</TD>
          </TR>
          <TR>
            <TD>2260.000000</TD>
            <TD>0.100860</TD>
          </TR>
          <TR>
            <TD>2270.000000</TD>
            <TD>0.106490</TD>
          </TR>
          <TR>
            <TD>2280.000000</TD>
            <TD>0.112500</TD>
          </TR>
          <TR>
            <TD>2290.000000</TD>
            <TD>0.118630</TD>
          </TR>
          <TR>
            <TD>2300.000000</TD>
            <TD>0.124780</TD>
          </TR>
          <TR>
            <TD>2310.000000</TD>
            <TD>0.131040</TD>
          </TR>
          <TR>
            <TD>2320.000000</TD>
            <TD>0.137610</TD>
          </TR>
          <TR>
            <TD>2330.000000</TD>
            <TD>0.144000</TD>
          </TR>
          <TR>
            <TD>2340.000000</TD>
            <TD>0.149940</TD>
          </TR>
          <TR>
            <TD>2350.000000</TD>
            <TD>0.157130</TD>
          </TR>
          <TR>
            <TD>2360.000000</TD>
            <TD>0.164540</TD>
          </TR>
          <TR>
            <TD>2370.000000</TD>
            <TD>0.171770</TD>
          </TR>
          <TR>
            <TD>2380.000000</TD>
            <TD>0.178740</TD>
          </TR>
          <TR>
            <TD>2390.000000</TD>
            <TD>0.185350</TD>
          </TR>
          <TR>
            <TD>2400.000000</TD>
            <TD>0.191880</TD>
          </TR>
          <TR>
            <TD>2410.000000</TD>
            <TD>0.197850</TD>
          </TR>
          <TR>
            <TD>2420.000000</TD>
            <TD>0.203640</TD>
          </TR>
          <TR>
            <TD>2430.000000</TD>
            <TD>0.209060</TD>
          </TR>
          <TR>
            <TD>2440.000000</TD>
            <TD>0.214010</TD>
          </TR>
          <TR>
            <TD>2450.000000</TD>
            <TD>0.216370</TD>
          </TR>
          <TR>
            <TD>2460.000000</TD>
            <TD>0.218330</TD>
          </TR>
          <TR>
            <TD>2470.000000</TD>
            <TD>0.219630</TD>
          </TR>
          <TR>
            <TD>2480.000000</TD>
            <TD>0.220830</TD>
          </TR>
          <TR>
            <TD>2490.000000</TD>
            <TD>0.221540</TD>
          </TR>
          <TR>
            <TD>2500.000000</TD>
            <TD>0.221870</TD>
          </TR>
          <TR>
            <TD>2510.000000</TD>
            <TD>0.222100</TD>
          </TR>
          <TR>
            <TD>2520.000000</TD>
            <TD>0.222030</TD>
          </TR>
          <TR>
            <TD>2530.000000</TD>
            <TD>0.221770</TD>
          </TR>
          <TR>
            <TD>2540.000000</TD>
            <TD>0.221110</TD>
          </TR>
          <TR>
            <TD>2550.000000</TD>
            <TD>0.222220</TD>
          </TR>
          <TR>
            <TD>2560.000000</TD>
            <TD>0.222690</TD>
          </TR>
          <TR>
            <TD>2570.000000</TD>
            <TD>0.222760</TD>
          </TR>
          <TR>
            <TD>2580.000000</TD>
            <TD>0.222530</TD>
          </TR>
          <TR>
            <TD>2590.000000</TD>
            <TD>0.222300</TD>
          </TR>
          <TR>
            <TD>2600.000000</TD>
            <TD>0.221780</TD>
          </TR>
          <TR>
            <TD>2610.000000</TD>
            <TD>0.221170</TD>
          </TR>
          <TR>
            <TD>2620.000000</TD>
            <TD>0.220260</TD>
          </TR>
          <TR>
            <TD>2630.000000</TD>
            <TD>0.219350</TD>
          </TR>
          <TR>
            <TD>2640.000000</TD>
            <TD>0.218150</TD>
          </TR>
          <TR>
            <TD>2650.000000</TD>
            <TD>0.216280</TD>
          </TR>
          <TR>
            <TD>2660.000000</TD>
            <TD>0.214120</TD>
          </TR>
          <TR>
            <TD>2670.000000</TD>
            <TD>0.211770</TD>
          </TR>
          <TR>
            <TD>2680.000000</TD>
            <TD>0.209810</TD>
          </TR>
          <TR>
            <TD>2690.000000</TD>
            <TD>0.207280</TD>
          </TR>
          <TR>
            <TD>2700.000000</TD>
            <TD>0.204760</TD>
          </TR>
          <TR>
            <TD>2710.000000</TD>
            <TD>0.202140</TD>
          </TR>
          <TR>
            <TD>2720.000000</TD>
            <TD>0.199440</TD>
          </TR>
          <TR>
            <TD>2730.000000</TD>
            <TD>0.196650</TD>
          </TR>
          <TR>
            <TD>2740.000000</TD>
            <TD>0.193770</TD>
          </TR>
          <TR>
            <TD>2750.000000</TD>
            <TD>0.190040</TD>
          </TR>
          <TR>
            <TD>2760.000000</TD>
            <TD>0.186030</TD>
          </TR>
          <TR>
            <TD>2770.000000</TD>
            <TD>0.182410</TD>
          </TR>
          <TR>
            <TD>2780.000000</TD>
            <TD>0.178520</TD>
          </TR>
          <TR>
            <TD>2790.000000</TD>
            <TD>0.174450</TD>
          </TR>
          <TR>
            <TD>2800.000000</TD>
            <TD>0.170490</TD>
          </TR>
          <TR>
            <TD>2810.000000</TD>
            <TD>0.166340</TD>
          </TR>
          <TR>
            <TD>2820.000000</TD>
            <TD>0.162120</TD>
          </TR>
          <TR>
            <TD>2830.000000</TD>
            <TD>0.157900</TD>
          </TR>
          <TR>
            <TD>2840.000000</TD>
            <TD>0.153510</TD>
          </TR>
          <TR>
            <TD>2850.000000</TD>
            <TD>0.149230</TD>
          </TR>
          <TR>
            <TD>2860.000000</TD>
            <TD>0.144860</TD>
          </TR>
          <TR>
            <TD>2870.000000</TD>
            <TD>0.140510</TD>
          </TR>
          <TR>
            <TD>2880.000000</TD>
            <TD>0.136450</TD>
          </TR>
          <TR>
            <TD>2890.000000</TD>
            <TD>0.132120</TD>
          </TR>
          <TR>
            <TD>2900.000000</TD>
            <TD>0.127810</TD>
          </TR>
          <TR>
            <TD>2910.000000</TD>
            <TD>0.122880</TD>
          </TR>
          <TR>
            <TD>2920.000000</TD>
            <TD>0.117300</TD>
          </TR>
          <TR>
            <TD>2930.000000</TD>
            <TD>0.111910</TD>
          </TR>
          <TR>
            <TD>2940.000000</TD>
            <TD>0.106620</TD>
          </TR>
          <TR>
            <TD>2950.000000</TD>
            <TD>0.101440</TD>
          </TR>
          <TR>
            <TD>2960.000000</TD>
            <TD>0.096440</TD>
          </TR>
          <TR>
            <TD>2970.000000</TD>
            <TD>0.091710</TD>
          </TR>
          <TR>
            <TD>2980.000000</TD>
            <TD>0.087150</TD>
          </TR>
          <TR>
            <TD>2990.000000</TD>
            <TD>0.082690</TD>
          </TR>
          <TR>
            <TD>3000.000000</TD>
            <TD>0.078410</TD>
          </TR>
          <TR>
            <TD>3010.000000</TD>
            <TD>0.074450</TD>
          </TR>
          <TR>
            <TD>3020.000000</TD>
            <TD>0.070580</TD>
          </TR>
          <TR>
            <TD>3030.000000</TD>
            <TD>0.066790</TD>
          </TR>
          <TR>
            <TD>3040.000000</TD>
            <TD>0.063310</TD>
          </TR>
          <TR>
            <TD>3050.000000</TD>
            <TD>0.059070</TD>
          </TR>
          <TR>
            <TD>3060.000000</TD>
            <TD>0.055000</TD>
          </TR>
          <TR>
            <TD>3070.000000</TD>
            <TD>0.051330</TD>
          </TR>
          <TR>
            <TD>3080.000000</TD>
            <TD>0.047820</TD>
          </TR>
          <TR>
            <TD>3090.000000</TD>
            <TD>0.044610</TD>
          </TR>
          <TR>
            <TD>3100.000000</TD>
            <TD>0.041480</TD>
          </TR>
          <TR>
            <TD>3110.000000</TD>
            <TD>0.038640</TD>
          </TR>
          <TR>
            <TD>3120.000000</TD>
            <TD>0.036010</TD>
          </TR>
          <TR>
            <TD>3130.000000</TD>
            <TD>0.033380</TD>
          </TR>
          <TR>
            <TD>3140.000000</TD>
            <TD>0.031010</TD>
          </TR>
          <TR>
            <TD>3150.000000</TD>
            <TD>0.029490</TD>
          </TR>
          <TR>
            <TD>3160.000000</TD>
            <TD>0.028010</TD>
          </TR>
          <TR>
            <TD>3170.000000</TD>
            <TD>0.026620</TD>
          </TR>
          <TR>
            <TD>3180.000000</TD>
            <TD>0.025260</TD>
          </TR>
          <TR>
            <TD>3190.000000</TD>
            <TD>0.024000</TD>
          </TR>
          <TR>
            <TD>3200.000000</TD>
            <TD>0.022290</TD>
          </TR>
          <TR>
            <TD>3210.000000</TD>
            <TD>0.021210</TD>
          </TR>
          <TR>
            <TD>3220.000000</TD>
            <TD>0.020100</TD>
          </TR>
          <TR>
            <TD>3230.000000</TD>
            <TD>0.019130</TD>
          </TR>
          <TR>
            <TD>3240.000000</TD>
            <TD>0.018130</TD>
          </TR>
          <TR>
            <TD>3250.000000</TD>
            <TD>0.017110</TD>
          </TR>
          <TR>
            <TD>3260.000000</TD>
            <TD>0.016110</TD>
          </TR>
          <TR>
            <TD>3270.000000</TD>
            <TD>0.015180</TD>
          </TR>
          <TR>
            <TD>3280.000000</TD>
            <TD>0.014340</TD>
          </TR>
          <TR>
            <TD>3290.000000</TD>
            <TD>0.013520</TD>
          </TR>
          <TR>
            <TD>3300.000000</TD>
            <TD>0.012670</TD>
          </TR>
          <TR>
            <TD>3310.000000</TD>
            <TD>0.012510</TD>
          </TR>
          <TR>
            <TD>3320.000000</TD>
            <TD>0.012350</TD>
          </TR>
          <TR>
            <TD>3330.000000</TD>
            <TD>0.012190</TD>
          </TR>
          <TR>
            <TD>3340.000000</TD>
            <TD>0.012030</TD>
          </TR>
          <TR>
            <TD>3350.000000</TD>
            <TD>0.011870</TD>
          </TR>
          <TR>
            <TD>3360.000000</TD>
            <TD>0.011710</TD>
          </TR>
          <TR>
            <TD>3370.000000</TD>
            <TD>0.011550</TD>
          </TR>
          <TR>
            <TD>3380.000000</TD>
            <TD>0.011390</TD>
          </TR>
          <TR>
            <TD>3390.000000</TD>
            <TD>0.011240</TD>
          </TR>
          <TR>
            <TD>3400.000000</TD>
            <TD>0.011080</TD>
          </TR>
          <TR>
            <TD>3410.000000</TD>
            <TD>0.010920</TD>
          </TR>
          <TR>
            <TD>3420.000000</TD>
            <TD>0.010770</TD>
          </TR>
          <TR>
            <TD>3430.000000</TD>
            <TD>0.010620</TD>
          </TR>
          <TR>
            <TD>3440.000000</TD>
            <TD>0.010470</TD>
          </TR>
          <TR>
            <TD>3450.000000</TD>
            <TD>0.010320</TD>
          </TR>
          <TR>
            <TD>3460.000000</TD>
            <TD>0.010170</TD>
          </TR>
          <TR>
            <TD>3470.000000</TD>
            <TD>0.010030</TD>
          </TR>
          <TR>
            <TD>3480.000000</TD>
            <TD>0.009890</TD>
          </TR>
          <TR>
            <TD>3490.000000</TD>
            <TD>0.009740</TD>
          </TR>
          <TR>
            <TD>3500.000000</TD>
            <TD>0.009610</TD>
          </TR>
          <TR>
            <TD>3510.000000</TD>
            <TD>0.009470</TD>
          </TR>
          <TR>
            <TD>3520.000000</TD>
            <TD>0.009340</TD>
          </TR>
          <TR>
            <TD>3530.000000</TD>
            <TD>0.009210</TD>
          </TR>
          <TR>
            <TD>3540.000000</TD>
            <TD>0.009080</TD>
          </TR>
          <TR>
            <TD>3550.000000</TD>
            <TD>0.008950</TD>
          </TR>
          <TR>
            <TD>3560.000000</TD>
            <TD>0.008830</TD>
          </TR>
          <TR>
            <TD>3570.000000</TD>
            <TD>0.008710</TD>
          </TR>
          <TR>
            <TD>3580.000000</TD>
            <TD>0.008590</TD>
          </TR>
          <TR>
            <TD>3590.000000</TD>
            <TD>0.008480</TD>
          </TR>
          <TR>
            <TD>3600.000000</TD>
            <TD>0.008370</TD>
          </TR>
          <TR>
            <TD>3610.000000</TD>
            <TD>0.008260</TD>
          </TR>
          <TR>
            <TD>3620.000000</TD>
            <TD>0.008160</TD>
          </TR>
          <TR>
            <TD>3630.000000</TD>
            <TD>0.008060</TD>
          </TR>
          <TR>
            <TD>3640.000000</TD>
            <TD>0.007970</TD>
          </TR>
          <TR>
            <TD>3650.000000</TD>
            <TD>0.007870</TD>
          </TR>
          <TR>
            <TD>3660.000000</TD>
            <TD>0.007780</TD>
          </TR>
          <TR>
            <TD>3670.000000</TD>
            <TD>0.007700</TD>
          </TR>
          <TR>
            <TD>3680.000000</TD>
            <TD>0.007610</TD>
          </TR>
          <TR>
            <TD>3690.000000</TD>
            <TD>0.007530</TD>
          </TR>
          <TR>
            <TD>3700.000000</TD>
            <TD>0.007450</TD>
          </TR>
          <TR>
            <TD>3710.000000</TD>
            <TD>0.007380</TD>
          </TR>
          <TR>
            <TD>3720.000000</TD>
            <TD>0.007310</TD>
          </TR>
          <TR>
            <TD>3730.000000</TD>
            <TD>0.007240</TD>
          </TR>
          <TR>
            <TD>3740.000000</TD>
            <TD>0.007170</TD>
          </TR>
          <TR>
            <TD>3750.000000</TD>
            <TD>0.007100</TD>
          </TR>
          <TR>
            <TD>3760.000000</TD>
            <TD>0.007040</TD>
          </TR>
          <TR>
            <TD>3770.000000</TD>
            <TD>0.006980</TD>
          </TR>
          <TR>
            <TD>3780.000000</TD>
            <TD>0.006920</TD>
          </TR>
          <TR>
            <TD>3790.000000</TD>
            <TD>0.006860</TD>
          </TR>
          <TR>
            <TD>3800.000000</TD>
            <TD>0.006800</TD>
          </TR>
          <TR>
            <TD>3810.000000</TD>
            <TD>0.006750</TD>
          </TR>
          <TR>
            <TD>3820.000000</TD>
            <TD>0.006700</TD>
          </TR>
          <TR>
            <TD>3830.000000</TD>
            <TD>0.006650</TD>
          </TR>
          <TR>
            <TD>3840.000000</TD>
            <TD>0.006600</TD>
          </TR>
          <TR>
            <TD>3850.000000</TD>
            <TD>0.006550</TD>
          </TR>
          <TR>
            <TD>3860.000000</TD>
            <TD>0.006500</TD>
          </TR>
          <TR>
            <TD>3870.000000</TD>
            <TD>0.006460</TD>
          </TR>
          <TR>
            <TD>3880.000000</TD>
            <TD>0.006410</TD>
          </TR>
          <TR>
            <TD>3890.000000</TD>
            <TD>0.006370</TD>
          </TR>
          <TR>
            <TD>3900.000000</TD>
            <TD>0.006330</TD>
          </TR>
          <TR>
            <TD>3910.000000</TD>
            <TD>0.006280</TD>
          </TR>
          <TR>
            <TD>3920.000000</TD>
            <TD>0.006240</TD>
          </TR>
          <TR>
            <TD>3930.000000</TD>
            <TD>0.006200</TD>
          </TR>
          <TR>
            <TD>3940.000000</TD>
            <TD>0.006160</TD>
          </TR>
          <TR>
            <TD>3950.000000</TD>
            <TD>0.006120</TD>
          </TR>
          <TR>
            <TD>3960.000000</TD>
            <TD>0.006080</TD>
          </TR>
          <TR>
            <TD>3970.000000</TD>
            <TD>0.006050</TD>
          </TR>
          <TR>
            <TD>3980.000000</TD>
            <TD>0.006010</TD>
          </TR>
          <TR>
            <TD>3990.000000</TD>
            <TD>0.005970</TD>
          </TR>
          <TR>
            <TD>4000.000000</TD>
            <TD>0.005930</TD>
          </TR>
          <TR>
            <TD>4010.000000</TD>
            <TD>0.005890</TD>
          </TR>
          <TR>
            <TD>4020.000000</TD>
            <TD>0.005850</TD>
          </TR>
          <TR>
            <TD>4030.000000</TD>
            <TD>0.005810</TD>
          </TR>
          <TR>
            <TD>4040.000000</TD>
            <TD>0.005770</TD>
          </TR>
          <TR>
            <TD>4050.000000</TD>
            <TD>0.005740</TD>
          </TR>
          <TR>
            <TD>4060.000000</TD>
            <TD>0.005690</TD>
          </TR>
          <TR>
            <TD>4070.000000</TD>
            <TD>0.005650</TD>
          </TR>
          <TR>
            <TD>4080.000000</TD>
            <TD>0.005610</TD>
          </TR>
          <TR>
            <TD>4090.000000</TD>
            <TD>0.005570</TD>
          </TR>
          <TR>
            <TD>4100.000000</TD>
            <TD>0.005530</TD>
          </TR>
          <TR>
            <TD>4110.000000</TD>
            <TD>0.005480</TD>
          </TR>
          <TR>
            <TD>4120.000000</TD>
            <TD>0.005440</TD>
          </TR>
          <TR>
            <TD>4130.000000</TD>
            <TD>0.005390</TD>
          </TR>
          <TR>
            <TD>4140.000000</TD>
            <TD>0.005340</TD>
          </TR>
          <TR>
            <TD>4150.000000</TD>
            <TD>0.005290</TD>
          </TR>
          <TR>
            <TD>4160.000000</TD>
            <TD>0.005240</TD>
          </TR>
          <TR>
            <TD>4170.000000</TD>
            <TD>0.005190</TD>
          </TR>
          <TR>
            <TD>4180.000000</TD>
            <TD>0.005140</TD>
          </TR>
          <TR>
            <TD>4190.000000</TD>
            <TD>0.005080</TD>
          </TR>
          <TR>
            <TD>4200.000000</TD>
            <TD>0.005020</TD>
          </TR>
          <TR>
            <TD>4210.000000</TD>
            <TD>0.004960</TD>
          </TR>
          <TR>
            <TD>4220.000000</TD>
            <TD>0.004900</TD>
          </TR>
          <TR>
            <TD>4230.000000</TD>
            <TD>0.004840</TD>
          </TR>
          <TR>
            <TD>4240.000000</TD>
            <TD>0.004780</TD>
          </TR>
          <TR>
            <TD>4250.000000</TD>
            <TD>0.004710</TD>
          </TR>
          <TR>
            <TD>4260.000000</TD>
            <TD>0.004640</TD>
          </TR>
          <TR>
            <TD>4270.000000</TD>
            <TD>0.004570</TD>
          </TR>
          <TR>
            <TD>4280.000000</TD>
            <TD>0.004500</TD>
          </TR>
          <TR>
            <TD>4290.000000</TD>
            <TD>0.004430</TD>
          </TR>
          <TR>
            <TD>4300.000000</TD>
            <TD>0.004360</TD>
          </TR>
          <TR>
            <TD>4310.000000</TD>
            <TD>0.004290</TD>
          </TR>
          <TR>
            <TD>4320.000000</TD>
            <TD>0.004210</TD>
          </TR>
          <TR>
            <TD>4330.000000</TD>
            <TD>0.004130</TD>
          </TR>
          <TR>
            <TD>4340.000000</TD>
            <TD>0.004060</TD>
          </TR>
          <TR>
            <TD>4350.000000</TD>
            <TD>0.003980</TD>
          </TR>
          <TR>
            <TD>4360.000000</TD>
            <TD>0.003900</TD>
          </TR>
          <TR>
            <TD>4370.000000</TD>
            <TD>0.003820</TD>
          </TR>
          <TR>
            <TD>4380.000000</TD>
            <TD>0.003740</TD>
          </TR>
          <TR>
            <TD>4390.000000</TD>
            <TD>0.003660</TD>
          </TR>
          <TR>
            <TD>4400.000000</TD>
            <TD>0.003580</TD>
          </TR>
          <TR>
            <TD>4410.000000</TD>
            <TD>0.003500</TD>
          </TR>
          <TR>
            <TD>4420.000000</TD>
            <TD>0.003420</TD>
          </TR>
          <TR>
            <TD>4430.000000</TD>
            <TD>0.003340</TD>
          </TR>
          <TR>
            <TD>4440.000000</TD>
            <TD>0.003260</TD>
          </TR>
          <TR>
            <TD>4450.000000</TD>
            <TD>0.003180</TD>
          </TR>
          <TR>
            <TD>4460.000000</TD>
            <TD>0.003100</TD>
          </TR>
          <TR>
            <TD>4470.000000</TD>
            <TD>0.003020</TD>
          </TR>
          <TR>
            <TD>4480.000000</TD>
            <TD>0.002940</TD>
          </TR>
          <TR>
            <TD>4490.000000</TD>
            <TD>0.002850</TD>
          </TR>
          <TR>
            <TD>4500.000000</TD>
            <TD>0.002770</TD>
          </TR>
          <TR>
            <TD>4510.000000</TD>
            <TD>0.002700</TD>
          </TR>
          <TR>
            <TD>4520.000000</TD>
            <TD>0.002620</TD>
          </TR>
          <TR>
            <TD>4530.000000</TD>
            <TD>0.002540</TD>
          </TR>
          <TR>
            <TD>4540.000000</TD>
            <TD>0.002460</TD>
          </TR>
          <TR>
            <TD>4550.000000</TD>
            <TD>0.002380</TD>
          </TR>
          <TR>
            <TD>4560.000000</TD>
            <TD>0.002310</TD>
          </TR>
          <TR>
            <TD>4570.000000</TD>
            <TD>0.002230</TD>
          </TR>
          <TR>
            <TD>4580.000000</TD>
            <TD>0.002160</TD>
          </TR>
          <TR>
            <TD>4590.000000</TD>
            <TD>0.002090</TD>
          </TR>
          <TR>
            <TD>4600.000000</TD>
            <TD>0.002010</TD>
          </TR>
          <TR>
            <TD>4610.000000</TD>
            <TD>0.001940</TD>
          </TR>
          <TR>
            <TD>4620.000000</TD>
            <TD>0.001870</TD>
          </TR>
          <TR>
            <TD>4630.000000</TD>
            <TD>0.001810</TD>
          </TR>
          <TR>
            <TD>4640.000000</TD>
            <TD>0.001740</TD>
          </TR>
          <TR>
            <TD>4650.000000</TD>
            <TD>0.001680</TD>
          </TR>
          <TR>
            <TD>4660.000000</TD>
            <TD>0.001610</TD>
          </TR>
          <TR>
            <TD>4670.000000</TD>
            <TD>0.001550</TD>
          </TR>
          <TR>
            <TD>4680.000000</TD>
            <TD>0.001490</TD>
          </TR>
          <TR>
            <TD>4690.000000</TD>
            <TD>0.001430</TD>
          </TR>
          <TR>
            <TD>4700.000000</TD>
            <TD>0.001380</TD>
          </TR>
          <TR>
            <TD>4710.000000</TD>
            <TD>0.001330</TD>
          </TR>
          <TR>
            <TD>4720.000000</TD>
            <TD>0.001270</TD>
          </TR>
          <TR>
            <TD>4730.000000</TD>
            <TD>0.001220</TD>
          </TR>
          <TR>
            <TD>4740.000000</TD>
            <TD>0.001180</TD>
          </TR>
          <TR>
            <TD>4750.000000</TD>
            <TD>0.001130</TD>
          </TR>
          <TR>
            <TD>4760.000000</TD>
            <TD>0.001090</TD>
          </TR>
          <TR>
            <TD>4770.000000</TD>
            <TD>0.001040</TD>
          </TR>
          <TR>
            <TD>4780.000000</TD>
            <TD>0.001000</TD>
          </TR>
          <TR>
            <TD>4790.000000</TD>
            <TD>0.000970</TD>
          </TR>
          <TR>
            <TD>4800.000000</TD>
            <TD>0.000930</TD>
          </TR>
          <TR>
            <TD>4810.000000</TD>
            <TD>0.000890</TD>
          </TR>
          <TR>
            <TD>4820.000000</TD>
            <TD>0.000860</TD>
          </TR>
          <TR>
            <TD>4830.000000</TD>
            <TD>0.000830</TD>
          </TR>
          <TR>
            <TD>4840.000000</TD>
            <TD>0.000800</TD>
          </TR>
          <TR>
            <TD>4850.000000</TD>
            <TD>0.000770</TD>
          </TR>
          <TR>
            <TD>4860.000000</TD>
            <TD>0.000740</TD>
          </TR>
          <TR>
            <TD>4870.000000</TD>
            <TD>0.000710</TD>
          </TR>
          <TR>
            <TD>4880.000000</TD>
            <TD>0.000690</TD>
          </TR>
          <TR>
            <TD>4890.000000</TD>
            <TD>0.000670</TD>
          </TR>
          <TR>
            <TD>4900.000000</TD>
            <TD>0.000640</TD>
          </TR>
          <TR>
            <TD>4910.000000</TD>
            <TD>0.000620</TD>
          </TR>
          <TR>
            <TD>4920.000000</TD>
            <TD>0.000600</TD>
          </TR>
          <TR>
            <TD>4930.000000</TD>
            <TD>0.000580</TD>
          </TR>
          <TR>
            <TD>4940.000000</TD>
            <TD>0.000570</TD>
          </TR>
          <TR>
            <TD>4950.000000</TD>
            <TD>0.000550</TD>
          </TR>
          <TR>
            <TD>4960.000000</TD>
            <TD>0.000530</TD>
          </TR>
          <TR>
            <TD>4970.000000</TD>
            <TD>0.000520</TD>
          </TR>
          <TR>
            <TD>4980.000000</TD>
            <TD>0.000510</TD>
          </TR>
          <TR>
            <TD>4990.000000</TD>
            <TD>0.000490</TD>
          </TR>
          <TR>
            <TD>5000.000000</TD>
            <TD>0.000480</TD>
          </TR>
          <TR>
            <TD>5010.000000</TD>
            <TD>0.000470</TD>
          </TR>
          <TR>
            <TD>5020.000000</TD>
            <TD>0.000460</TD>
          </TR>
          <TR>
            <TD>5030.000000</TD>
            <TD>0.000450</TD>
          </TR>
          <TR>
            <TD>5040.000000</TD>
            <TD>0.000440</TD>
          </TR>
          <TR>
            <TD>5050.000000</TD>
            <TD>0.000430</TD>
          </TR>
          <TR>
            <TD>5060.000000</TD>
            <TD>0.000430</TD>
          </TR>
          <TR>
            <TD>5070.000000</TD>
            <TD>0.000420</TD>
          </TR>
          <TR>
            <TD>5080.000000</TD>
            <TD>0.000410</TD>
          </TR>
          <TR>
            <TD>5090.000000</TD>
            <TD>0.000410</TD>
          </TR>
          <TR>
            <TD>5100.000000</TD>
            <TD>0.000400</TD>
          </TR>
          <TR>
            <TD>5110.000000</TD>
            <TD>0.000400</TD>
          </TR>
          <TR>
            <TD>5120.000000</TD>
            <TD>0.000390</TD>
          </TR>
          <TR>
            <TD>5130.000000</TD>
            <TD>0.000390</TD>
          </TR>
          <TR>
            <TD>5140.000000</TD>
            <TD>0.000380</TD>
          </TR>
          <TR>
            <TD>5150.000000</TD>
            <TD>0.000380</TD>
          </TR>
          <TR>
            <TD>5160.000000</TD>
            <TD>0.000380</TD>
          </TR>
          <TR>
            <TD>5170.000000</TD>
            <TD>0.000370</TD>
          </TR>
          <TR>
            <TD>5180.000000</TD>
            <TD>0.000370</TD>
          </TR>
          <TR>
            <TD>5190.000000</TD>
            <TD>0.000370</TD>
          </TR>
          <TR>
            <TD>5200.000000</TD>
            <TD>0.000360</TD>
          </TR>
          <TR>
            <TD>5210.000000</TD>
            <TD>0.000360</TD>
          </TR>
          <TR>
            <TD>5220.000000</TD>
            <TD>0.000360</TD>
          </TR>
          <TR>
            <TD>5230.000000</TD>
            <TD>0.000360</TD>
          </TR>
          <TR>
            <TD>5240.000000</TD>
            <TD>0.000350</TD>
          </TR>
          <TR>
            <TD>5250.000000</TD>
            <TD>0.000350</TD>
          </TR>
          <TR>
            <TD>5260.000000</TD>
            <TD>0.000350</TD>
          </TR>
          <TR>
            <TD>5270.000000</TD>
            <TD>0.000340</TD>
          </TR>
          <TR>
            <TD>5280.000000</TD>
            <TD>0.000340</TD>
          </TR>
          <TR>
            <TD>5290.000000</TD>
            <TD>0.000340</TD>
          </TR>
          <TR>
            <TD>5300.000000</TD>
            <TD>0.000340</TD>
          </TR>
          <TR>
            <TD>5310.000000</TD>
            <TD>0.000330</TD>
          </TR>
          <TR>
            <TD>5320.000000</TD>
            <TD>0.000330</TD>
          </TR>
          <TR>
            <TD>5330.000000</TD>
            <TD>0.000330</TD>
          </TR>
          <TR>
            <TD>5340.000000</TD>
            <TD>0.000330</TD>
          </TR>
          <TR>
            <TD>5350.000000</TD>
            <TD>0.000320</TD>
          </TR>
          <TR>
            <TD>5360.000000</TD>
            <TD>0.000320</TD>
          </TR>
          <TR>
            <TD>5370.000000</TD>
            <TD>0.000320</TD>
          </TR>
          <TR>
            <TD>5380.000000</TD>
            <TD>0.000310</TD>
          </TR>
          <TR>
            <TD>5390.000000</TD>
            <TD>0.000310</TD>
          </TR>
          <TR>
            <TD>5400.000000</TD>
            <TD>0.000310</TD>
          </TR>
          <TR>
            <TD>5410.000000</TD>
            <TD>0.000310</TD>
          </TR>
          <TR>
            <TD>5420.000000</TD>
            <TD>0.000300</TD>
          </TR>
          <TR>
            <TD>5430.000000</TD>
            <TD>0.000300</TD>
          </TR>
          <TR>
            <TD>5440.000000</TD>
            <TD>0.000300</TD>
          </TR>
          <TR>
            <TD>5450.000000</TD>
            <TD>0.000300</TD>
          </TR>
          <TR>
            <TD>5460.000000</TD>
            <TD>0.000290</TD>
          </TR>
          <TR>
            <TD>5470.000000</TD>
            <TD>0.000290</TD>
          </TR>
          <TR>
            <TD>5480.000000</TD>
            <TD>0.000290</TD>
          </TR>
          <TR>
            <TD>5490.000000</TD>
            <TD>0.000290</TD>
          </TR>
          <TR>
            <TD>5500.000000</TD>
            <TD>0.000280</TD>
          </TR>
          <TR>
            <TD>5510.000000</TD>
            <TD>0.000280</TD>
          </TR>
          <TR>
            <TD>5520.000000</TD>
            <TD>0.000280</TD>
          </TR>
          <TR>
            <TD>5530.000000</TD>
            <TD>0.000280</TD>
          </TR>
          <TR>
            <TD>5540.000000</TD>
            <TD>0.000270</TD>
          </TR>
          <TR>
            <TD>5550.000000</TD>
            <TD>0.000270</TD>
          </TR>
          <TR>
            <TD>5560.000000</TD>
            <TD>0.000270</TD>
          </TR>
          <TR>
            <TD>5570.000000</TD>
            <TD>0.000270</TD>
          </TR>
          <TR>
            <TD>5580.000000</TD>
            <TD>0.000260</TD>
          </TR>
          <TR>
            <TD>5590.000000</TD>
            <TD>0.000260</TD>
          </TR>
          <TR>
            <TD>5600.000000</TD>
            <TD>0.000260</TD>
          </TR>
          <TR>
            <TD>5610.000000</TD>
            <TD>0.000260</TD>
          </TR>
          <TR>
            <TD>5620.000000</TD>
            <TD>0.000250</TD>
          </TR>
          <TR>
            <TD>5630.000000</TD>
            <TD>0.000250</TD>
          </TR>
          <TR>
            <TD>5640.000000</TD>
            <TD>0.000250</TD>
          </TR>
          <TR>
            <TD>5650.000000</TD>
            <TD>0.000250</TD>
          </TR>
          <TR>
            <TD>5660.000000</TD>
            <TD>0.000000</TD>
          </TR>
        </TABLEDATA>
      </DATA>
    </TABLE>
  </RESOURCE>
</VOTABLE>
