<?xml version="1.0"?>
<VOTABLE version="1.1" xsi:schemaLocation="http://www.ivoa.net/xml/VOTable/v1.1" xmlns:xsi="http://www.w3.org/2001/XMLSchema-instance">
  <INFO name="QUERY_STATUS" value="OK"/>
  <RESOURCE type="results">
    <PARAM name="FilterProfileService" value="ivo://svo/fps" ucd="meta.ref.ivorn" utype="PhotometryFilter.fpsIdentifier" datatype="char" arraysize="*"/>
    <PARAM name="filterID" value="UKIRT/UKIDSS.H" ucd="meta.id" utype="photdm:PhotometryFilter.identifier" datatype="char" arraysize="*"/>
    <PARAM name="WavelengthUnit" value="Angstrom" ucd="meta.unit" utype="PhotometryFilter.SpectralAxis.unit" datatype="char" arraysize="*"/>
    <PARAM name="WavelengthUCD" value="em.wl" ucd="meta.ucd" utype="PhotometryFilter.SpectralAxis.UCD" datatype="char" arraysize="*"/>
    <PARAM name="Description" value="UKIDSS H" ucd="meta.note" utype="photdm:PhotometryFilter.description" datatype="char" arraysize="*"/>
    <PARAM name="PhotSystem" value="UKIDSS" utype="photdm:PhotometricSystem.description" datatype="char" arraysize="*">
       <DESCRIPTION>Photometric system</DESCRIPTION>
    </PARAM>
    <PARAM name="Instrument" value="WFCAM" ucd="instr" datatype="char" arraysize="*">
       <DESCRIPTION>Instrument</DESCRIPTION>
    </PARAM>
    <PARAM name="Facility" value="UKIRT" ucd="instr.obsty" datatype="char" arraysize="*">
       <DESCRIPTION>Observational facility</DESCRIPTION>
    </PARAM>
    <PARAM name="ProfileReference" value="http://www.ukidss.org/technical/technical.html" datatype="char" arraysize="*"/>
    <PARAM name="Description" value="UKIDSS H" ucd="meta.note" utype="photdm:PhotometryFilter.description" datatype="char" arraysize="*"/>
    <PARAM name="Comments" value="WFCAM H filter
including 1.0mm water vapour, 1.3 airmass" ucd="meta.note" datatype="char" arraysize="*"/>
    <PARAM name="WavelengthMean" value="16377.0820547" unit="Angstrom" ucd="em.wl" utype="photdm:PhotometryFilter.SpectralAxis.Coverage.Location.Value" datatype="float" >
       <DESCRIPTION>Mean wavelength. Defined as integ[x*filter(x) dx]/integ[filter(x) dx]</DESCRIPTION>
    </PARAM>
    <PARAM name="WavelengthEff" value="16221.2468693" unit="Angstrom" ucd="em.wl.effective" datatype="float" >
       <DESCRIPTION>Effective wavelength. Defined as integ[x*filter(x)*vega(x) dx]/integ[filter(x)*vega(x) dx]</DESCRIPTION>
    </PARAM>
    <PARAM name="WavelengthMin" value="14490" unit="Angstrom" ucd="em.wl;stat.min" utype="photdm:PhotometryFilter.SpectralAxis.Coverage.Bounds.Start" datatype="float" >
       <DESCRIPTION>Minimum filter wavelength. Defined as the first lambda value with a transmission at least 1% of maximum transmission</DESCRIPTION>
    </PARAM>
    <PARAM name="WavelengthMax" value="18200" unit="Angstrom" ucd="em.wl;stat.max" utype="photdm:PhotometryFilter.SpectralAxis.Coverage.Bounds.Stop" datatype="float" >
       <DESCRIPTION>Maximum filter wavelength. Defined as the last lambda value with a transmission at least 1% of maximum transmission</DESCRIPTION>
    </PARAM>
    <PARAM name="WidthEff" value="2761.60933814" unit="Angstrom" ucd="instr.bandwidth" utype="photdm:PhotometryFilter.SpectralAxis.Coverage.Bounds.Extent" datatype="float" >
       <DESCRIPTION>Effective width. Defined as integ[x*filter(x) dx].\nEquivalent to the horizontal size of a rectangle with height equal to maximum transmission and with the same area that the one covered by the filter transmission curve.</DESCRIPTION>
    </PARAM>
    <PARAM name="WavelengthCen" value="16380.5231481" unit="Angstrom" ucd="em.wl" datatype="float" >
       <DESCRIPTION>Central wavelength. Defined as the central wavelength between the two points defining FWMH</DESCRIPTION>
    </PARAM>
    <PARAM name="WavelengthPivot" value="16354.2170608" unit="Angstrom" ucd="em.wl" datatype="float" >
       <DESCRIPTION>Peak wavelength. Defined as sqrt{integ[x*filter(x) dx]/integ[filter(x) dx/x]}</DESCRIPTION>
    </PARAM>
    <PARAM name="WavelengthPeak" value="16300" unit="Angstrom" ucd="em.wl" datatype="float" >
       <DESCRIPTION>Peak wavelength. Defined as the lambda value with larger transmission</DESCRIPTION>
    </PARAM>
    <PARAM name="WavelengthPhot" value="16266.6452896" unit="Angstrom" ucd="em.wl" datatype="float" >
       <DESCRIPTION>Photon distribution based effective wavelength. Defined as integ[x^2*filter(x)*vega(x) dx]/integ[x*filter(x)*vega(x) dx]</DESCRIPTION>
    </PARAM>
    <PARAM name="FWHM" value="2920.12037037" unit="Angstrom" ucd="instr.bandwidth" datatype="float" >
       <DESCRIPTION>Full width at half maximum. Defined as the difference between the two wavelengths for which filter transmission is half maximum</DESCRIPTION>
    </PARAM>
    <PARAM name="PhotCalID" value="UKIRT/UKIDSS.H/Vega" ucd="meta.id" utype="photdm:PhotCal.identifier" datatype="char" arraysize="*"/>
    <PARAM name="MagSys" value="Vega" ucd="meta.code" utype="photdm:PhotCal.MagnitudeSystem.type" datatype="char" arraysize="*"/>
    <PARAM name="ZeroPoint" value="1038.30232751" unit="Jy" ucd="phot.flux.density" utype="photdm:PhotCal.ZeroPoint.Flux.value" datatype="float" />
    <PARAM name="ZeroPointUnit" value="Jy" ucd="meta.unit" utype="photdm:PhotCal.ZeroPoint.Flux.unit" datatype="char" arraysize="*"/>
    <PARAM name="ZeroPointType" value="Pogson" ucd="meta.code" utype="photdm:PhotCal.ZeroPoint.type" datatype="char" arraysize="*"/>
    <TABLE utype="photdm:PhotometryFilter.transmissionCurve.spectrum">
      <FIELD name="Wavelength" utype="spec:Data.SpectralAxis.Value" ucd="em.wl" unit="Angstrom" datatype="float"/>
      <FIELD name="Transmission" utype="spec:Data.FluxAxis.Value" ucd="phys.transmission" unit="" datatype="float"/>
      <DATA>
        <TABLEDATA>
          <TR>
            <TD>14490.000000</TD>
            <TD>0.004100</TD>
          </TR>
          <TR>
            <TD>14495.000000</TD>
            <TD>0.004200</TD>
          </TR>
          <TR>
            <TD>14500.000000</TD>
            <TD>0.003500</TD>
          </TR>
          <TR>
            <TD>14505.000000</TD>
            <TD>0.002200</TD>
          </TR>
          <TR>
            <TD>14510.000000</TD>
            <TD>0.002800</TD>
          </TR>
          <TR>
            <TD>14515.000000</TD>
            <TD>0.004900</TD>
          </TR>
          <TR>
            <TD>14520.000000</TD>
            <TD>0.004500</TD>
          </TR>
          <TR>
            <TD>14525.000000</TD>
            <TD>0.005300</TD>
          </TR>
          <TR>
            <TD>14530.000000</TD>
            <TD>0.004300</TD>
          </TR>
          <TR>
            <TD>14535.000000</TD>
            <TD>0.006000</TD>
          </TR>
          <TR>
            <TD>14540.000000</TD>
            <TD>0.006300</TD>
          </TR>
          <TR>
            <TD>14545.000000</TD>
            <TD>0.006100</TD>
          </TR>
          <TR>
            <TD>14550.000000</TD>
            <TD>0.006200</TD>
          </TR>
          <TR>
            <TD>14555.000000</TD>
            <TD>0.005000</TD>
          </TR>
          <TR>
            <TD>14560.000000</TD>
            <TD>0.007200</TD>
          </TR>
          <TR>
            <TD>14565.000000</TD>
            <TD>0.007700</TD>
          </TR>
          <TR>
            <TD>14570.000000</TD>
            <TD>0.007500</TD>
          </TR>
          <TR>
            <TD>14575.000000</TD>
            <TD>0.007700</TD>
          </TR>
          <TR>
            <TD>14580.000000</TD>
            <TD>0.008400</TD>
          </TR>
          <TR>
            <TD>14585.000000</TD>
            <TD>0.009100</TD>
          </TR>
          <TR>
            <TD>14590.000000</TD>
            <TD>0.009600</TD>
          </TR>
          <TR>
            <TD>14595.000000</TD>
            <TD>0.010000</TD>
          </TR>
          <TR>
            <TD>14600.000000</TD>
            <TD>0.009900</TD>
          </TR>
          <TR>
            <TD>14605.000000</TD>
            <TD>0.008200</TD>
          </TR>
          <TR>
            <TD>14610.000000</TD>
            <TD>0.010900</TD>
          </TR>
          <TR>
            <TD>14615.000000</TD>
            <TD>0.010600</TD>
          </TR>
          <TR>
            <TD>14620.000000</TD>
            <TD>0.012300</TD>
          </TR>
          <TR>
            <TD>14625.000000</TD>
            <TD>0.012700</TD>
          </TR>
          <TR>
            <TD>14630.000000</TD>
            <TD>0.010300</TD>
          </TR>
          <TR>
            <TD>14635.000000</TD>
            <TD>0.012200</TD>
          </TR>
          <TR>
            <TD>14640.000000</TD>
            <TD>0.014100</TD>
          </TR>
          <TR>
            <TD>14645.000000</TD>
            <TD>0.015700</TD>
          </TR>
          <TR>
            <TD>14650.000000</TD>
            <TD>0.013200</TD>
          </TR>
          <TR>
            <TD>14655.000000</TD>
            <TD>0.013800</TD>
          </TR>
          <TR>
            <TD>14660.000000</TD>
            <TD>0.013700</TD>
          </TR>
          <TR>
            <TD>14665.000000</TD>
            <TD>0.013700</TD>
          </TR>
          <TR>
            <TD>14670.000000</TD>
            <TD>0.013200</TD>
          </TR>
          <TR>
            <TD>14675.000000</TD>
            <TD>0.018800</TD>
          </TR>
          <TR>
            <TD>14680.000000</TD>
            <TD>0.018100</TD>
          </TR>
          <TR>
            <TD>14685.000000</TD>
            <TD>0.021400</TD>
          </TR>
          <TR>
            <TD>14690.000000</TD>
            <TD>0.022100</TD>
          </TR>
          <TR>
            <TD>14695.000000</TD>
            <TD>0.016000</TD>
          </TR>
          <TR>
            <TD>14700.000000</TD>
            <TD>0.023500</TD>
          </TR>
          <TR>
            <TD>14705.000000</TD>
            <TD>0.018600</TD>
          </TR>
          <TR>
            <TD>14710.000000</TD>
            <TD>0.016400</TD>
          </TR>
          <TR>
            <TD>14715.000000</TD>
            <TD>0.026400</TD>
          </TR>
          <TR>
            <TD>14720.000000</TD>
            <TD>0.027600</TD>
          </TR>
          <TR>
            <TD>14725.000000</TD>
            <TD>0.017600</TD>
          </TR>
          <TR>
            <TD>14730.000000</TD>
            <TD>0.030300</TD>
          </TR>
          <TR>
            <TD>14735.000000</TD>
            <TD>0.031100</TD>
          </TR>
          <TR>
            <TD>14740.000000</TD>
            <TD>0.032200</TD>
          </TR>
          <TR>
            <TD>14745.000000</TD>
            <TD>0.037500</TD>
          </TR>
          <TR>
            <TD>14750.000000</TD>
            <TD>0.039500</TD>
          </TR>
          <TR>
            <TD>14755.000000</TD>
            <TD>0.038300</TD>
          </TR>
          <TR>
            <TD>14760.000000</TD>
            <TD>0.032000</TD>
          </TR>
          <TR>
            <TD>14765.000000</TD>
            <TD>0.043800</TD>
          </TR>
          <TR>
            <TD>14770.000000</TD>
            <TD>0.035100</TD>
          </TR>
          <TR>
            <TD>14775.000000</TD>
            <TD>0.046300</TD>
          </TR>
          <TR>
            <TD>14780.000000</TD>
            <TD>0.034200</TD>
          </TR>
          <TR>
            <TD>14785.000000</TD>
            <TD>0.052500</TD>
          </TR>
          <TR>
            <TD>14790.000000</TD>
            <TD>0.051500</TD>
          </TR>
          <TR>
            <TD>14795.000000</TD>
            <TD>0.041900</TD>
          </TR>
          <TR>
            <TD>14800.000000</TD>
            <TD>0.054700</TD>
          </TR>
          <TR>
            <TD>14805.000000</TD>
            <TD>0.042100</TD>
          </TR>
          <TR>
            <TD>14810.000000</TD>
            <TD>0.063600</TD>
          </TR>
          <TR>
            <TD>14815.000000</TD>
            <TD>0.059400</TD>
          </TR>
          <TR>
            <TD>14820.000000</TD>
            <TD>0.055700</TD>
          </TR>
          <TR>
            <TD>14825.000000</TD>
            <TD>0.071300</TD>
          </TR>
          <TR>
            <TD>14830.000000</TD>
            <TD>0.072900</TD>
          </TR>
          <TR>
            <TD>14835.000000</TD>
            <TD>0.077300</TD>
          </TR>
          <TR>
            <TD>14840.000000</TD>
            <TD>0.080300</TD>
          </TR>
          <TR>
            <TD>14845.000000</TD>
            <TD>0.067800</TD>
          </TR>
          <TR>
            <TD>14850.000000</TD>
            <TD>0.086700</TD>
          </TR>
          <TR>
            <TD>14855.000000</TD>
            <TD>0.083900</TD>
          </TR>
          <TR>
            <TD>14860.000000</TD>
            <TD>0.089900</TD>
          </TR>
          <TR>
            <TD>14865.000000</TD>
            <TD>0.080700</TD>
          </TR>
          <TR>
            <TD>14870.000000</TD>
            <TD>0.092500</TD>
          </TR>
          <TR>
            <TD>14875.000000</TD>
            <TD>0.097500</TD>
          </TR>
          <TR>
            <TD>14880.000000</TD>
            <TD>0.092700</TD>
          </TR>
          <TR>
            <TD>14885.000000</TD>
            <TD>0.108500</TD>
          </TR>
          <TR>
            <TD>14890.000000</TD>
            <TD>0.113800</TD>
          </TR>
          <TR>
            <TD>14895.000000</TD>
            <TD>0.109000</TD>
          </TR>
          <TR>
            <TD>14900.000000</TD>
            <TD>0.121300</TD>
          </TR>
          <TR>
            <TD>14905.000000</TD>
            <TD>0.127500</TD>
          </TR>
          <TR>
            <TD>14910.000000</TD>
            <TD>0.130300</TD>
          </TR>
          <TR>
            <TD>14915.000000</TD>
            <TD>0.105900</TD>
          </TR>
          <TR>
            <TD>14920.000000</TD>
            <TD>0.132500</TD>
          </TR>
          <TR>
            <TD>14925.000000</TD>
            <TD>0.137900</TD>
          </TR>
          <TR>
            <TD>14930.000000</TD>
            <TD>0.139800</TD>
          </TR>
          <TR>
            <TD>14935.000000</TD>
            <TD>0.148100</TD>
          </TR>
          <TR>
            <TD>14940.000000</TD>
            <TD>0.147600</TD>
          </TR>
          <TR>
            <TD>14945.000000</TD>
            <TD>0.153500</TD>
          </TR>
          <TR>
            <TD>14950.000000</TD>
            <TD>0.147300</TD>
          </TR>
          <TR>
            <TD>14955.000000</TD>
            <TD>0.158500</TD>
          </TR>
          <TR>
            <TD>14960.000000</TD>
            <TD>0.161900</TD>
          </TR>
          <TR>
            <TD>14965.000000</TD>
            <TD>0.150400</TD>
          </TR>
          <TR>
            <TD>14970.000000</TD>
            <TD>0.173000</TD>
          </TR>
          <TR>
            <TD>14975.000000</TD>
            <TD>0.173400</TD>
          </TR>
          <TR>
            <TD>14980.000000</TD>
            <TD>0.168900</TD>
          </TR>
          <TR>
            <TD>14985.000000</TD>
            <TD>0.179800</TD>
          </TR>
          <TR>
            <TD>14990.000000</TD>
            <TD>0.181900</TD>
          </TR>
          <TR>
            <TD>14995.000000</TD>
            <TD>0.185300</TD>
          </TR>
          <TR>
            <TD>15000.000000</TD>
            <TD>0.189700</TD>
          </TR>
          <TR>
            <TD>15005.000000</TD>
            <TD>0.193200</TD>
          </TR>
          <TR>
            <TD>15010.000000</TD>
            <TD>0.195900</TD>
          </TR>
          <TR>
            <TD>15015.000000</TD>
            <TD>0.198100</TD>
          </TR>
          <TR>
            <TD>15020.000000</TD>
            <TD>0.196000</TD>
          </TR>
          <TR>
            <TD>15025.000000</TD>
            <TD>0.201100</TD>
          </TR>
          <TR>
            <TD>15030.000000</TD>
            <TD>0.201100</TD>
          </TR>
          <TR>
            <TD>15035.000000</TD>
            <TD>0.201500</TD>
          </TR>
          <TR>
            <TD>15040.000000</TD>
            <TD>0.192500</TD>
          </TR>
          <TR>
            <TD>15045.000000</TD>
            <TD>0.203500</TD>
          </TR>
          <TR>
            <TD>15050.000000</TD>
            <TD>0.209200</TD>
          </TR>
          <TR>
            <TD>15055.000000</TD>
            <TD>0.214300</TD>
          </TR>
          <TR>
            <TD>15060.000000</TD>
            <TD>0.215500</TD>
          </TR>
          <TR>
            <TD>15065.000000</TD>
            <TD>0.218300</TD>
          </TR>
          <TR>
            <TD>15070.000000</TD>
            <TD>0.218900</TD>
          </TR>
          <TR>
            <TD>15075.000000</TD>
            <TD>0.219800</TD>
          </TR>
          <TR>
            <TD>15080.000000</TD>
            <TD>0.221700</TD>
          </TR>
          <TR>
            <TD>15085.000000</TD>
            <TD>0.215100</TD>
          </TR>
          <TR>
            <TD>15090.000000</TD>
            <TD>0.213700</TD>
          </TR>
          <TR>
            <TD>15095.000000</TD>
            <TD>0.225800</TD>
          </TR>
          <TR>
            <TD>15100.000000</TD>
            <TD>0.226200</TD>
          </TR>
          <TR>
            <TD>15105.000000</TD>
            <TD>0.226900</TD>
          </TR>
          <TR>
            <TD>15110.000000</TD>
            <TD>0.226500</TD>
          </TR>
          <TR>
            <TD>15115.000000</TD>
            <TD>0.229000</TD>
          </TR>
          <TR>
            <TD>15120.000000</TD>
            <TD>0.230500</TD>
          </TR>
          <TR>
            <TD>15125.000000</TD>
            <TD>0.227900</TD>
          </TR>
          <TR>
            <TD>15130.000000</TD>
            <TD>0.229100</TD>
          </TR>
          <TR>
            <TD>15135.000000</TD>
            <TD>0.230600</TD>
          </TR>
          <TR>
            <TD>15140.000000</TD>
            <TD>0.229900</TD>
          </TR>
          <TR>
            <TD>15145.000000</TD>
            <TD>0.233400</TD>
          </TR>
          <TR>
            <TD>15150.000000</TD>
            <TD>0.232700</TD>
          </TR>
          <TR>
            <TD>15155.000000</TD>
            <TD>0.234400</TD>
          </TR>
          <TR>
            <TD>15160.000000</TD>
            <TD>0.234700</TD>
          </TR>
          <TR>
            <TD>15165.000000</TD>
            <TD>0.233900</TD>
          </TR>
          <TR>
            <TD>15170.000000</TD>
            <TD>0.234600</TD>
          </TR>
          <TR>
            <TD>15175.000000</TD>
            <TD>0.233100</TD>
          </TR>
          <TR>
            <TD>15180.000000</TD>
            <TD>0.236700</TD>
          </TR>
          <TR>
            <TD>15185.000000</TD>
            <TD>0.236100</TD>
          </TR>
          <TR>
            <TD>15190.000000</TD>
            <TD>0.234600</TD>
          </TR>
          <TR>
            <TD>15195.000000</TD>
            <TD>0.236700</TD>
          </TR>
          <TR>
            <TD>15200.000000</TD>
            <TD>0.237700</TD>
          </TR>
          <TR>
            <TD>15205.000000</TD>
            <TD>0.236900</TD>
          </TR>
          <TR>
            <TD>15210.000000</TD>
            <TD>0.238800</TD>
          </TR>
          <TR>
            <TD>15215.000000</TD>
            <TD>0.238800</TD>
          </TR>
          <TR>
            <TD>15220.000000</TD>
            <TD>0.238200</TD>
          </TR>
          <TR>
            <TD>15225.000000</TD>
            <TD>0.239500</TD>
          </TR>
          <TR>
            <TD>15230.000000</TD>
            <TD>0.239700</TD>
          </TR>
          <TR>
            <TD>15235.000000</TD>
            <TD>0.239200</TD>
          </TR>
          <TR>
            <TD>15240.000000</TD>
            <TD>0.240100</TD>
          </TR>
          <TR>
            <TD>15245.000000</TD>
            <TD>0.238500</TD>
          </TR>
          <TR>
            <TD>15250.000000</TD>
            <TD>0.239800</TD>
          </TR>
          <TR>
            <TD>15255.000000</TD>
            <TD>0.240000</TD>
          </TR>
          <TR>
            <TD>15260.000000</TD>
            <TD>0.240000</TD>
          </TR>
          <TR>
            <TD>15265.000000</TD>
            <TD>0.240000</TD>
          </TR>
          <TR>
            <TD>15270.000000</TD>
            <TD>0.240500</TD>
          </TR>
          <TR>
            <TD>15275.000000</TD>
            <TD>0.240000</TD>
          </TR>
          <TR>
            <TD>15280.000000</TD>
            <TD>0.241100</TD>
          </TR>
          <TR>
            <TD>15285.000000</TD>
            <TD>0.241200</TD>
          </TR>
          <TR>
            <TD>15290.000000</TD>
            <TD>0.241500</TD>
          </TR>
          <TR>
            <TD>15295.000000</TD>
            <TD>0.241300</TD>
          </TR>
          <TR>
            <TD>15300.000000</TD>
            <TD>0.241500</TD>
          </TR>
          <TR>
            <TD>15305.000000</TD>
            <TD>0.241700</TD>
          </TR>
          <TR>
            <TD>15310.000000</TD>
            <TD>0.242000</TD>
          </TR>
          <TR>
            <TD>15315.000000</TD>
            <TD>0.241300</TD>
          </TR>
          <TR>
            <TD>15320.000000</TD>
            <TD>0.242100</TD>
          </TR>
          <TR>
            <TD>15325.000000</TD>
            <TD>0.242000</TD>
          </TR>
          <TR>
            <TD>15330.000000</TD>
            <TD>0.241900</TD>
          </TR>
          <TR>
            <TD>15335.000000</TD>
            <TD>0.241700</TD>
          </TR>
          <TR>
            <TD>15340.000000</TD>
            <TD>0.241400</TD>
          </TR>
          <TR>
            <TD>15345.000000</TD>
            <TD>0.241600</TD>
          </TR>
          <TR>
            <TD>15350.000000</TD>
            <TD>0.241200</TD>
          </TR>
          <TR>
            <TD>15355.000000</TD>
            <TD>0.241800</TD>
          </TR>
          <TR>
            <TD>15360.000000</TD>
            <TD>0.242200</TD>
          </TR>
          <TR>
            <TD>15365.000000</TD>
            <TD>0.242700</TD>
          </TR>
          <TR>
            <TD>15370.000000</TD>
            <TD>0.243300</TD>
          </TR>
          <TR>
            <TD>15375.000000</TD>
            <TD>0.244100</TD>
          </TR>
          <TR>
            <TD>15380.000000</TD>
            <TD>0.244300</TD>
          </TR>
          <TR>
            <TD>15385.000000</TD>
            <TD>0.244000</TD>
          </TR>
          <TR>
            <TD>15390.000000</TD>
            <TD>0.243900</TD>
          </TR>
          <TR>
            <TD>15395.000000</TD>
            <TD>0.243900</TD>
          </TR>
          <TR>
            <TD>15400.000000</TD>
            <TD>0.243700</TD>
          </TR>
          <TR>
            <TD>15405.000000</TD>
            <TD>0.244000</TD>
          </TR>
          <TR>
            <TD>15410.000000</TD>
            <TD>0.244600</TD>
          </TR>
          <TR>
            <TD>15415.000000</TD>
            <TD>0.244700</TD>
          </TR>
          <TR>
            <TD>15420.000000</TD>
            <TD>0.244700</TD>
          </TR>
          <TR>
            <TD>15425.000000</TD>
            <TD>0.245200</TD>
          </TR>
          <TR>
            <TD>15430.000000</TD>
            <TD>0.245600</TD>
          </TR>
          <TR>
            <TD>15435.000000</TD>
            <TD>0.246200</TD>
          </TR>
          <TR>
            <TD>15440.000000</TD>
            <TD>0.246600</TD>
          </TR>
          <TR>
            <TD>15445.000000</TD>
            <TD>0.246600</TD>
          </TR>
          <TR>
            <TD>15450.000000</TD>
            <TD>0.247000</TD>
          </TR>
          <TR>
            <TD>15455.000000</TD>
            <TD>0.247300</TD>
          </TR>
          <TR>
            <TD>15460.000000</TD>
            <TD>0.247500</TD>
          </TR>
          <TR>
            <TD>15465.000000</TD>
            <TD>0.247800</TD>
          </TR>
          <TR>
            <TD>15470.000000</TD>
            <TD>0.248100</TD>
          </TR>
          <TR>
            <TD>15475.000000</TD>
            <TD>0.248300</TD>
          </TR>
          <TR>
            <TD>15480.000000</TD>
            <TD>0.248500</TD>
          </TR>
          <TR>
            <TD>15485.000000</TD>
            <TD>0.248700</TD>
          </TR>
          <TR>
            <TD>15490.000000</TD>
            <TD>0.248900</TD>
          </TR>
          <TR>
            <TD>15495.000000</TD>
            <TD>0.249100</TD>
          </TR>
          <TR>
            <TD>15500.000000</TD>
            <TD>0.249400</TD>
          </TR>
          <TR>
            <TD>15505.000000</TD>
            <TD>0.249600</TD>
          </TR>
          <TR>
            <TD>15510.000000</TD>
            <TD>0.249700</TD>
          </TR>
          <TR>
            <TD>15515.000000</TD>
            <TD>0.250000</TD>
          </TR>
          <TR>
            <TD>15520.000000</TD>
            <TD>0.249900</TD>
          </TR>
          <TR>
            <TD>15525.000000</TD>
            <TD>0.250400</TD>
          </TR>
          <TR>
            <TD>15530.000000</TD>
            <TD>0.250600</TD>
          </TR>
          <TR>
            <TD>15535.000000</TD>
            <TD>0.250800</TD>
          </TR>
          <TR>
            <TD>15540.000000</TD>
            <TD>0.251000</TD>
          </TR>
          <TR>
            <TD>15545.000000</TD>
            <TD>0.251200</TD>
          </TR>
          <TR>
            <TD>15550.000000</TD>
            <TD>0.251400</TD>
          </TR>
          <TR>
            <TD>15555.000000</TD>
            <TD>0.251600</TD>
          </TR>
          <TR>
            <TD>15560.000000</TD>
            <TD>0.251800</TD>
          </TR>
          <TR>
            <TD>15565.000000</TD>
            <TD>0.252000</TD>
          </TR>
          <TR>
            <TD>15570.000000</TD>
            <TD>0.252200</TD>
          </TR>
          <TR>
            <TD>15575.000000</TD>
            <TD>0.252400</TD>
          </TR>
          <TR>
            <TD>15580.000000</TD>
            <TD>0.252600</TD>
          </TR>
          <TR>
            <TD>15585.000000</TD>
            <TD>0.252800</TD>
          </TR>
          <TR>
            <TD>15590.000000</TD>
            <TD>0.253000</TD>
          </TR>
          <TR>
            <TD>15595.000000</TD>
            <TD>0.253200</TD>
          </TR>
          <TR>
            <TD>15600.000000</TD>
            <TD>0.253400</TD>
          </TR>
          <TR>
            <TD>15605.000000</TD>
            <TD>0.253600</TD>
          </TR>
          <TR>
            <TD>15610.000000</TD>
            <TD>0.253700</TD>
          </TR>
          <TR>
            <TD>15615.000000</TD>
            <TD>0.253900</TD>
          </TR>
          <TR>
            <TD>15620.000000</TD>
            <TD>0.254100</TD>
          </TR>
          <TR>
            <TD>15625.000000</TD>
            <TD>0.254200</TD>
          </TR>
          <TR>
            <TD>15630.000000</TD>
            <TD>0.254500</TD>
          </TR>
          <TR>
            <TD>15635.000000</TD>
            <TD>0.254600</TD>
          </TR>
          <TR>
            <TD>15640.000000</TD>
            <TD>0.254800</TD>
          </TR>
          <TR>
            <TD>15645.000000</TD>
            <TD>0.254900</TD>
          </TR>
          <TR>
            <TD>15650.000000</TD>
            <TD>0.255200</TD>
          </TR>
          <TR>
            <TD>15655.000000</TD>
            <TD>0.255300</TD>
          </TR>
          <TR>
            <TD>15660.000000</TD>
            <TD>0.255400</TD>
          </TR>
          <TR>
            <TD>15665.000000</TD>
            <TD>0.255600</TD>
          </TR>
          <TR>
            <TD>15670.000000</TD>
            <TD>0.255600</TD>
          </TR>
          <TR>
            <TD>15675.000000</TD>
            <TD>0.255600</TD>
          </TR>
          <TR>
            <TD>15680.000000</TD>
            <TD>0.255200</TD>
          </TR>
          <TR>
            <TD>15685.000000</TD>
            <TD>0.254500</TD>
          </TR>
          <TR>
            <TD>15690.000000</TD>
            <TD>0.253100</TD>
          </TR>
          <TR>
            <TD>15695.000000</TD>
            <TD>0.251100</TD>
          </TR>
          <TR>
            <TD>15700.000000</TD>
            <TD>0.248600</TD>
          </TR>
          <TR>
            <TD>15705.000000</TD>
            <TD>0.246000</TD>
          </TR>
          <TR>
            <TD>15710.000000</TD>
            <TD>0.243900</TD>
          </TR>
          <TR>
            <TD>15715.000000</TD>
            <TD>0.241800</TD>
          </TR>
          <TR>
            <TD>15720.000000</TD>
            <TD>0.240500</TD>
          </TR>
          <TR>
            <TD>15725.000000</TD>
            <TD>0.242100</TD>
          </TR>
          <TR>
            <TD>15730.000000</TD>
            <TD>0.241100</TD>
          </TR>
          <TR>
            <TD>15735.000000</TD>
            <TD>0.243900</TD>
          </TR>
          <TR>
            <TD>15740.000000</TD>
            <TD>0.244800</TD>
          </TR>
          <TR>
            <TD>15745.000000</TD>
            <TD>0.249300</TD>
          </TR>
          <TR>
            <TD>15750.000000</TD>
            <TD>0.254500</TD>
          </TR>
          <TR>
            <TD>15755.000000</TD>
            <TD>0.256500</TD>
          </TR>
          <TR>
            <TD>15760.000000</TD>
            <TD>0.252100</TD>
          </TR>
          <TR>
            <TD>15765.000000</TD>
            <TD>0.248100</TD>
          </TR>
          <TR>
            <TD>15770.000000</TD>
            <TD>0.246100</TD>
          </TR>
          <TR>
            <TD>15775.000000</TD>
            <TD>0.247600</TD>
          </TR>
          <TR>
            <TD>15780.000000</TD>
            <TD>0.249000</TD>
          </TR>
          <TR>
            <TD>15785.000000</TD>
            <TD>0.250100</TD>
          </TR>
          <TR>
            <TD>15790.000000</TD>
            <TD>0.248600</TD>
          </TR>
          <TR>
            <TD>15795.000000</TD>
            <TD>0.247600</TD>
          </TR>
          <TR>
            <TD>15800.000000</TD>
            <TD>0.247200</TD>
          </TR>
          <TR>
            <TD>15805.000000</TD>
            <TD>0.249500</TD>
          </TR>
          <TR>
            <TD>15810.000000</TD>
            <TD>0.250700</TD>
          </TR>
          <TR>
            <TD>15815.000000</TD>
            <TD>0.251100</TD>
          </TR>
          <TR>
            <TD>15820.000000</TD>
            <TD>0.253300</TD>
          </TR>
          <TR>
            <TD>15825.000000</TD>
            <TD>0.254600</TD>
          </TR>
          <TR>
            <TD>15830.000000</TD>
            <TD>0.254900</TD>
          </TR>
          <TR>
            <TD>15835.000000</TD>
            <TD>0.256400</TD>
          </TR>
          <TR>
            <TD>15840.000000</TD>
            <TD>0.257200</TD>
          </TR>
          <TR>
            <TD>15845.000000</TD>
            <TD>0.257700</TD>
          </TR>
          <TR>
            <TD>15850.000000</TD>
            <TD>0.258500</TD>
          </TR>
          <TR>
            <TD>15855.000000</TD>
            <TD>0.258900</TD>
          </TR>
          <TR>
            <TD>15860.000000</TD>
            <TD>0.259300</TD>
          </TR>
          <TR>
            <TD>15865.000000</TD>
            <TD>0.259300</TD>
          </TR>
          <TR>
            <TD>15870.000000</TD>
            <TD>0.259300</TD>
          </TR>
          <TR>
            <TD>15875.000000</TD>
            <TD>0.259500</TD>
          </TR>
          <TR>
            <TD>15880.000000</TD>
            <TD>0.259500</TD>
          </TR>
          <TR>
            <TD>15885.000000</TD>
            <TD>0.259600</TD>
          </TR>
          <TR>
            <TD>15890.000000</TD>
            <TD>0.259700</TD>
          </TR>
          <TR>
            <TD>15895.000000</TD>
            <TD>0.259800</TD>
          </TR>
          <TR>
            <TD>15900.000000</TD>
            <TD>0.259800</TD>
          </TR>
          <TR>
            <TD>15905.000000</TD>
            <TD>0.259900</TD>
          </TR>
          <TR>
            <TD>15910.000000</TD>
            <TD>0.259900</TD>
          </TR>
          <TR>
            <TD>15915.000000</TD>
            <TD>0.259900</TD>
          </TR>
          <TR>
            <TD>15920.000000</TD>
            <TD>0.260000</TD>
          </TR>
          <TR>
            <TD>15925.000000</TD>
            <TD>0.259900</TD>
          </TR>
          <TR>
            <TD>15930.000000</TD>
            <TD>0.260100</TD>
          </TR>
          <TR>
            <TD>15935.000000</TD>
            <TD>0.260100</TD>
          </TR>
          <TR>
            <TD>15940.000000</TD>
            <TD>0.260200</TD>
          </TR>
          <TR>
            <TD>15945.000000</TD>
            <TD>0.260100</TD>
          </TR>
          <TR>
            <TD>15950.000000</TD>
            <TD>0.260200</TD>
          </TR>
          <TR>
            <TD>15955.000000</TD>
            <TD>0.260300</TD>
          </TR>
          <TR>
            <TD>15960.000000</TD>
            <TD>0.260300</TD>
          </TR>
          <TR>
            <TD>15965.000000</TD>
            <TD>0.260300</TD>
          </TR>
          <TR>
            <TD>15970.000000</TD>
            <TD>0.260300</TD>
          </TR>
          <TR>
            <TD>15975.000000</TD>
            <TD>0.260100</TD>
          </TR>
          <TR>
            <TD>15980.000000</TD>
            <TD>0.259800</TD>
          </TR>
          <TR>
            <TD>15985.000000</TD>
            <TD>0.259100</TD>
          </TR>
          <TR>
            <TD>15990.000000</TD>
            <TD>0.257800</TD>
          </TR>
          <TR>
            <TD>15995.000000</TD>
            <TD>0.255900</TD>
          </TR>
          <TR>
            <TD>16000.000000</TD>
            <TD>0.253700</TD>
          </TR>
          <TR>
            <TD>16005.000000</TD>
            <TD>0.251200</TD>
          </TR>
          <TR>
            <TD>16010.000000</TD>
            <TD>0.248600</TD>
          </TR>
          <TR>
            <TD>16015.000000</TD>
            <TD>0.246800</TD>
          </TR>
          <TR>
            <TD>16020.000000</TD>
            <TD>0.245800</TD>
          </TR>
          <TR>
            <TD>16025.000000</TD>
            <TD>0.243400</TD>
          </TR>
          <TR>
            <TD>16030.000000</TD>
            <TD>0.245200</TD>
          </TR>
          <TR>
            <TD>16035.000000</TD>
            <TD>0.245700</TD>
          </TR>
          <TR>
            <TD>16040.000000</TD>
            <TD>0.246800</TD>
          </TR>
          <TR>
            <TD>16045.000000</TD>
            <TD>0.251800</TD>
          </TR>
          <TR>
            <TD>16050.000000</TD>
            <TD>0.254900</TD>
          </TR>
          <TR>
            <TD>16055.000000</TD>
            <TD>0.258900</TD>
          </TR>
          <TR>
            <TD>16060.000000</TD>
            <TD>0.258000</TD>
          </TR>
          <TR>
            <TD>16065.000000</TD>
            <TD>0.254100</TD>
          </TR>
          <TR>
            <TD>16070.000000</TD>
            <TD>0.252300</TD>
          </TR>
          <TR>
            <TD>16075.000000</TD>
            <TD>0.252300</TD>
          </TR>
          <TR>
            <TD>16080.000000</TD>
            <TD>0.252500</TD>
          </TR>
          <TR>
            <TD>16085.000000</TD>
            <TD>0.252800</TD>
          </TR>
          <TR>
            <TD>16090.000000</TD>
            <TD>0.251100</TD>
          </TR>
          <TR>
            <TD>16095.000000</TD>
            <TD>0.249700</TD>
          </TR>
          <TR>
            <TD>16100.000000</TD>
            <TD>0.249000</TD>
          </TR>
          <TR>
            <TD>16105.000000</TD>
            <TD>0.251100</TD>
          </TR>
          <TR>
            <TD>16110.000000</TD>
            <TD>0.252200</TD>
          </TR>
          <TR>
            <TD>16115.000000</TD>
            <TD>0.252400</TD>
          </TR>
          <TR>
            <TD>16120.000000</TD>
            <TD>0.255200</TD>
          </TR>
          <TR>
            <TD>16125.000000</TD>
            <TD>0.256400</TD>
          </TR>
          <TR>
            <TD>16130.000000</TD>
            <TD>0.257500</TD>
          </TR>
          <TR>
            <TD>16135.000000</TD>
            <TD>0.259500</TD>
          </TR>
          <TR>
            <TD>16140.000000</TD>
            <TD>0.260700</TD>
          </TR>
          <TR>
            <TD>16145.000000</TD>
            <TD>0.261900</TD>
          </TR>
          <TR>
            <TD>16150.000000</TD>
            <TD>0.262500</TD>
          </TR>
          <TR>
            <TD>16155.000000</TD>
            <TD>0.262800</TD>
          </TR>
          <TR>
            <TD>16160.000000</TD>
            <TD>0.263000</TD>
          </TR>
          <TR>
            <TD>16165.000000</TD>
            <TD>0.262900</TD>
          </TR>
          <TR>
            <TD>16170.000000</TD>
            <TD>0.263100</TD>
          </TR>
          <TR>
            <TD>16175.000000</TD>
            <TD>0.263400</TD>
          </TR>
          <TR>
            <TD>16180.000000</TD>
            <TD>0.263600</TD>
          </TR>
          <TR>
            <TD>16185.000000</TD>
            <TD>0.264000</TD>
          </TR>
          <TR>
            <TD>16190.000000</TD>
            <TD>0.264000</TD>
          </TR>
          <TR>
            <TD>16195.000000</TD>
            <TD>0.264300</TD>
          </TR>
          <TR>
            <TD>16200.000000</TD>
            <TD>0.264500</TD>
          </TR>
          <TR>
            <TD>16205.000000</TD>
            <TD>0.264600</TD>
          </TR>
          <TR>
            <TD>16210.000000</TD>
            <TD>0.264800</TD>
          </TR>
          <TR>
            <TD>16215.000000</TD>
            <TD>0.264800</TD>
          </TR>
          <TR>
            <TD>16220.000000</TD>
            <TD>0.265000</TD>
          </TR>
          <TR>
            <TD>16225.000000</TD>
            <TD>0.265100</TD>
          </TR>
          <TR>
            <TD>16230.000000</TD>
            <TD>0.265200</TD>
          </TR>
          <TR>
            <TD>16235.000000</TD>
            <TD>0.265300</TD>
          </TR>
          <TR>
            <TD>16240.000000</TD>
            <TD>0.265100</TD>
          </TR>
          <TR>
            <TD>16245.000000</TD>
            <TD>0.265600</TD>
          </TR>
          <TR>
            <TD>16250.000000</TD>
            <TD>0.265700</TD>
          </TR>
          <TR>
            <TD>16255.000000</TD>
            <TD>0.265600</TD>
          </TR>
          <TR>
            <TD>16260.000000</TD>
            <TD>0.265200</TD>
          </TR>
          <TR>
            <TD>16265.000000</TD>
            <TD>0.265700</TD>
          </TR>
          <TR>
            <TD>16270.000000</TD>
            <TD>0.265700</TD>
          </TR>
          <TR>
            <TD>16275.000000</TD>
            <TD>0.265700</TD>
          </TR>
          <TR>
            <TD>16280.000000</TD>
            <TD>0.265400</TD>
          </TR>
          <TR>
            <TD>16285.000000</TD>
            <TD>0.265500</TD>
          </TR>
          <TR>
            <TD>16290.000000</TD>
            <TD>0.265900</TD>
          </TR>
          <TR>
            <TD>16295.000000</TD>
            <TD>0.265800</TD>
          </TR>
          <TR>
            <TD>16300.000000</TD>
            <TD>0.266000</TD>
          </TR>
          <TR>
            <TD>16305.000000</TD>
            <TD>0.263800</TD>
          </TR>
          <TR>
            <TD>16310.000000</TD>
            <TD>0.265800</TD>
          </TR>
          <TR>
            <TD>16315.000000</TD>
            <TD>0.265600</TD>
          </TR>
          <TR>
            <TD>16320.000000</TD>
            <TD>0.265600</TD>
          </TR>
          <TR>
            <TD>16325.000000</TD>
            <TD>0.265400</TD>
          </TR>
          <TR>
            <TD>16330.000000</TD>
            <TD>0.263500</TD>
          </TR>
          <TR>
            <TD>16335.000000</TD>
            <TD>0.265100</TD>
          </TR>
          <TR>
            <TD>16340.000000</TD>
            <TD>0.265600</TD>
          </TR>
          <TR>
            <TD>16345.000000</TD>
            <TD>0.265300</TD>
          </TR>
          <TR>
            <TD>16350.000000</TD>
            <TD>0.265200</TD>
          </TR>
          <TR>
            <TD>16355.000000</TD>
            <TD>0.260200</TD>
          </TR>
          <TR>
            <TD>16360.000000</TD>
            <TD>0.264900</TD>
          </TR>
          <TR>
            <TD>16365.000000</TD>
            <TD>0.264800</TD>
          </TR>
          <TR>
            <TD>16370.000000</TD>
            <TD>0.265000</TD>
          </TR>
          <TR>
            <TD>16375.000000</TD>
            <TD>0.261500</TD>
          </TR>
          <TR>
            <TD>16380.000000</TD>
            <TD>0.262600</TD>
          </TR>
          <TR>
            <TD>16385.000000</TD>
            <TD>0.264100</TD>
          </TR>
          <TR>
            <TD>16390.000000</TD>
            <TD>0.263500</TD>
          </TR>
          <TR>
            <TD>16395.000000</TD>
            <TD>0.263000</TD>
          </TR>
          <TR>
            <TD>16400.000000</TD>
            <TD>0.262300</TD>
          </TR>
          <TR>
            <TD>16405.000000</TD>
            <TD>0.255800</TD>
          </TR>
          <TR>
            <TD>16410.000000</TD>
            <TD>0.262200</TD>
          </TR>
          <TR>
            <TD>16415.000000</TD>
            <TD>0.261500</TD>
          </TR>
          <TR>
            <TD>16420.000000</TD>
            <TD>0.261100</TD>
          </TR>
          <TR>
            <TD>16425.000000</TD>
            <TD>0.260900</TD>
          </TR>
          <TR>
            <TD>16430.000000</TD>
            <TD>0.248000</TD>
          </TR>
          <TR>
            <TD>16435.000000</TD>
            <TD>0.260300</TD>
          </TR>
          <TR>
            <TD>16440.000000</TD>
            <TD>0.260500</TD>
          </TR>
          <TR>
            <TD>16445.000000</TD>
            <TD>0.260900</TD>
          </TR>
          <TR>
            <TD>16450.000000</TD>
            <TD>0.261000</TD>
          </TR>
          <TR>
            <TD>16455.000000</TD>
            <TD>0.242800</TD>
          </TR>
          <TR>
            <TD>16460.000000</TD>
            <TD>0.260600</TD>
          </TR>
          <TR>
            <TD>16465.000000</TD>
            <TD>0.260300</TD>
          </TR>
          <TR>
            <TD>16470.000000</TD>
            <TD>0.259500</TD>
          </TR>
          <TR>
            <TD>16475.000000</TD>
            <TD>0.258300</TD>
          </TR>
          <TR>
            <TD>16480.000000</TD>
            <TD>0.253600</TD>
          </TR>
          <TR>
            <TD>16485.000000</TD>
            <TD>0.254100</TD>
          </TR>
          <TR>
            <TD>16490.000000</TD>
            <TD>0.257200</TD>
          </TR>
          <TR>
            <TD>16495.000000</TD>
            <TD>0.256900</TD>
          </TR>
          <TR>
            <TD>16500.000000</TD>
            <TD>0.257400</TD>
          </TR>
          <TR>
            <TD>16505.000000</TD>
            <TD>0.256600</TD>
          </TR>
          <TR>
            <TD>16510.000000</TD>
            <TD>0.241100</TD>
          </TR>
          <TR>
            <TD>16515.000000</TD>
            <TD>0.255800</TD>
          </TR>
          <TR>
            <TD>16520.000000</TD>
            <TD>0.255600</TD>
          </TR>
          <TR>
            <TD>16525.000000</TD>
            <TD>0.256200</TD>
          </TR>
          <TR>
            <TD>16530.000000</TD>
            <TD>0.256000</TD>
          </TR>
          <TR>
            <TD>16535.000000</TD>
            <TD>0.251600</TD>
          </TR>
          <TR>
            <TD>16540.000000</TD>
            <TD>0.253000</TD>
          </TR>
          <TR>
            <TD>16545.000000</TD>
            <TD>0.255300</TD>
          </TR>
          <TR>
            <TD>16550.000000</TD>
            <TD>0.254100</TD>
          </TR>
          <TR>
            <TD>16555.000000</TD>
            <TD>0.254000</TD>
          </TR>
          <TR>
            <TD>16560.000000</TD>
            <TD>0.253800</TD>
          </TR>
          <TR>
            <TD>16565.000000</TD>
            <TD>0.246800</TD>
          </TR>
          <TR>
            <TD>16570.000000</TD>
            <TD>0.253300</TD>
          </TR>
          <TR>
            <TD>16575.000000</TD>
            <TD>0.253400</TD>
          </TR>
          <TR>
            <TD>16580.000000</TD>
            <TD>0.253100</TD>
          </TR>
          <TR>
            <TD>16585.000000</TD>
            <TD>0.252700</TD>
          </TR>
          <TR>
            <TD>16590.000000</TD>
            <TD>0.252400</TD>
          </TR>
          <TR>
            <TD>16595.000000</TD>
            <TD>0.249300</TD>
          </TR>
          <TR>
            <TD>16600.000000</TD>
            <TD>0.251600</TD>
          </TR>
          <TR>
            <TD>16605.000000</TD>
            <TD>0.251800</TD>
          </TR>
          <TR>
            <TD>16610.000000</TD>
            <TD>0.251400</TD>
          </TR>
          <TR>
            <TD>16615.000000</TD>
            <TD>0.250700</TD>
          </TR>
          <TR>
            <TD>16620.000000</TD>
            <TD>0.250400</TD>
          </TR>
          <TR>
            <TD>16625.000000</TD>
            <TD>0.248500</TD>
          </TR>
          <TR>
            <TD>16630.000000</TD>
            <TD>0.250200</TD>
          </TR>
          <TR>
            <TD>16635.000000</TD>
            <TD>0.249600</TD>
          </TR>
          <TR>
            <TD>16640.000000</TD>
            <TD>0.249700</TD>
          </TR>
          <TR>
            <TD>16645.000000</TD>
            <TD>0.249500</TD>
          </TR>
          <TR>
            <TD>16650.000000</TD>
            <TD>0.248600</TD>
          </TR>
          <TR>
            <TD>16655.000000</TD>
            <TD>0.222100</TD>
          </TR>
          <TR>
            <TD>16660.000000</TD>
            <TD>0.230000</TD>
          </TR>
          <TR>
            <TD>16665.000000</TD>
            <TD>0.240100</TD>
          </TR>
          <TR>
            <TD>16670.000000</TD>
            <TD>0.244400</TD>
          </TR>
          <TR>
            <TD>16675.000000</TD>
            <TD>0.247200</TD>
          </TR>
          <TR>
            <TD>16680.000000</TD>
            <TD>0.247400</TD>
          </TR>
          <TR>
            <TD>16685.000000</TD>
            <TD>0.247300</TD>
          </TR>
          <TR>
            <TD>16690.000000</TD>
            <TD>0.247800</TD>
          </TR>
          <TR>
            <TD>16695.000000</TD>
            <TD>0.247500</TD>
          </TR>
          <TR>
            <TD>16700.000000</TD>
            <TD>0.247600</TD>
          </TR>
          <TR>
            <TD>16705.000000</TD>
            <TD>0.247000</TD>
          </TR>
          <TR>
            <TD>16710.000000</TD>
            <TD>0.247100</TD>
          </TR>
          <TR>
            <TD>16715.000000</TD>
            <TD>0.245900</TD>
          </TR>
          <TR>
            <TD>16720.000000</TD>
            <TD>0.247200</TD>
          </TR>
          <TR>
            <TD>16725.000000</TD>
            <TD>0.247100</TD>
          </TR>
          <TR>
            <TD>16730.000000</TD>
            <TD>0.247100</TD>
          </TR>
          <TR>
            <TD>16735.000000</TD>
            <TD>0.247000</TD>
          </TR>
          <TR>
            <TD>16740.000000</TD>
            <TD>0.246900</TD>
          </TR>
          <TR>
            <TD>16745.000000</TD>
            <TD>0.239700</TD>
          </TR>
          <TR>
            <TD>16750.000000</TD>
            <TD>0.246900</TD>
          </TR>
          <TR>
            <TD>16755.000000</TD>
            <TD>0.246600</TD>
          </TR>
          <TR>
            <TD>16760.000000</TD>
            <TD>0.247000</TD>
          </TR>
          <TR>
            <TD>16765.000000</TD>
            <TD>0.247000</TD>
          </TR>
          <TR>
            <TD>16770.000000</TD>
            <TD>0.246800</TD>
          </TR>
          <TR>
            <TD>16775.000000</TD>
            <TD>0.239600</TD>
          </TR>
          <TR>
            <TD>16780.000000</TD>
            <TD>0.246900</TD>
          </TR>
          <TR>
            <TD>16785.000000</TD>
            <TD>0.246800</TD>
          </TR>
          <TR>
            <TD>16790.000000</TD>
            <TD>0.247300</TD>
          </TR>
          <TR>
            <TD>16795.000000</TD>
            <TD>0.247200</TD>
          </TR>
          <TR>
            <TD>16800.000000</TD>
            <TD>0.247200</TD>
          </TR>
          <TR>
            <TD>16805.000000</TD>
            <TD>0.246800</TD>
          </TR>
          <TR>
            <TD>16810.000000</TD>
            <TD>0.244700</TD>
          </TR>
          <TR>
            <TD>16815.000000</TD>
            <TD>0.247100</TD>
          </TR>
          <TR>
            <TD>16820.000000</TD>
            <TD>0.247600</TD>
          </TR>
          <TR>
            <TD>16825.000000</TD>
            <TD>0.247700</TD>
          </TR>
          <TR>
            <TD>16830.000000</TD>
            <TD>0.247800</TD>
          </TR>
          <TR>
            <TD>16835.000000</TD>
            <TD>0.248000</TD>
          </TR>
          <TR>
            <TD>16840.000000</TD>
            <TD>0.237600</TD>
          </TR>
          <TR>
            <TD>16845.000000</TD>
            <TD>0.248100</TD>
          </TR>
          <TR>
            <TD>16850.000000</TD>
            <TD>0.248100</TD>
          </TR>
          <TR>
            <TD>16855.000000</TD>
            <TD>0.248300</TD>
          </TR>
          <TR>
            <TD>16860.000000</TD>
            <TD>0.248600</TD>
          </TR>
          <TR>
            <TD>16865.000000</TD>
            <TD>0.248600</TD>
          </TR>
          <TR>
            <TD>16870.000000</TD>
            <TD>0.247900</TD>
          </TR>
          <TR>
            <TD>16875.000000</TD>
            <TD>0.245800</TD>
          </TR>
          <TR>
            <TD>16880.000000</TD>
            <TD>0.248900</TD>
          </TR>
          <TR>
            <TD>16885.000000</TD>
            <TD>0.249400</TD>
          </TR>
          <TR>
            <TD>16890.000000</TD>
            <TD>0.248900</TD>
          </TR>
          <TR>
            <TD>16895.000000</TD>
            <TD>0.249300</TD>
          </TR>
          <TR>
            <TD>16900.000000</TD>
            <TD>0.249600</TD>
          </TR>
          <TR>
            <TD>16905.000000</TD>
            <TD>0.244900</TD>
          </TR>
          <TR>
            <TD>16910.000000</TD>
            <TD>0.249000</TD>
          </TR>
          <TR>
            <TD>16915.000000</TD>
            <TD>0.248800</TD>
          </TR>
          <TR>
            <TD>16920.000000</TD>
            <TD>0.249500</TD>
          </TR>
          <TR>
            <TD>16925.000000</TD>
            <TD>0.249500</TD>
          </TR>
          <TR>
            <TD>16930.000000</TD>
            <TD>0.250500</TD>
          </TR>
          <TR>
            <TD>16935.000000</TD>
            <TD>0.250500</TD>
          </TR>
          <TR>
            <TD>16940.000000</TD>
            <TD>0.245800</TD>
          </TR>
          <TR>
            <TD>16945.000000</TD>
            <TD>0.250300</TD>
          </TR>
          <TR>
            <TD>16950.000000</TD>
            <TD>0.250100</TD>
          </TR>
          <TR>
            <TD>16955.000000</TD>
            <TD>0.250900</TD>
          </TR>
          <TR>
            <TD>16960.000000</TD>
            <TD>0.251100</TD>
          </TR>
          <TR>
            <TD>16965.000000</TD>
            <TD>0.250500</TD>
          </TR>
          <TR>
            <TD>16970.000000</TD>
            <TD>0.249700</TD>
          </TR>
          <TR>
            <TD>16975.000000</TD>
            <TD>0.247900</TD>
          </TR>
          <TR>
            <TD>16980.000000</TD>
            <TD>0.250800</TD>
          </TR>
          <TR>
            <TD>16985.000000</TD>
            <TD>0.251100</TD>
          </TR>
          <TR>
            <TD>16990.000000</TD>
            <TD>0.251100</TD>
          </TR>
          <TR>
            <TD>16995.000000</TD>
            <TD>0.250300</TD>
          </TR>
          <TR>
            <TD>17000.000000</TD>
            <TD>0.249400</TD>
          </TR>
          <TR>
            <TD>17005.000000</TD>
            <TD>0.250800</TD>
          </TR>
          <TR>
            <TD>17010.000000</TD>
            <TD>0.247800</TD>
          </TR>
          <TR>
            <TD>17015.000000</TD>
            <TD>0.251100</TD>
          </TR>
          <TR>
            <TD>17020.000000</TD>
            <TD>0.250600</TD>
          </TR>
          <TR>
            <TD>17025.000000</TD>
            <TD>0.249600</TD>
          </TR>
          <TR>
            <TD>17030.000000</TD>
            <TD>0.250000</TD>
          </TR>
          <TR>
            <TD>17035.000000</TD>
            <TD>0.248900</TD>
          </TR>
          <TR>
            <TD>17040.000000</TD>
            <TD>0.250300</TD>
          </TR>
          <TR>
            <TD>17045.000000</TD>
            <TD>0.249800</TD>
          </TR>
          <TR>
            <TD>17050.000000</TD>
            <TD>0.249800</TD>
          </TR>
          <TR>
            <TD>17055.000000</TD>
            <TD>0.247800</TD>
          </TR>
          <TR>
            <TD>17060.000000</TD>
            <TD>0.249600</TD>
          </TR>
          <TR>
            <TD>17065.000000</TD>
            <TD>0.248600</TD>
          </TR>
          <TR>
            <TD>17070.000000</TD>
            <TD>0.248300</TD>
          </TR>
          <TR>
            <TD>17075.000000</TD>
            <TD>0.247700</TD>
          </TR>
          <TR>
            <TD>17080.000000</TD>
            <TD>0.247100</TD>
          </TR>
          <TR>
            <TD>17085.000000</TD>
            <TD>0.244400</TD>
          </TR>
          <TR>
            <TD>17090.000000</TD>
            <TD>0.247000</TD>
          </TR>
          <TR>
            <TD>17095.000000</TD>
            <TD>0.247800</TD>
          </TR>
          <TR>
            <TD>17100.000000</TD>
            <TD>0.248500</TD>
          </TR>
          <TR>
            <TD>17105.000000</TD>
            <TD>0.245900</TD>
          </TR>
          <TR>
            <TD>17110.000000</TD>
            <TD>0.248300</TD>
          </TR>
          <TR>
            <TD>17115.000000</TD>
            <TD>0.248300</TD>
          </TR>
          <TR>
            <TD>17120.000000</TD>
            <TD>0.248000</TD>
          </TR>
          <TR>
            <TD>17125.000000</TD>
            <TD>0.247400</TD>
          </TR>
          <TR>
            <TD>17130.000000</TD>
            <TD>0.247600</TD>
          </TR>
          <TR>
            <TD>17135.000000</TD>
            <TD>0.246800</TD>
          </TR>
          <TR>
            <TD>17140.000000</TD>
            <TD>0.244600</TD>
          </TR>
          <TR>
            <TD>17145.000000</TD>
            <TD>0.242500</TD>
          </TR>
          <TR>
            <TD>17150.000000</TD>
            <TD>0.246700</TD>
          </TR>
          <TR>
            <TD>17155.000000</TD>
            <TD>0.245900</TD>
          </TR>
          <TR>
            <TD>17160.000000</TD>
            <TD>0.242600</TD>
          </TR>
          <TR>
            <TD>17165.000000</TD>
            <TD>0.245700</TD>
          </TR>
          <TR>
            <TD>17170.000000</TD>
            <TD>0.244900</TD>
          </TR>
          <TR>
            <TD>17175.000000</TD>
            <TD>0.245000</TD>
          </TR>
          <TR>
            <TD>17180.000000</TD>
            <TD>0.245000</TD>
          </TR>
          <TR>
            <TD>17185.000000</TD>
            <TD>0.244600</TD>
          </TR>
          <TR>
            <TD>17190.000000</TD>
            <TD>0.244100</TD>
          </TR>
          <TR>
            <TD>17195.000000</TD>
            <TD>0.244000</TD>
          </TR>
          <TR>
            <TD>17200.000000</TD>
            <TD>0.243200</TD>
          </TR>
          <TR>
            <TD>17205.000000</TD>
            <TD>0.242200</TD>
          </TR>
          <TR>
            <TD>17210.000000</TD>
            <TD>0.240500</TD>
          </TR>
          <TR>
            <TD>17215.000000</TD>
            <TD>0.233700</TD>
          </TR>
          <TR>
            <TD>17220.000000</TD>
            <TD>0.241600</TD>
          </TR>
          <TR>
            <TD>17225.000000</TD>
            <TD>0.240900</TD>
          </TR>
          <TR>
            <TD>17230.000000</TD>
            <TD>0.240700</TD>
          </TR>
          <TR>
            <TD>17235.000000</TD>
            <TD>0.233000</TD>
          </TR>
          <TR>
            <TD>17240.000000</TD>
            <TD>0.240000</TD>
          </TR>
          <TR>
            <TD>17245.000000</TD>
            <TD>0.234700</TD>
          </TR>
          <TR>
            <TD>17250.000000</TD>
            <TD>0.237600</TD>
          </TR>
          <TR>
            <TD>17255.000000</TD>
            <TD>0.239200</TD>
          </TR>
          <TR>
            <TD>17260.000000</TD>
            <TD>0.237300</TD>
          </TR>
          <TR>
            <TD>17265.000000</TD>
            <TD>0.238800</TD>
          </TR>
          <TR>
            <TD>17270.000000</TD>
            <TD>0.237000</TD>
          </TR>
          <TR>
            <TD>17275.000000</TD>
            <TD>0.238000</TD>
          </TR>
          <TR>
            <TD>17280.000000</TD>
            <TD>0.238200</TD>
          </TR>
          <TR>
            <TD>17285.000000</TD>
            <TD>0.234500</TD>
          </TR>
          <TR>
            <TD>17290.000000</TD>
            <TD>0.234400</TD>
          </TR>
          <TR>
            <TD>17295.000000</TD>
            <TD>0.237700</TD>
          </TR>
          <TR>
            <TD>17300.000000</TD>
            <TD>0.237800</TD>
          </TR>
          <TR>
            <TD>17305.000000</TD>
            <TD>0.236300</TD>
          </TR>
          <TR>
            <TD>17310.000000</TD>
            <TD>0.235700</TD>
          </TR>
          <TR>
            <TD>17315.000000</TD>
            <TD>0.236800</TD>
          </TR>
          <TR>
            <TD>17320.000000</TD>
            <TD>0.224300</TD>
          </TR>
          <TR>
            <TD>17325.000000</TD>
            <TD>0.223900</TD>
          </TR>
          <TR>
            <TD>17330.000000</TD>
            <TD>0.236200</TD>
          </TR>
          <TR>
            <TD>17335.000000</TD>
            <TD>0.236300</TD>
          </TR>
          <TR>
            <TD>17340.000000</TD>
            <TD>0.235900</TD>
          </TR>
          <TR>
            <TD>17345.000000</TD>
            <TD>0.235600</TD>
          </TR>
          <TR>
            <TD>17350.000000</TD>
            <TD>0.234500</TD>
          </TR>
          <TR>
            <TD>17355.000000</TD>
            <TD>0.231200</TD>
          </TR>
          <TR>
            <TD>17360.000000</TD>
            <TD>0.229300</TD>
          </TR>
          <TR>
            <TD>17365.000000</TD>
            <TD>0.232100</TD>
          </TR>
          <TR>
            <TD>17370.000000</TD>
            <TD>0.231300</TD>
          </TR>
          <TR>
            <TD>17375.000000</TD>
            <TD>0.235000</TD>
          </TR>
          <TR>
            <TD>17380.000000</TD>
            <TD>0.233700</TD>
          </TR>
          <TR>
            <TD>17385.000000</TD>
            <TD>0.233800</TD>
          </TR>
          <TR>
            <TD>17390.000000</TD>
            <TD>0.234300</TD>
          </TR>
          <TR>
            <TD>17395.000000</TD>
            <TD>0.232900</TD>
          </TR>
          <TR>
            <TD>17400.000000</TD>
            <TD>0.229100</TD>
          </TR>
          <TR>
            <TD>17405.000000</TD>
            <TD>0.233400</TD>
          </TR>
          <TR>
            <TD>17410.000000</TD>
            <TD>0.229400</TD>
          </TR>
          <TR>
            <TD>17415.000000</TD>
            <TD>0.223600</TD>
          </TR>
          <TR>
            <TD>17420.000000</TD>
            <TD>0.232000</TD>
          </TR>
          <TR>
            <TD>17425.000000</TD>
            <TD>0.233500</TD>
          </TR>
          <TR>
            <TD>17430.000000</TD>
            <TD>0.233000</TD>
          </TR>
          <TR>
            <TD>17435.000000</TD>
            <TD>0.233100</TD>
          </TR>
          <TR>
            <TD>17440.000000</TD>
            <TD>0.232700</TD>
          </TR>
          <TR>
            <TD>17445.000000</TD>
            <TD>0.217600</TD>
          </TR>
          <TR>
            <TD>17450.000000</TD>
            <TD>0.232400</TD>
          </TR>
          <TR>
            <TD>17455.000000</TD>
            <TD>0.232500</TD>
          </TR>
          <TR>
            <TD>17460.000000</TD>
            <TD>0.231500</TD>
          </TR>
          <TR>
            <TD>17465.000000</TD>
            <TD>0.224800</TD>
          </TR>
          <TR>
            <TD>17470.000000</TD>
            <TD>0.208800</TD>
          </TR>
          <TR>
            <TD>17475.000000</TD>
            <TD>0.221600</TD>
          </TR>
          <TR>
            <TD>17480.000000</TD>
            <TD>0.231400</TD>
          </TR>
          <TR>
            <TD>17485.000000</TD>
            <TD>0.231400</TD>
          </TR>
          <TR>
            <TD>17490.000000</TD>
            <TD>0.230600</TD>
          </TR>
          <TR>
            <TD>17495.000000</TD>
            <TD>0.230500</TD>
          </TR>
          <TR>
            <TD>17500.000000</TD>
            <TD>0.230100</TD>
          </TR>
          <TR>
            <TD>17505.000000</TD>
            <TD>0.230000</TD>
          </TR>
          <TR>
            <TD>17510.000000</TD>
            <TD>0.229600</TD>
          </TR>
          <TR>
            <TD>17515.000000</TD>
            <TD>0.204100</TD>
          </TR>
          <TR>
            <TD>17520.000000</TD>
            <TD>0.228700</TD>
          </TR>
          <TR>
            <TD>17525.000000</TD>
            <TD>0.228700</TD>
          </TR>
          <TR>
            <TD>17530.000000</TD>
            <TD>0.228100</TD>
          </TR>
          <TR>
            <TD>17535.000000</TD>
            <TD>0.228200</TD>
          </TR>
          <TR>
            <TD>17540.000000</TD>
            <TD>0.227400</TD>
          </TR>
          <TR>
            <TD>17545.000000</TD>
            <TD>0.226900</TD>
          </TR>
          <TR>
            <TD>17550.000000</TD>
            <TD>0.210600</TD>
          </TR>
          <TR>
            <TD>17555.000000</TD>
            <TD>0.223500</TD>
          </TR>
          <TR>
            <TD>17560.000000</TD>
            <TD>0.225600</TD>
          </TR>
          <TR>
            <TD>17565.000000</TD>
            <TD>0.222600</TD>
          </TR>
          <TR>
            <TD>17570.000000</TD>
            <TD>0.215000</TD>
          </TR>
          <TR>
            <TD>17575.000000</TD>
            <TD>0.200800</TD>
          </TR>
          <TR>
            <TD>17580.000000</TD>
            <TD>0.222900</TD>
          </TR>
          <TR>
            <TD>17585.000000</TD>
            <TD>0.222400</TD>
          </TR>
          <TR>
            <TD>17590.000000</TD>
            <TD>0.221800</TD>
          </TR>
          <TR>
            <TD>17595.000000</TD>
            <TD>0.221100</TD>
          </TR>
          <TR>
            <TD>17600.000000</TD>
            <TD>0.219900</TD>
          </TR>
          <TR>
            <TD>17605.000000</TD>
            <TD>0.219000</TD>
          </TR>
          <TR>
            <TD>17610.000000</TD>
            <TD>0.201800</TD>
          </TR>
          <TR>
            <TD>17615.000000</TD>
            <TD>0.217300</TD>
          </TR>
          <TR>
            <TD>17620.000000</TD>
            <TD>0.216200</TD>
          </TR>
          <TR>
            <TD>17625.000000</TD>
            <TD>0.204100</TD>
          </TR>
          <TR>
            <TD>17630.000000</TD>
            <TD>0.199700</TD>
          </TR>
          <TR>
            <TD>17635.000000</TD>
            <TD>0.212500</TD>
          </TR>
          <TR>
            <TD>17640.000000</TD>
            <TD>0.211900</TD>
          </TR>
          <TR>
            <TD>17645.000000</TD>
            <TD>0.210500</TD>
          </TR>
          <TR>
            <TD>17650.000000</TD>
            <TD>0.209200</TD>
          </TR>
          <TR>
            <TD>17655.000000</TD>
            <TD>0.194300</TD>
          </TR>
          <TR>
            <TD>17660.000000</TD>
            <TD>0.129700</TD>
          </TR>
          <TR>
            <TD>17665.000000</TD>
            <TD>0.203900</TD>
          </TR>
          <TR>
            <TD>17670.000000</TD>
            <TD>0.203600</TD>
          </TR>
          <TR>
            <TD>17675.000000</TD>
            <TD>0.203000</TD>
          </TR>
          <TR>
            <TD>17680.000000</TD>
            <TD>0.200300</TD>
          </TR>
          <TR>
            <TD>17685.000000</TD>
            <TD>0.199100</TD>
          </TR>
          <TR>
            <TD>17690.000000</TD>
            <TD>0.197000</TD>
          </TR>
          <TR>
            <TD>17695.000000</TD>
            <TD>0.193900</TD>
          </TR>
          <TR>
            <TD>17700.000000</TD>
            <TD>0.191400</TD>
          </TR>
          <TR>
            <TD>17705.000000</TD>
            <TD>0.186600</TD>
          </TR>
          <TR>
            <TD>17710.000000</TD>
            <TD>0.187400</TD>
          </TR>
          <TR>
            <TD>17715.000000</TD>
            <TD>0.190500</TD>
          </TR>
          <TR>
            <TD>17720.000000</TD>
            <TD>0.187700</TD>
          </TR>
          <TR>
            <TD>17725.000000</TD>
            <TD>0.185800</TD>
          </TR>
          <TR>
            <TD>17730.000000</TD>
            <TD>0.184300</TD>
          </TR>
          <TR>
            <TD>17735.000000</TD>
            <TD>0.182900</TD>
          </TR>
          <TR>
            <TD>17740.000000</TD>
            <TD>0.159800</TD>
          </TR>
          <TR>
            <TD>17745.000000</TD>
            <TD>0.168000</TD>
          </TR>
          <TR>
            <TD>17750.000000</TD>
            <TD>0.174300</TD>
          </TR>
          <TR>
            <TD>17755.000000</TD>
            <TD>0.173300</TD>
          </TR>
          <TR>
            <TD>17760.000000</TD>
            <TD>0.159200</TD>
          </TR>
          <TR>
            <TD>17765.000000</TD>
            <TD>0.163700</TD>
          </TR>
          <TR>
            <TD>17770.000000</TD>
            <TD>0.168000</TD>
          </TR>
          <TR>
            <TD>17775.000000</TD>
            <TD>0.167500</TD>
          </TR>
          <TR>
            <TD>17780.000000</TD>
            <TD>0.163300</TD>
          </TR>
          <TR>
            <TD>17785.000000</TD>
            <TD>0.149000</TD>
          </TR>
          <TR>
            <TD>17790.000000</TD>
            <TD>0.134700</TD>
          </TR>
          <TR>
            <TD>17795.000000</TD>
            <TD>0.159000</TD>
          </TR>
          <TR>
            <TD>17800.000000</TD>
            <TD>0.157100</TD>
          </TR>
          <TR>
            <TD>17805.000000</TD>
            <TD>0.155200</TD>
          </TR>
          <TR>
            <TD>17810.000000</TD>
            <TD>0.141000</TD>
          </TR>
          <TR>
            <TD>17815.000000</TD>
            <TD>0.133600</TD>
          </TR>
          <TR>
            <TD>17820.000000</TD>
            <TD>0.148100</TD>
          </TR>
          <TR>
            <TD>17825.000000</TD>
            <TD>0.146300</TD>
          </TR>
          <TR>
            <TD>17830.000000</TD>
            <TD>0.145400</TD>
          </TR>
          <TR>
            <TD>17835.000000</TD>
            <TD>0.141400</TD>
          </TR>
          <TR>
            <TD>17840.000000</TD>
            <TD>0.134400</TD>
          </TR>
          <TR>
            <TD>17845.000000</TD>
            <TD>0.122400</TD>
          </TR>
          <TR>
            <TD>17850.000000</TD>
            <TD>0.102500</TD>
          </TR>
          <TR>
            <TD>17855.000000</TD>
            <TD>0.132200</TD>
          </TR>
          <TR>
            <TD>17860.000000</TD>
            <TD>0.111300</TD>
          </TR>
          <TR>
            <TD>17865.000000</TD>
            <TD>0.126900</TD>
          </TR>
          <TR>
            <TD>17870.000000</TD>
            <TD>0.110300</TD>
          </TR>
          <TR>
            <TD>17875.000000</TD>
            <TD>0.121800</TD>
          </TR>
          <TR>
            <TD>17880.000000</TD>
            <TD>0.124700</TD>
          </TR>
          <TR>
            <TD>17885.000000</TD>
            <TD>0.122100</TD>
          </TR>
          <TR>
            <TD>17890.000000</TD>
            <TD>0.114100</TD>
          </TR>
          <TR>
            <TD>17895.000000</TD>
            <TD>0.119100</TD>
          </TR>
          <TR>
            <TD>17900.000000</TD>
            <TD>0.115600</TD>
          </TR>
          <TR>
            <TD>17905.000000</TD>
            <TD>0.100500</TD>
          </TR>
          <TR>
            <TD>17910.000000</TD>
            <TD>0.097500</TD>
          </TR>
          <TR>
            <TD>17915.000000</TD>
            <TD>0.099800</TD>
          </TR>
          <TR>
            <TD>17920.000000</TD>
            <TD>0.099700</TD>
          </TR>
          <TR>
            <TD>17925.000000</TD>
            <TD>0.096700</TD>
          </TR>
          <TR>
            <TD>17930.000000</TD>
            <TD>0.101000</TD>
          </TR>
          <TR>
            <TD>17935.000000</TD>
            <TD>0.074900</TD>
          </TR>
          <TR>
            <TD>17940.000000</TD>
            <TD>0.074500</TD>
          </TR>
          <TR>
            <TD>17945.000000</TD>
            <TD>0.095900</TD>
          </TR>
          <TR>
            <TD>17950.000000</TD>
            <TD>0.091000</TD>
          </TR>
          <TR>
            <TD>17955.000000</TD>
            <TD>0.087300</TD>
          </TR>
          <TR>
            <TD>17960.000000</TD>
            <TD>0.080100</TD>
          </TR>
          <TR>
            <TD>17965.000000</TD>
            <TD>0.086400</TD>
          </TR>
          <TR>
            <TD>17970.000000</TD>
            <TD>0.060300</TD>
          </TR>
          <TR>
            <TD>17975.000000</TD>
            <TD>0.087300</TD>
          </TR>
          <TR>
            <TD>17980.000000</TD>
            <TD>0.070500</TD>
          </TR>
          <TR>
            <TD>17985.000000</TD>
            <TD>0.082900</TD>
          </TR>
          <TR>
            <TD>17990.000000</TD>
            <TD>0.082900</TD>
          </TR>
          <TR>
            <TD>17995.000000</TD>
            <TD>0.075200</TD>
          </TR>
          <TR>
            <TD>18000.000000</TD>
            <TD>0.053900</TD>
          </TR>
          <TR>
            <TD>18005.000000</TD>
            <TD>0.040600</TD>
          </TR>
          <TR>
            <TD>18010.000000</TD>
            <TD>0.039000</TD>
          </TR>
          <TR>
            <TD>18015.000000</TD>
            <TD>0.052200</TD>
          </TR>
          <TR>
            <TD>18020.000000</TD>
            <TD>0.058700</TD>
          </TR>
          <TR>
            <TD>18025.000000</TD>
            <TD>0.053000</TD>
          </TR>
          <TR>
            <TD>18030.000000</TD>
            <TD>0.060400</TD>
          </TR>
          <TR>
            <TD>18035.000000</TD>
            <TD>0.048900</TD>
          </TR>
          <TR>
            <TD>18040.000000</TD>
            <TD>0.051000</TD>
          </TR>
          <TR>
            <TD>18045.000000</TD>
            <TD>0.058200</TD>
          </TR>
          <TR>
            <TD>18050.000000</TD>
            <TD>0.063500</TD>
          </TR>
          <TR>
            <TD>18055.000000</TD>
            <TD>0.051300</TD>
          </TR>
          <TR>
            <TD>18060.000000</TD>
            <TD>0.036500</TD>
          </TR>
          <TR>
            <TD>18065.000000</TD>
            <TD>0.022200</TD>
          </TR>
          <TR>
            <TD>18070.000000</TD>
            <TD>0.052600</TD>
          </TR>
          <TR>
            <TD>18075.000000</TD>
            <TD>0.031900</TD>
          </TR>
          <TR>
            <TD>18080.000000</TD>
            <TD>0.051600</TD>
          </TR>
          <TR>
            <TD>18085.000000</TD>
            <TD>0.048900</TD>
          </TR>
          <TR>
            <TD>18090.000000</TD>
            <TD>0.034300</TD>
          </TR>
          <TR>
            <TD>18095.000000</TD>
            <TD>0.045500</TD>
          </TR>
          <TR>
            <TD>18100.000000</TD>
            <TD>0.046700</TD>
          </TR>
          <TR>
            <TD>18105.000000</TD>
            <TD>0.021700</TD>
          </TR>
          <TR>
            <TD>18110.000000</TD>
            <TD>0.016300</TD>
          </TR>
          <TR>
            <TD>18115.000000</TD>
            <TD>0.037900</TD>
          </TR>
          <TR>
            <TD>18120.000000</TD>
            <TD>0.026700</TD>
          </TR>
          <TR>
            <TD>18125.000000</TD>
            <TD>0.031800</TD>
          </TR>
          <TR>
            <TD>18130.000000</TD>
            <TD>0.011800</TD>
          </TR>
          <TR>
            <TD>18135.000000</TD>
            <TD>0.031200</TD>
          </TR>
          <TR>
            <TD>18140.000000</TD>
            <TD>0.039200</TD>
          </TR>
          <TR>
            <TD>18145.000000</TD>
            <TD>0.038600</TD>
          </TR>
          <TR>
            <TD>18150.000000</TD>
            <TD>0.022500</TD>
          </TR>
          <TR>
            <TD>18155.000000</TD>
            <TD>0.010700</TD>
          </TR>
          <TR>
            <TD>18160.000000</TD>
            <TD>0.022900</TD>
          </TR>
          <TR>
            <TD>18165.000000</TD>
            <TD>0.024200</TD>
          </TR>
          <TR>
            <TD>18170.000000</TD>
            <TD>0.019100</TD>
          </TR>
          <TR>
            <TD>18175.000000</TD>
            <TD>0.030500</TD>
          </TR>
          <TR>
            <TD>18180.000000</TD>
            <TD>0.030800</TD>
          </TR>
          <TR>
            <TD>18185.000000</TD>
            <TD>0.008600</TD>
          </TR>
          <TR>
            <TD>18190.000000</TD>
            <TD>0.023600</TD>
          </TR>
          <TR>
            <TD>18195.000000</TD>
            <TD>0.025700</TD>
          </TR>
          <TR>
            <TD>18200.000000</TD>
            <TD>0.013400</TD>
          </TR>
        </TABLEDATA>
      </DATA>
    </TABLE>
  </RESOURCE>
</VOTABLE>
