<?xml version="1.0"?>
<VOTABLE version="1.1" xsi:schemaLocation="http://www.ivoa.net/xml/VOTable/v1.1" xmlns:xsi="http://www.w3.org/2001/XMLSchema-instance">
  <INFO name="QUERY_STATUS" value="OK"/>
  <RESOURCE type="results">
    <PARAM name="FilterProfileService" value="ivo://svo/fps" ucd="meta.ref.ivorn" utype="PhotometryFilter.fpsIdentifier" datatype="char" arraysize="*"/>
    <PARAM name="filterID" value="WISE/WISE.W1" ucd="meta.id" utype="photdm:PhotometryFilter.identifier" datatype="char" arraysize="*"/>
    <PARAM name="WavelengthUnit" value="Angstrom" ucd="meta.unit" utype="PhotometryFilter.SpectralAxis.unit" datatype="char" arraysize="*"/>
    <PARAM name="WavelengthUCD" value="em.wl" ucd="meta.ucd" utype="PhotometryFilter.SpectralAxis.UCD" datatype="char" arraysize="*"/>
    <PARAM name="Description" value="WISE W1 filter" ucd="meta.note" utype="photdm:PhotometryFilter.description" datatype="char" arraysize="*"/>
    <PARAM name="PhotSystem" value="WISE" utype="photdm:PhotometricSystem.description" datatype="char" arraysize="*">
       <DESCRIPTION>Photometric system</DESCRIPTION>
    </PARAM>
    <PARAM name="Facility" value="WISE" ucd="instr.obsty" datatype="char" arraysize="*">
       <DESCRIPTION>Observational facility</DESCRIPTION>
    </PARAM>
    <PARAM name="ProfileReference" value="http://wise2.ipac.caltech.edu/docs/release/prelim/expsup/sec4_3g.html#WISEZMA" datatype="char" arraysize="*"/>
    <PARAM name="CalibrationReference" value="http://wise2.ipac.caltech.edu/docs/release/prelim/expsup/figures/sec4_3gt4.gif" datatype="char" arraysize="*"/>
    <PARAM name="Description" value="WISE W1 filter" ucd="meta.note" utype="photdm:PhotometryFilter.description" datatype="char" arraysize="*"/>
    <PARAM name="WavelengthMean" value="33526" unit="Angstrom" ucd="em.wl" utype="photdm:PhotometryFilter.SpectralAxis.Coverage.Location.Value" datatype="float" >
       <DESCRIPTION>Manually specified. See reference</DESCRIPTION>
    </PARAM>
    <PARAM name="WavelengthEff" value="33526" unit="Angstrom" ucd="em.wl.effective" datatype="float" >
       <DESCRIPTION>Manually specified. See reference</DESCRIPTION>
    </PARAM>
    <PARAM name="WavelengthMin" value="27540.970745309" unit="Angstrom" ucd="em.wl;stat.min" utype="photdm:PhotometryFilter.SpectralAxis.Coverage.Bounds.Start" datatype="float" >
       <DESCRIPTION>Minimum filter wavelength. Defined as the first lambda value with a transmission at least 1% of maximum transmission</DESCRIPTION>
    </PARAM>
    <PARAM name="WavelengthMax" value="38723.877229677" unit="Angstrom" ucd="em.wl;stat.max" utype="photdm:PhotometryFilter.SpectralAxis.Coverage.Bounds.Stop" datatype="float" >
       <DESCRIPTION>Maximum filter wavelength. Defined as the last lambda value with a transmission at least 1% of maximum transmission</DESCRIPTION>
    </PARAM>
    <PARAM name="WidthEff" value="6626.4186524258" unit="Angstrom" ucd="instr.bandwidth" utype="photdm:PhotometryFilter.SpectralAxis.Coverage.Bounds.Extent" datatype="float" >
       <DESCRIPTION>Effective width. Defined as integ[x*filter(x) dx].\nEquivalent to the horizontal size of a rectangle with height equal to maximum transmission and with the same area that the one covered by the filter transmission curve.</DESCRIPTION>
    </PARAM>
    <PARAM name="WavelengthCen" value="34655.159675824" unit="Angstrom" ucd="em.wl" datatype="float" >
       <DESCRIPTION>Central wavelength. Defined as the central wavelength between the two points defining FWMH</DESCRIPTION>
    </PARAM>
    <PARAM name="WavelengthPivot" value="33897.046280051" unit="Angstrom" ucd="em.wl" datatype="float" >
       <DESCRIPTION>Peak wavelength. Defined as sqrt{integ[x*filter(x) dx]/integ[filter(x) dx/x]}</DESCRIPTION>
    </PARAM>
    <PARAM name="WavelengthPeak" value="34800" unit="Angstrom" ucd="em.wl" datatype="float" >
       <DESCRIPTION>Peak wavelength. Defined as the lambda value with larger transmission</DESCRIPTION>
    </PARAM>
    <PARAM name="WavelengthPhot" value="33386.989362291" unit="Angstrom" ucd="em.wl" datatype="float" >
       <DESCRIPTION>Photon distribution based effective wavelength. Defined as integ[x^2*filter(x)*vega(x) dx]/integ[x*filter(x)*vega(x) dx]</DESCRIPTION>
    </PARAM>
    <PARAM name="FWHM" value="6357.9289790802" unit="Angstrom" ucd="instr.bandwidth" datatype="float" >
       <DESCRIPTION>Full width at half maximum. Defined as the difference between the two wavelengths for which filter transmission is half maximum</DESCRIPTION>
    </PARAM>
    <PARAM name="PhotCalID" value="WISE/WISE.W1/Vega" ucd="meta.id" utype="photdm:PhotCal.identifier" datatype="char" arraysize="*"/>
    <PARAM name="MagSys" value="Vega" ucd="meta.code" utype="photdm:PhotCal.MagnitudeSystem.type" datatype="char" arraysize="*"/>
    <PARAM name="ZeroPoint" value="309.54" unit="Jy" ucd="phot.flux.density" utype="photdm:PhotCal.ZeroPoint.Flux.value" datatype="float" />
    <PARAM name="ZeroPointUnit" value="Jy" ucd="meta.unit" utype="photdm:PhotCal.ZeroPoint.Flux.unit" datatype="char" arraysize="*"/>
    <PARAM name="ZeroPointType" value="Pogson" ucd="meta.code" utype="photdm:PhotCal.ZeroPoint.type" datatype="char" arraysize="*"/>
    <TABLE utype="photdm:PhotometryFilter.transmissionCurve.spectrum">
      <FIELD name="Wavelength" utype="spec:Data.SpectralAxis.Value" ucd="em.wl" unit="Angstrom" datatype="float"/>
      <FIELD name="Transmission" utype="spec:Data.FluxAxis.Value" ucd="phys.transmission" unit="" datatype="float"/>
      <DATA>
        <TABLEDATA>
          <TR>
            <TD>26000.0</TD>
            <TD>0.0000023718</TD>
          </TR>
          <TR>
            <TD>26100.0</TD>
            <TD>0.0003578700</TD>
          </TR>
          <TR>
            <TD>26200.0</TD>
            <TD>0.0011801000</TD>
          </TR>
          <TR>
            <TD>26300.0</TD>
            <TD>0.0009294400</TD>
          </TR>
          <TR>
            <TD>26400.0</TD>
            <TD>0.0007509500</TD>
          </TR>
          <TR>
            <TD>26500.0</TD>
            <TD>0.0008194000</TD>
          </TR>
          <TR>
            <TD>26600.0</TD>
            <TD>0.0008818300</TD>
          </TR>
          <TR>
            <TD>26700.0</TD>
            <TD>0.0010517000</TD>
          </TR>
          <TR>
            <TD>26800.0</TD>
            <TD>0.0003386700</TD>
          </TR>
          <TR>
            <TD>26900.0</TD>
            <TD>0.0005170500</TD>
          </TR>
          <TR>
            <TD>27000.0</TD>
            <TD>0.0008184600</TD>
          </TR>
          <TR>
            <TD>27100.0</TD>
            <TD>0.0087291000</TD>
          </TR>
          <TR>
            <TD>27200.0</TD>
            <TD>0.0077299000</TD>
          </TR>
          <TR>
            <TD>27300.0</TD>
            <TD>0.0046045000</TD>
          </TR>
          <TR>
            <TD>27400.0</TD>
            <TD>0.0034356000</TD>
          </TR>
          <TR>
            <TD>27500.0</TD>
            <TD>0.0073993000</TD>
          </TR>
          <TR>
            <TD>27600.0</TD>
            <TD>0.0137470000</TD>
          </TR>
          <TR>
            <TD>27700.0</TD>
            <TD>0.0235500000</TD>
          </TR>
          <TR>
            <TD>27800.0</TD>
            <TD>0.0452090000</TD>
          </TR>
          <TR>
            <TD>27900.0</TD>
            <TD>0.0888750000</TD>
          </TR>
          <TR>
            <TD>28000.0</TD>
            <TD>0.1555600000</TD>
          </TR>
          <TR>
            <TD>28100.0</TD>
            <TD>0.2300900000</TD>
          </TR>
          <TR>
            <TD>28200.0</TD>
            <TD>0.2836900000</TD>
          </TR>
          <TR>
            <TD>28300.0</TD>
            <TD>0.3068700000</TD>
          </TR>
          <TR>
            <TD>28400.0</TD>
            <TD>0.3042500000</TD>
          </TR>
          <TR>
            <TD>28500.0</TD>
            <TD>0.2941500000</TD>
          </TR>
          <TR>
            <TD>28600.0</TD>
            <TD>0.2821000000</TD>
          </TR>
          <TR>
            <TD>28700.0</TD>
            <TD>0.2680900000</TD>
          </TR>
          <TR>
            <TD>28800.0</TD>
            <TD>0.2550100000</TD>
          </TR>
          <TR>
            <TD>28900.0</TD>
            <TD>0.2540100000</TD>
          </TR>
          <TR>
            <TD>29000.0</TD>
            <TD>0.2662500000</TD>
          </TR>
          <TR>
            <TD>29100.0</TD>
            <TD>0.2890300000</TD>
          </TR>
          <TR>
            <TD>29200.0</TD>
            <TD>0.3150100000</TD>
          </TR>
          <TR>
            <TD>29300.0</TD>
            <TD>0.3378200000</TD>
          </TR>
          <TR>
            <TD>29400.0</TD>
            <TD>0.3570200000</TD>
          </TR>
          <TR>
            <TD>29500.0</TD>
            <TD>0.3735600000</TD>
          </TR>
          <TR>
            <TD>29600.0</TD>
            <TD>0.3886500000</TD>
          </TR>
          <TR>
            <TD>29700.0</TD>
            <TD>0.4054800000</TD>
          </TR>
          <TR>
            <TD>29800.0</TD>
            <TD>0.4214500000</TD>
          </TR>
          <TR>
            <TD>29900.0</TD>
            <TD>0.4326300000</TD>
          </TR>
          <TR>
            <TD>30000.0</TD>
            <TD>0.4370100000</TD>
          </TR>
          <TR>
            <TD>30100.0</TD>
            <TD>0.4414200000</TD>
          </TR>
          <TR>
            <TD>30200.0</TD>
            <TD>0.4458400000</TD>
          </TR>
          <TR>
            <TD>30300.0</TD>
            <TD>0.4453400000</TD>
          </TR>
          <TR>
            <TD>30400.0</TD>
            <TD>0.4378700000</TD>
          </TR>
          <TR>
            <TD>30500.0</TD>
            <TD>0.4283600000</TD>
          </TR>
          <TR>
            <TD>30600.0</TD>
            <TD>0.4147700000</TD>
          </TR>
          <TR>
            <TD>30700.0</TD>
            <TD>0.4000800000</TD>
          </TR>
          <TR>
            <TD>30800.0</TD>
            <TD>0.3822700000</TD>
          </TR>
          <TR>
            <TD>30900.0</TD>
            <TD>0.3673600000</TD>
          </TR>
          <TR>
            <TD>31000.0</TD>
            <TD>0.3594400000</TD>
          </TR>
          <TR>
            <TD>31100.0</TD>
            <TD>0.3677100000</TD>
          </TR>
          <TR>
            <TD>31200.0</TD>
            <TD>0.3953900000</TD>
          </TR>
          <TR>
            <TD>31300.0</TD>
            <TD>0.4375500000</TD>
          </TR>
          <TR>
            <TD>31400.0</TD>
            <TD>0.4768900000</TD>
          </TR>
          <TR>
            <TD>31500.0</TD>
            <TD>0.5072200000</TD>
          </TR>
          <TR>
            <TD>31600.0</TD>
            <TD>0.5284400000</TD>
          </TR>
          <TR>
            <TD>31700.0</TD>
            <TD>0.5446100000</TD>
          </TR>
          <TR>
            <TD>31800.0</TD>
            <TD>0.5587900000</TD>
          </TR>
          <TR>
            <TD>31900.0</TD>
            <TD>0.5720100000</TD>
          </TR>
          <TR>
            <TD>32000.0</TD>
            <TD>0.5832000000</TD>
          </TR>
          <TR>
            <TD>32100.0</TD>
            <TD>0.5902700000</TD>
          </TR>
          <TR>
            <TD>32200.0</TD>
            <TD>0.5973700000</TD>
          </TR>
          <TR>
            <TD>32300.0</TD>
            <TD>0.6023900000</TD>
          </TR>
          <TR>
            <TD>32400.0</TD>
            <TD>0.6063700000</TD>
          </TR>
          <TR>
            <TD>32500.0</TD>
            <TD>0.6029300000</TD>
          </TR>
          <TR>
            <TD>32600.0</TD>
            <TD>0.5984000000</TD>
          </TR>
          <TR>
            <TD>32700.0</TD>
            <TD>0.5959600000</TD>
          </TR>
          <TR>
            <TD>32800.0</TD>
            <TD>0.5999300000</TD>
          </TR>
          <TR>
            <TD>32900.0</TD>
            <TD>0.6178700000</TD>
          </TR>
          <TR>
            <TD>33000.0</TD>
            <TD>0.6531700000</TD>
          </TR>
          <TR>
            <TD>33100.0</TD>
            <TD>0.6994700000</TD>
          </TR>
          <TR>
            <TD>33200.0</TD>
            <TD>0.7482100000</TD>
          </TR>
          <TR>
            <TD>33300.0</TD>
            <TD>0.7917900000</TD>
          </TR>
          <TR>
            <TD>33400.0</TD>
            <TD>0.8225400000</TD>
          </TR>
          <TR>
            <TD>33500.0</TD>
            <TD>0.8402100000</TD>
          </TR>
          <TR>
            <TD>33600.0</TD>
            <TD>0.8405200000</TD>
          </TR>
          <TR>
            <TD>33700.0</TD>
            <TD>0.8265100000</TD>
          </TR>
          <TR>
            <TD>33800.0</TD>
            <TD>0.8102000000</TD>
          </TR>
          <TR>
            <TD>33900.0</TD>
            <TD>0.7905600000</TD>
          </TR>
          <TR>
            <TD>34000.0</TD>
            <TD>0.7695700000</TD>
          </TR>
          <TR>
            <TD>34100.0</TD>
            <TD>0.7584700000</TD>
          </TR>
          <TR>
            <TD>34200.0</TD>
            <TD>0.7752200000</TD>
          </TR>
          <TR>
            <TD>34300.0</TD>
            <TD>0.8211700000</TD>
          </TR>
          <TR>
            <TD>34400.0</TD>
            <TD>0.8830000000</TD>
          </TR>
          <TR>
            <TD>34500.0</TD>
            <TD>0.9396600000</TD>
          </TR>
          <TR>
            <TD>34600.0</TD>
            <TD>0.9762800000</TD>
          </TR>
          <TR>
            <TD>34700.0</TD>
            <TD>0.9949700000</TD>
          </TR>
          <TR>
            <TD>34800.0</TD>
            <TD>1.0000000000</TD>
          </TR>
          <TR>
            <TD>34900.0</TD>
            <TD>0.9983100000</TD>
          </TR>
          <TR>
            <TD>35000.0</TD>
            <TD>0.9977400000</TD>
          </TR>
          <TR>
            <TD>35100.0</TD>
            <TD>0.9972700000</TD>
          </TR>
          <TR>
            <TD>35200.0</TD>
            <TD>0.9966600000</TD>
          </TR>
          <TR>
            <TD>35300.0</TD>
            <TD>0.9961500000</TD>
          </TR>
          <TR>
            <TD>35400.0</TD>
            <TD>0.9885700000</TD>
          </TR>
          <TR>
            <TD>35500.0</TD>
            <TD>0.9751300000</TD>
          </TR>
          <TR>
            <TD>35600.0</TD>
            <TD>0.9569400000</TD>
          </TR>
          <TR>
            <TD>35700.0</TD>
            <TD>0.9363100000</TD>
          </TR>
          <TR>
            <TD>35800.0</TD>
            <TD>0.9155500000</TD>
          </TR>
          <TR>
            <TD>35900.0</TD>
            <TD>0.9028600000</TD>
          </TR>
          <TR>
            <TD>36000.0</TD>
            <TD>0.9006700000</TD>
          </TR>
          <TR>
            <TD>36100.0</TD>
            <TD>0.9137900000</TD>
          </TR>
          <TR>
            <TD>36200.0</TD>
            <TD>0.9364200000</TD>
          </TR>
          <TR>
            <TD>36300.0</TD>
            <TD>0.9579800000</TD>
          </TR>
          <TR>
            <TD>36400.0</TD>
            <TD>0.9701300000</TD>
          </TR>
          <TR>
            <TD>36500.0</TD>
            <TD>0.9751800000</TD>
          </TR>
          <TR>
            <TD>36600.0</TD>
            <TD>0.9754600000</TD>
          </TR>
          <TR>
            <TD>36700.0</TD>
            <TD>0.9757200000</TD>
          </TR>
          <TR>
            <TD>36800.0</TD>
            <TD>0.9747800000</TD>
          </TR>
          <TR>
            <TD>36900.0</TD>
            <TD>0.9738100000</TD>
          </TR>
          <TR>
            <TD>37000.0</TD>
            <TD>0.9729500000</TD>
          </TR>
          <TR>
            <TD>37100.0</TD>
            <TD>0.9743600000</TD>
          </TR>
          <TR>
            <TD>37200.0</TD>
            <TD>0.9745600000</TD>
          </TR>
          <TR>
            <TD>37300.0</TD>
            <TD>0.9674300000</TD>
          </TR>
          <TR>
            <TD>37400.0</TD>
            <TD>0.9394900000</TD>
          </TR>
          <TR>
            <TD>37500.0</TD>
            <TD>0.8845600000</TD>
          </TR>
          <TR>
            <TD>37600.0</TD>
            <TD>0.7986200000</TD>
          </TR>
          <TR>
            <TD>37700.0</TD>
            <TD>0.6829000000</TD>
          </TR>
          <TR>
            <TD>37800.0</TD>
            <TD>0.5480400000</TD>
          </TR>
          <TR>
            <TD>37900.0</TD>
            <TD>0.4072600000</TD>
          </TR>
          <TR>
            <TD>38000.0</TD>
            <TD>0.2818600000</TD>
          </TR>
          <TR>
            <TD>38100.0</TD>
            <TD>0.1852900000</TD>
          </TR>
          <TR>
            <TD>38200.0</TD>
            <TD>0.1156800000</TD>
          </TR>
          <TR>
            <TD>38300.0</TD>
            <TD>0.0708030000</TD>
          </TR>
          <TR>
            <TD>38400.0</TD>
            <TD>0.0436460000</TD>
          </TR>
          <TR>
            <TD>38500.0</TD>
            <TD>0.0276010000</TD>
          </TR>
          <TR>
            <TD>38600.0</TD>
            <TD>0.0176000000</TD>
          </TR>
          <TR>
            <TD>38700.0</TD>
            <TD>0.0110160000</TD>
          </TR>
          <TR>
            <TD>38800.0</TD>
            <TD>0.0067609000</TD>
          </TR>
          <TR>
            <TD>38900.0</TD>
            <TD>0.0047912000</TD>
          </TR>
          <TR>
            <TD>39000.0</TD>
            <TD>0.0039844000</TD>
          </TR>
          <TR>
            <TD>39100.0</TD>
            <TD>0.0031390000</TD>
          </TR>
          <TR>
            <TD>39200.0</TD>
            <TD>0.0023814000</TD>
          </TR>
          <TR>
            <TD>39300.0</TD>
            <TD>0.0022553000</TD>
          </TR>
          <TR>
            <TD>39400.0</TD>
            <TD>0.0018119000</TD>
          </TR>
          <TR>
            <TD>39500.0</TD>
            <TD>0.0015120000</TD>
          </TR>
          <TR>
            <TD>39600.0</TD>
            <TD>0.0011342000</TD>
          </TR>
          <TR>
            <TD>39700.0</TD>
            <TD>0.0006554600</TD>
          </TR>
          <TR>
            <TD>39800.0</TD>
            <TD>0.0003544900</TD>
          </TR>
          <TR>
            <TD>39900.0</TD>
            <TD>0.0000428100</TD>
          </TR>
          <TR>
            <TD>40000.0</TD>
            <TD>0.0001003200</TD>
          </TR>
        </TABLEDATA>
      </DATA>
    </TABLE>
  </RESOURCE>
</VOTABLE>
