<?xml version="1.0"?>
<VOTABLE version="1.1" xsi:schemaLocation="http://www.ivoa.net/xml/VOTable/v1.1" xmlns:xsi="http://www.w3.org/2001/XMLSchema-instance">
  <INFO name="QUERY_STATUS" value="OK"/>
  <RESOURCE type="results">
    <PARAM name="FilterProfileService" value="ivo://svo/fps" ucd="meta.ref.ivorn" utype="PhotometryFilter.fpsIdentifier" datatype="char" arraysize="*"/>
    <PARAM name="filterID" value="WISE/WISE.W2" ucd="meta.id" utype="photdm:PhotometryFilter.identifier" datatype="char" arraysize="*"/>
    <PARAM name="WavelengthUnit" value="Angstrom" ucd="meta.unit" utype="PhotometryFilter.SpectralAxis.unit" datatype="char" arraysize="*"/>
    <PARAM name="WavelengthUCD" value="em.wl" ucd="meta.ucd" utype="PhotometryFilter.SpectralAxis.UCD" datatype="char" arraysize="*"/>
    <PARAM name="Description" value="WISE W2 filter" ucd="meta.note" utype="photdm:PhotometryFilter.description" datatype="char" arraysize="*"/>
    <PARAM name="PhotSystem" value="WISE" utype="photdm:PhotometricSystem.description" datatype="char" arraysize="*">
       <DESCRIPTION>Photometric system</DESCRIPTION>
    </PARAM>
    <PARAM name="Facility" value="WISE" ucd="instr.obsty" datatype="char" arraysize="*">
       <DESCRIPTION>Observational facility</DESCRIPTION>
    </PARAM>
    <PARAM name="ProfileReference" value="http://wise2.ipac.caltech.edu/docs/release/prelim/expsup/sec4_3g.html#WISEZMA" datatype="char" arraysize="*"/>
    <PARAM name="CalibrationReference" value="http://wise2.ipac.caltech.edu/docs/release/prelim/expsup/figures/sec4_3gt4.gif" datatype="char" arraysize="*"/>
    <PARAM name="Description" value="WISE W2 filter" ucd="meta.note" utype="photdm:PhotometryFilter.description" datatype="char" arraysize="*"/>
    <PARAM name="WavelengthMean" value="46028" unit="Angstrom" ucd="em.wl" utype="photdm:PhotometryFilter.SpectralAxis.Coverage.Location.Value" datatype="float" >
       <DESCRIPTION>Manually specified. See reference</DESCRIPTION>
    </PARAM>
    <PARAM name="WavelengthEff" value="46028" unit="Angstrom" ucd="em.wl.effective" datatype="float" >
       <DESCRIPTION>Manually specified. See reference</DESCRIPTION>
    </PARAM>
    <PARAM name="WavelengthMin" value="39633.264098975" unit="Angstrom" ucd="em.wl;stat.min" utype="photdm:PhotometryFilter.SpectralAxis.Coverage.Bounds.Start" datatype="float" >
       <DESCRIPTION>Minimum filter wavelength. Defined as the first lambda value with a transmission at least 1% of maximum transmission</DESCRIPTION>
    </PARAM>
    <PARAM name="WavelengthMax" value="53413.603102133" unit="Angstrom" ucd="em.wl;stat.max" utype="photdm:PhotometryFilter.SpectralAxis.Coverage.Bounds.Stop" datatype="float" >
       <DESCRIPTION>Maximum filter wavelength. Defined as the last lambda value with a transmission at least 1% of maximum transmission</DESCRIPTION>
    </PARAM>
    <PARAM name="WidthEff" value="10422.660627836" unit="Angstrom" ucd="instr.bandwidth" utype="photdm:PhotometryFilter.SpectralAxis.Coverage.Bounds.Extent" datatype="float" >
       <DESCRIPTION>Effective width. Defined as integ[x*filter(x) dx].\nEquivalent to the horizontal size of a rectangle with height equal to maximum transmission and with the same area that the one covered by the filter transmission curve.</DESCRIPTION>
    </PARAM>
    <PARAM name="WavelengthCen" value="46443.002489425" unit="Angstrom" ucd="em.wl" datatype="float" >
       <DESCRIPTION>Central wavelength. Defined as the central wavelength between the two points defining FWMH</DESCRIPTION>
    </PARAM>
    <PARAM name="WavelengthPivot" value="46406.352631564" unit="Angstrom" ucd="em.wl" datatype="float" >
       <DESCRIPTION>Peak wavelength. Defined as sqrt{integ[x*filter(x) dx]/integ[filter(x) dx/x]}</DESCRIPTION>
    </PARAM>
    <PARAM name="WavelengthPeak" value="49300" unit="Angstrom" ucd="em.wl" datatype="float" >
       <DESCRIPTION>Peak wavelength. Defined as the lambda value with larger transmission</DESCRIPTION>
    </PARAM>
    <PARAM name="WavelengthPhot" value="45869.390176671" unit="Angstrom" ucd="em.wl" datatype="float" >
       <DESCRIPTION>Photon distribution based effective wavelength. Defined as integ[x^2*filter(x)*vega(x) dx]/integ[x*filter(x)*vega(x) dx]</DESCRIPTION>
    </PARAM>
    <PARAM name="FWHM" value="11073.187973694" unit="Angstrom" ucd="instr.bandwidth" datatype="float" >
       <DESCRIPTION>Full width at half maximum. Defined as the difference between the two wavelengths for which filter transmission is half maximum</DESCRIPTION>
    </PARAM>
    <PARAM name="PhotCalID" value="WISE/WISE.W2/Vega" ucd="meta.id" utype="photdm:PhotCal.identifier" datatype="char" arraysize="*"/>
    <PARAM name="MagSys" value="Vega" ucd="meta.code" utype="photdm:PhotCal.MagnitudeSystem.type" datatype="char" arraysize="*"/>
    <PARAM name="ZeroPoint" value="171.787" unit="Jy" ucd="phot.flux.density" utype="photdm:PhotCal.ZeroPoint.Flux.value" datatype="float" />
    <PARAM name="ZeroPointUnit" value="Jy" ucd="meta.unit" utype="photdm:PhotCal.ZeroPoint.Flux.unit" datatype="char" arraysize="*"/>
    <PARAM name="ZeroPointType" value="Pogson" ucd="meta.code" utype="photdm:PhotCal.ZeroPoint.type" datatype="char" arraysize="*"/>
    <TABLE utype="photdm:PhotometryFilter.transmissionCurve.spectrum">
      <FIELD name="Wavelength" utype="spec:Data.SpectralAxis.Value" ucd="em.wl" unit="Angstrom" datatype="float"/>
      <FIELD name="Transmission" utype="spec:Data.FluxAxis.Value" ucd="phys.transmission" unit="" datatype="float"/>
      <DATA>
        <TABLEDATA>
          <TR>
            <TD>38900.0</TD>
            <TD>0.0001082500</TD>
          </TR>
          <TR>
            <TD>39000.0</TD>
            <TD>0.0001545400</TD>
          </TR>
          <TR>
            <TD>39100.0</TD>
            <TD>0.0002234100</TD>
          </TR>
          <TR>
            <TD>39200.0</TD>
            <TD>0.0004175000</TD>
          </TR>
          <TR>
            <TD>39300.0</TD>
            <TD>0.0005683400</TD>
          </TR>
          <TR>
            <TD>39400.0</TD>
            <TD>0.0004411300</TD>
          </TR>
          <TR>
            <TD>39500.0</TD>
            <TD>0.0013124000</TD>
          </TR>
          <TR>
            <TD>39600.0</TD>
            <TD>0.0092633000</TD>
          </TR>
          <TR>
            <TD>39700.0</TD>
            <TD>0.0114780000</TD>
          </TR>
          <TR>
            <TD>39800.0</TD>
            <TD>0.0145090000</TD>
          </TR>
          <TR>
            <TD>39900.0</TD>
            <TD>0.0186720000</TD>
          </TR>
          <TR>
            <TD>40000.0</TD>
            <TD>0.0244210000</TD>
          </TR>
          <TR>
            <TD>40100.0</TD>
            <TD>0.0344260000</TD>
          </TR>
          <TR>
            <TD>40200.0</TD>
            <TD>0.0505560000</TD>
          </TR>
          <TR>
            <TD>40300.0</TD>
            <TD>0.0750320000</TD>
          </TR>
          <TR>
            <TD>40400.0</TD>
            <TD>0.1100100000</TD>
          </TR>
          <TR>
            <TD>40500.0</TD>
            <TD>0.1570100000</TD>
          </TR>
          <TR>
            <TD>40600.0</TD>
            <TD>0.2246700000</TD>
          </TR>
          <TR>
            <TD>40700.0</TD>
            <TD>0.3065000000</TD>
          </TR>
          <TR>
            <TD>40800.0</TD>
            <TD>0.3971200000</TD>
          </TR>
          <TR>
            <TD>40900.0</TD>
            <TD>0.4939100000</TD>
          </TR>
          <TR>
            <TD>41000.0</TD>
            <TD>0.5889400000</TD>
          </TR>
          <TR>
            <TD>41100.0</TD>
            <TD>0.6726900000</TD>
          </TR>
          <TR>
            <TD>41200.0</TD>
            <TD>0.7415400000</TD>
          </TR>
          <TR>
            <TD>41300.0</TD>
            <TD>0.7976100000</TD>
          </TR>
          <TR>
            <TD>41400.0</TD>
            <TD>0.8385700000</TD>
          </TR>
          <TR>
            <TD>41500.0</TD>
            <TD>0.8631300000</TD>
          </TR>
          <TR>
            <TD>41600.0</TD>
            <TD>0.8806600000</TD>
          </TR>
          <TR>
            <TD>41700.0</TD>
            <TD>0.8911100000</TD>
          </TR>
          <TR>
            <TD>41800.0</TD>
            <TD>0.8956400000</TD>
          </TR>
          <TR>
            <TD>41900.0</TD>
            <TD>0.8953900000</TD>
          </TR>
          <TR>
            <TD>42000.0</TD>
            <TD>0.8939200000</TD>
          </TR>
          <TR>
            <TD>42100.0</TD>
            <TD>0.8888400000</TD>
          </TR>
          <TR>
            <TD>42200.0</TD>
            <TD>0.8825100000</TD>
          </TR>
          <TR>
            <TD>42300.0</TD>
            <TD>0.8761400000</TD>
          </TR>
          <TR>
            <TD>42400.0</TD>
            <TD>0.8770000000</TD>
          </TR>
          <TR>
            <TD>42500.0</TD>
            <TD>0.8802800000</TD>
          </TR>
          <TR>
            <TD>42600.0</TD>
            <TD>0.8811400000</TD>
          </TR>
          <TR>
            <TD>42700.0</TD>
            <TD>0.8783200000</TD>
          </TR>
          <TR>
            <TD>42800.0</TD>
            <TD>0.8779400000</TD>
          </TR>
          <TR>
            <TD>42900.0</TD>
            <TD>0.8812100000</TD>
          </TR>
          <TR>
            <TD>43000.0</TD>
            <TD>0.8881800000</TD>
          </TR>
          <TR>
            <TD>43100.0</TD>
            <TD>0.8951700000</TD>
          </TR>
          <TR>
            <TD>43200.0</TD>
            <TD>0.9021900000</TD>
          </TR>
          <TR>
            <TD>43300.0</TD>
            <TD>0.9067500000</TD>
          </TR>
          <TR>
            <TD>43400.0</TD>
            <TD>0.9100800000</TD>
          </TR>
          <TR>
            <TD>43500.0</TD>
            <TD>0.9109400000</TD>
          </TR>
          <TR>
            <TD>43600.0</TD>
            <TD>0.9080500000</TD>
          </TR>
          <TR>
            <TD>43700.0</TD>
            <TD>0.9051400000</TD>
          </TR>
          <TR>
            <TD>43800.0</TD>
            <TD>0.8997000000</TD>
          </TR>
          <TR>
            <TD>43900.0</TD>
            <TD>0.8917200000</TD>
          </TR>
          <TR>
            <TD>44000.0</TD>
            <TD>0.8849500000</TD>
          </TR>
          <TR>
            <TD>44100.0</TD>
            <TD>0.8794000000</TD>
          </TR>
          <TR>
            <TD>44200.0</TD>
            <TD>0.8738200000</TD>
          </TR>
          <TR>
            <TD>44300.0</TD>
            <TD>0.8707400000</TD>
          </TR>
          <TR>
            <TD>44400.0</TD>
            <TD>0.8663600000</TD>
          </TR>
          <TR>
            <TD>44500.0</TD>
            <TD>0.8645000000</TD>
          </TR>
          <TR>
            <TD>44600.0</TD>
            <TD>0.8651700000</TD>
          </TR>
          <TR>
            <TD>44700.0</TD>
            <TD>0.8696600000</TD>
          </TR>
          <TR>
            <TD>44800.0</TD>
            <TD>0.8780000000</TD>
          </TR>
          <TR>
            <TD>44900.0</TD>
            <TD>0.8889400000</TD>
          </TR>
          <TR>
            <TD>45000.0</TD>
            <TD>0.9012100000</TD>
          </TR>
          <TR>
            <TD>45100.0</TD>
            <TD>0.9161000000</TD>
          </TR>
          <TR>
            <TD>45200.0</TD>
            <TD>0.9284600000</TD>
          </TR>
          <TR>
            <TD>45300.0</TD>
            <TD>0.9421600000</TD>
          </TR>
          <TR>
            <TD>45400.0</TD>
            <TD>0.9533200000</TD>
          </TR>
          <TR>
            <TD>45500.0</TD>
            <TD>0.9619200000</TD>
          </TR>
          <TR>
            <TD>45600.0</TD>
            <TD>0.9692400000</TD>
          </TR>
          <TR>
            <TD>45700.0</TD>
            <TD>0.9739800000</TD>
          </TR>
          <TR>
            <TD>45800.0</TD>
            <TD>0.9774200000</TD>
          </TR>
          <TR>
            <TD>45900.0</TD>
            <TD>0.9769300000</TD>
          </TR>
          <TR>
            <TD>46000.0</TD>
            <TD>0.9751200000</TD>
          </TR>
          <TR>
            <TD>46100.0</TD>
            <TD>0.9719700000</TD>
          </TR>
          <TR>
            <TD>46200.0</TD>
            <TD>0.9661600000</TD>
          </TR>
          <TR>
            <TD>46300.0</TD>
            <TD>0.9603100000</TD>
          </TR>
          <TR>
            <TD>46400.0</TD>
            <TD>0.9531100000</TD>
          </TR>
          <TR>
            <TD>46500.0</TD>
            <TD>0.9458600000</TD>
          </TR>
          <TR>
            <TD>46600.0</TD>
            <TD>0.9385800000</TD>
          </TR>
          <TR>
            <TD>46700.0</TD>
            <TD>0.9352500000</TD>
          </TR>
          <TR>
            <TD>46800.0</TD>
            <TD>0.9319100000</TD>
          </TR>
          <TR>
            <TD>46900.0</TD>
            <TD>0.9312200000</TD>
          </TR>
          <TR>
            <TD>47000.0</TD>
            <TD>0.9305200000</TD>
          </TR>
          <TR>
            <TD>47100.0</TD>
            <TD>0.9338500000</TD>
          </TR>
          <TR>
            <TD>47200.0</TD>
            <TD>0.9385300000</TD>
          </TR>
          <TR>
            <TD>47300.0</TD>
            <TD>0.9445700000</TD>
          </TR>
          <TR>
            <TD>47400.0</TD>
            <TD>0.9546900000</TD>
          </TR>
          <TR>
            <TD>47500.0</TD>
            <TD>0.9621300000</TD>
          </TR>
          <TR>
            <TD>47600.0</TD>
            <TD>0.9723200000</TD>
          </TR>
          <TR>
            <TD>47700.0</TD>
            <TD>0.9798100000</TD>
          </TR>
          <TR>
            <TD>47800.0</TD>
            <TD>0.9859600000</TD>
          </TR>
          <TR>
            <TD>47900.0</TD>
            <TD>0.9880200000</TD>
          </TR>
          <TR>
            <TD>48000.0</TD>
            <TD>0.9900900000</TD>
          </TR>
          <TR>
            <TD>48100.0</TD>
            <TD>0.9894000000</TD>
          </TR>
          <TR>
            <TD>48200.0</TD>
            <TD>0.9887000000</TD>
          </TR>
          <TR>
            <TD>48300.0</TD>
            <TD>0.9893800000</TD>
          </TR>
          <TR>
            <TD>48400.0</TD>
            <TD>0.9886600000</TD>
          </TR>
          <TR>
            <TD>48500.0</TD>
            <TD>0.9893200000</TD>
          </TR>
          <TR>
            <TD>48600.0</TD>
            <TD>0.9899700000</TD>
          </TR>
          <TR>
            <TD>48700.0</TD>
            <TD>0.9906100000</TD>
          </TR>
          <TR>
            <TD>48800.0</TD>
            <TD>0.9926500000</TD>
          </TR>
          <TR>
            <TD>48900.0</TD>
            <TD>0.9946800000</TD>
          </TR>
          <TR>
            <TD>49000.0</TD>
            <TD>0.9967100000</TD>
          </TR>
          <TR>
            <TD>49100.0</TD>
            <TD>0.9973500000</TD>
          </TR>
          <TR>
            <TD>49200.0</TD>
            <TD>0.9993800000</TD>
          </TR>
          <TR>
            <TD>49300.0</TD>
            <TD>1.0000000000</TD>
          </TR>
          <TR>
            <TD>49400.0</TD>
            <TD>0.9992100000</TD>
          </TR>
          <TR>
            <TD>49500.0</TD>
            <TD>0.9969900000</TD>
          </TR>
          <TR>
            <TD>49600.0</TD>
            <TD>0.9947500000</TD>
          </TR>
          <TR>
            <TD>49700.0</TD>
            <TD>0.9910800000</TD>
          </TR>
          <TR>
            <TD>49800.0</TD>
            <TD>0.9859600000</TD>
          </TR>
          <TR>
            <TD>49900.0</TD>
            <TD>0.9808100000</TD>
          </TR>
          <TR>
            <TD>50000.0</TD>
            <TD>0.9713500000</TD>
          </TR>
          <TR>
            <TD>50100.0</TD>
            <TD>0.9632700000</TD>
          </TR>
          <TR>
            <TD>50200.0</TD>
            <TD>0.9522800000</TD>
          </TR>
          <TR>
            <TD>50300.0</TD>
            <TD>0.9412500000</TD>
          </TR>
          <TR>
            <TD>50400.0</TD>
            <TD>0.9301600000</TD>
          </TR>
          <TR>
            <TD>50500.0</TD>
            <TD>0.9190200000</TD>
          </TR>
          <TR>
            <TD>50600.0</TD>
            <TD>0.9078300000</TD>
          </TR>
          <TR>
            <TD>50700.0</TD>
            <TD>0.8965900000</TD>
          </TR>
          <TR>
            <TD>50800.0</TD>
            <TD>0.8867500000</TD>
          </TR>
          <TR>
            <TD>50900.0</TD>
            <TD>0.8768600000</TD>
          </TR>
          <TR>
            <TD>51000.0</TD>
            <TD>0.8669300000</TD>
          </TR>
          <TR>
            <TD>51100.0</TD>
            <TD>0.8540300000</TD>
          </TR>
          <TR>
            <TD>51200.0</TD>
            <TD>0.8410700000</TD>
          </TR>
          <TR>
            <TD>51300.0</TD>
            <TD>0.8207300000</TD>
          </TR>
          <TR>
            <TD>51400.0</TD>
            <TD>0.7988300000</TD>
          </TR>
          <TR>
            <TD>51500.0</TD>
            <TD>0.7636100000</TD>
          </TR>
          <TR>
            <TD>51600.0</TD>
            <TD>0.7267600000</TD>
          </TR>
          <TR>
            <TD>51700.0</TD>
            <TD>0.6764700000</TD>
          </TR>
          <TR>
            <TD>51800.0</TD>
            <TD>0.6200700000</TD>
          </TR>
          <TR>
            <TD>51900.0</TD>
            <TD>0.5560200000</TD>
          </TR>
          <TR>
            <TD>52000.0</TD>
            <TD>0.4856400000</TD>
          </TR>
          <TR>
            <TD>52100.0</TD>
            <TD>0.4166200000</TD>
          </TR>
          <TR>
            <TD>52200.0</TD>
            <TD>0.3471700000</TD>
          </TR>
          <TR>
            <TD>52300.0</TD>
            <TD>0.2835900000</TD>
          </TR>
          <TR>
            <TD>52400.0</TD>
            <TD>0.2256000000</TD>
          </TR>
          <TR>
            <TD>52500.0</TD>
            <TD>0.1750400000</TD>
          </TR>
          <TR>
            <TD>52600.0</TD>
            <TD>0.1354600000</TD>
          </TR>
          <TR>
            <TD>52700.0</TD>
            <TD>0.0992480000</TD>
          </TR>
          <TR>
            <TD>52800.0</TD>
            <TD>0.0759350000</TD>
          </TR>
          <TR>
            <TD>52900.0</TD>
            <TD>0.0532130000</TD>
          </TR>
          <TR>
            <TD>53000.0</TD>
            <TD>0.0407460000</TD>
          </TR>
          <TR>
            <TD>53100.0</TD>
            <TD>0.0283070000</TD>
          </TR>
          <TR>
            <TD>53200.0</TD>
            <TD>0.0210810000</TD>
          </TR>
          <TR>
            <TD>53300.0</TD>
            <TD>0.0146970000</TD>
          </TR>
          <TR>
            <TD>53400.0</TD>
            <TD>0.0104350000</TD>
          </TR>
          <TR>
            <TD>53500.0</TD>
            <TD>0.0072372000</TD>
          </TR>
          <TR>
            <TD>53600.0</TD>
            <TD>0.0040457000</TD>
          </TR>
          <TR>
            <TD>53700.0</TD>
            <TD>0.0030484000</TD>
          </TR>
          <TR>
            <TD>53800.0</TD>
            <TD>0.0022763000</TD>
          </TR>
          <TR>
            <TD>53900.0</TD>
            <TD>0.0017339000</TD>
          </TR>
          <TR>
            <TD>54000.0</TD>
            <TD>0.0012893000</TD>
          </TR>
          <TR>
            <TD>54100.0</TD>
            <TD>0.0009729400</TD>
          </TR>
          <TR>
            <TD>54200.0</TD>
            <TD>0.0007387600</TD>
          </TR>
          <TR>
            <TD>54300.0</TD>
            <TD>0.0005488500</TD>
          </TR>
          <TR>
            <TD>54400.0</TD>
            <TD>0.0003910200</TD>
          </TR>
          <TR>
            <TD>54500.0</TD>
            <TD>0.0003095300</TD>
          </TR>
          <TR>
            <TD>54600.0</TD>
            <TD>0.0002154200</TD>
          </TR>
          <TR>
            <TD>54700.0</TD>
            <TD>0.0002786300</TD>
          </TR>
          <TR>
            <TD>54800.0</TD>
            <TD>0.0003153100</TD>
          </TR>
          <TR>
            <TD>54900.0</TD>
            <TD>0.0003135300</TD>
          </TR>
          <TR>
            <TD>55000.0</TD>
            <TD>0.0002592600</TD>
          </TR>
          <TR>
            <TD>55100.0</TD>
            <TD>0.0002251000</TD>
          </TR>
          <TR>
            <TD>55200.0</TD>
            <TD>0.0001953900</TD>
          </TR>
          <TR>
            <TD>55300.0</TD>
            <TD>0.0001501200</TD>
          </TR>
          <TR>
            <TD>55400.0</TD>
            <TD>0.0001333300</TD>
          </TR>
          <TR>
            <TD>55500.0</TD>
            <TD>0.0001042400</TD>
          </TR>
          <TR>
            <TD>55600.0</TD>
            <TD>0.0000605190</TD>
          </TR>
        </TABLEDATA>
      </DATA>
    </TABLE>
  </RESOURCE>
</VOTABLE>
