<?xml version="1.0"?>
<VOTABLE version="1.1" xsi:schemaLocation="http://www.ivoa.net/xml/VOTable/v1.1" xmlns:xsi="http://www.w3.org/2001/XMLSchema-instance">
  <INFO name="QUERY_STATUS" value="OK"/>
  <RESOURCE type="results">
    <PARAM name="FilterProfileService" value="ivo://svo/fps" ucd="meta.ref.ivorn" utype="PhotometryFilter.fpsIdentifier" datatype="char" arraysize="*"/>
    <PARAM name="filterID" value="WISE/WISE.W4" ucd="meta.id" utype="photdm:PhotometryFilter.identifier" datatype="char" arraysize="*"/>
    <PARAM name="WavelengthUnit" value="Angstrom" ucd="meta.unit" utype="PhotometryFilter.SpectralAxis.unit" datatype="char" arraysize="*"/>
    <PARAM name="WavelengthUCD" value="em.wl" ucd="meta.ucd" utype="PhotometryFilter.SpectralAxis.UCD" datatype="char" arraysize="*"/>
    <PARAM name="Description" value="WISE W4 filter" ucd="meta.note" utype="photdm:PhotometryFilter.description" datatype="char" arraysize="*"/>
    <PARAM name="PhotSystem" value="WISE" utype="photdm:PhotometricSystem.description" datatype="char" arraysize="*">
       <DESCRIPTION>Photometric system</DESCRIPTION>
    </PARAM>
    <PARAM name="Facility" value="WISE" ucd="instr.obsty" datatype="char" arraysize="*">
       <DESCRIPTION>Observational facility</DESCRIPTION>
    </PARAM>
    <PARAM name="ProfileReference" value="http://wise2.ipac.caltech.edu/docs/release/prelim/expsup/sec4_3g.html#WISEZMA" datatype="char" arraysize="*"/>
    <PARAM name="CalibrationReference" value="http://wise2.ipac.caltech.edu/docs/release/prelim/expsup/figures/sec4_3gt4.gif" datatype="char" arraysize="*"/>
    <PARAM name="Description" value="WISE W4 filter" ucd="meta.note" utype="photdm:PhotometryFilter.description" datatype="char" arraysize="*"/>
    <PARAM name="WavelengthMean" value="220883" unit="Angstrom" ucd="em.wl" utype="photdm:PhotometryFilter.SpectralAxis.Coverage.Location.Value" datatype="float" >
       <DESCRIPTION>Manually specified. See reference</DESCRIPTION>
    </PARAM>
    <PARAM name="WavelengthEff" value="220883" unit="Angstrom" ucd="em.wl.effective" datatype="float" >
       <DESCRIPTION>Manually specified. See reference</DESCRIPTION>
    </PARAM>
    <PARAM name="WavelengthMin" value="195200.83360398" unit="Angstrom" ucd="em.wl;stat.min" utype="photdm:PhotometryFilter.SpectralAxis.Coverage.Bounds.Start" datatype="float" >
       <DESCRIPTION>Minimum filter wavelength. Defined as the first lambda value with a transmission at least 1% of maximum transmission</DESCRIPTION>
    </PARAM>
    <PARAM name="WavelengthMax" value="279107.24275724" unit="Angstrom" ucd="em.wl;stat.max" utype="photdm:PhotometryFilter.SpectralAxis.Coverage.Bounds.Stop" datatype="float" >
       <DESCRIPTION>Maximum filter wavelength. Defined as the last lambda value with a transmission at least 1% of maximum transmission</DESCRIPTION>
    </PARAM>
    <PARAM name="WidthEff" value="41016.829183507" unit="Angstrom" ucd="instr.bandwidth" utype="photdm:PhotometryFilter.SpectralAxis.Coverage.Bounds.Extent" datatype="float" >
       <DESCRIPTION>Effective width. Defined as integ[x*filter(x) dx].\nEquivalent to the horizontal size of a rectangle with height equal to maximum transmission and with the same area that the one covered by the filter transmission curve.</DESCRIPTION>
    </PARAM>
    <PARAM name="WavelengthCen" value="222228.80953953" unit="Angstrom" ucd="em.wl" datatype="float" >
       <DESCRIPTION>Central wavelength. Defined as the central wavelength between the two points defining FWMH</DESCRIPTION>
    </PARAM>
    <PARAM name="WavelengthPivot" value="223142.65594642" unit="Angstrom" ucd="em.wl" datatype="float" >
       <DESCRIPTION>Peak wavelength. Defined as sqrt{integ[x*filter(x) dx]/integ[filter(x) dx/x]}</DESCRIPTION>
    </PARAM>
    <PARAM name="WavelengthPeak" value="216200" unit="Angstrom" ucd="em.wl" datatype="float" >
       <DESCRIPTION>Peak wavelength. Defined as the lambda value with larger transmission</DESCRIPTION>
    </PARAM>
    <PARAM name="WavelengthPhot" value="220231.10606875" unit="Angstrom" ucd="em.wl" datatype="float" >
       <DESCRIPTION>Photon distribution based effective wavelength. Defined as integ[x^2*filter(x)*vega(x) dx]/integ[x*filter(x)*vega(x) dx]</DESCRIPTION>
    </PARAM>
    <PARAM name="FWHM" value="47397.340706466" unit="Angstrom" ucd="instr.bandwidth" datatype="float" >
       <DESCRIPTION>Full width at half maximum. Defined as the difference between the two wavelengths for which filter transmission is half maximum</DESCRIPTION>
    </PARAM>
    <PARAM name="PhotCalID" value="WISE/WISE.W4/Vega" ucd="meta.id" utype="photdm:PhotCal.identifier" datatype="char" arraysize="*"/>
    <PARAM name="MagSys" value="Vega" ucd="meta.code" utype="photdm:PhotCal.MagnitudeSystem.type" datatype="char" arraysize="*"/>
    <PARAM name="ZeroPoint" value="8.363" unit="Jy" ucd="phot.flux.density" utype="photdm:PhotCal.ZeroPoint.Flux.value" datatype="float" />
    <PARAM name="ZeroPointUnit" value="Jy" ucd="meta.unit" utype="photdm:PhotCal.ZeroPoint.Flux.unit" datatype="char" arraysize="*"/>
    <PARAM name="ZeroPointType" value="Pogson" ucd="meta.code" utype="photdm:PhotCal.ZeroPoint.type" datatype="char" arraysize="*"/>
    <TABLE utype="photdm:PhotometryFilter.transmissionCurve.spectrum">
      <FIELD name="Wavelength" utype="spec:Data.SpectralAxis.Value" ucd="em.wl" unit="Angstrom" datatype="float"/>
      <FIELD name="Transmission" utype="spec:Data.FluxAxis.Value" ucd="phys.transmission" unit="" datatype="float"/>
      <DATA>
        <TABLEDATA>
          <TR>
            <TD>190500.0</TD>
            <TD>0.0000546480</TD>
          </TR>
          <TR>
            <TD>190600.0</TD>
            <TD>0.0001026400</TD>
          </TR>
          <TR>
            <TD>190700.0</TD>
            <TD>0.0003427200</TD>
          </TR>
          <TR>
            <TD>190800.0</TD>
            <TD>0.0008040700</TD>
          </TR>
          <TR>
            <TD>190900.0</TD>
            <TD>0.0014978000</TD>
          </TR>
          <TR>
            <TD>191000.0</TD>
            <TD>0.0020629000</TD>
          </TR>
          <TR>
            <TD>191100.0</TD>
            <TD>0.0025077000</TD>
          </TR>
          <TR>
            <TD>191200.0</TD>
            <TD>0.0026433000</TD>
          </TR>
          <TR>
            <TD>191300.0</TD>
            <TD>0.0026980000</TD>
          </TR>
          <TR>
            <TD>191400.0</TD>
            <TD>0.0025906000</TD>
          </TR>
          <TR>
            <TD>191500.0</TD>
            <TD>0.0024255000</TD>
          </TR>
          <TR>
            <TD>191600.0</TD>
            <TD>0.0021409000</TD>
          </TR>
          <TR>
            <TD>191700.0</TD>
            <TD>0.0017587000</TD>
          </TR>
          <TR>
            <TD>191800.0</TD>
            <TD>0.0012964000</TD>
          </TR>
          <TR>
            <TD>191900.0</TD>
            <TD>0.0007053000</TD>
          </TR>
          <TR>
            <TD>192000.0</TD>
            <TD>0.0003082800</TD>
          </TR>
          <TR>
            <TD>192100.0</TD>
            <TD>0.0001763900</TD>
          </TR>
          <TR>
            <TD>192200.0</TD>
            <TD>0.0000678570</TD>
          </TR>
          <TR>
            <TD>192300.0</TD>
            <TD>0.0001643800</TD>
          </TR>
          <TR>
            <TD>192400.0</TD>
            <TD>0.0001802300</TD>
          </TR>
          <TR>
            <TD>192500.0</TD>
            <TD>0.0001636900</TD>
          </TR>
          <TR>
            <TD>192600.0</TD>
            <TD>0.0003008500</TD>
          </TR>
          <TR>
            <TD>192700.0</TD>
            <TD>0.0004270500</TD>
          </TR>
          <TR>
            <TD>192800.0</TD>
            <TD>0.0005461700</TD>
          </TR>
          <TR>
            <TD>192900.0</TD>
            <TD>0.0006549000</TD>
          </TR>
          <TR>
            <TD>193000.0</TD>
            <TD>0.0001509500</TD>
          </TR>
          <TR>
            <TD>193100.0</TD>
            <TD>0.0007455000</TD>
          </TR>
          <TR>
            <TD>193200.0</TD>
            <TD>0.0008156900</TD>
          </TR>
          <TR>
            <TD>193300.0</TD>
            <TD>0.0009226800</TD>
          </TR>
          <TR>
            <TD>193400.0</TD>
            <TD>0.0010530000</TD>
          </TR>
          <TR>
            <TD>193500.0</TD>
            <TD>0.0012265000</TD>
          </TR>
          <TR>
            <TD>193600.0</TD>
            <TD>0.0014029000</TD>
          </TR>
          <TR>
            <TD>193700.0</TD>
            <TD>0.0017762000</TD>
          </TR>
          <TR>
            <TD>193800.0</TD>
            <TD>0.0022090000</TD>
          </TR>
          <TR>
            <TD>193900.0</TD>
            <TD>0.0029642000</TD>
          </TR>
          <TR>
            <TD>194000.0</TD>
            <TD>0.0038672000</TD>
          </TR>
          <TR>
            <TD>194100.0</TD>
            <TD>0.0047912000</TD>
          </TR>
          <TR>
            <TD>194200.0</TD>
            <TD>0.0056344000</TD>
          </TR>
          <TR>
            <TD>194300.0</TD>
            <TD>0.0063393000</TD>
          </TR>
          <TR>
            <TD>194400.0</TD>
            <TD>0.0068512000</TD>
          </TR>
          <TR>
            <TD>194500.0</TD>
            <TD>0.0073152000</TD>
          </TR>
          <TR>
            <TD>194600.0</TD>
            <TD>0.0076493000</TD>
          </TR>
          <TR>
            <TD>194700.0</TD>
            <TD>0.0079776000</TD>
          </TR>
          <TR>
            <TD>194800.0</TD>
            <TD>0.0082335000</TD>
          </TR>
          <TR>
            <TD>194900.0</TD>
            <TD>0.0084867000</TD>
          </TR>
          <TR>
            <TD>195000.0</TD>
            <TD>0.0088554000</TD>
          </TR>
          <TR>
            <TD>195100.0</TD>
            <TD>0.0093066000</TD>
          </TR>
          <TR>
            <TD>195200.0</TD>
            <TD>0.0099923000</TD>
          </TR>
          <TR>
            <TD>195300.0</TD>
            <TD>0.0109160000</TD>
          </TR>
          <TR>
            <TD>195400.0</TD>
            <TD>0.0120810000</TD>
          </TR>
          <TR>
            <TD>195500.0</TD>
            <TD>0.0136490000</TD>
          </TR>
          <TR>
            <TD>195600.0</TD>
            <TD>0.0154140000</TD>
          </TR>
          <TR>
            <TD>195700.0</TD>
            <TD>0.0178870000</TD>
          </TR>
          <TR>
            <TD>195800.0</TD>
            <TD>0.0205000000</TD>
          </TR>
          <TR>
            <TD>195900.0</TD>
            <TD>0.0240440000</TD>
          </TR>
          <TR>
            <TD>196000.0</TD>
            <TD>0.0277770000</TD>
          </TR>
          <TR>
            <TD>196100.0</TD>
            <TD>0.0324940000</TD>
          </TR>
          <TR>
            <TD>196200.0</TD>
            <TD>0.0373690000</TD>
          </TR>
          <TR>
            <TD>196300.0</TD>
            <TD>0.0428600000</TD>
          </TR>
          <TR>
            <TD>196400.0</TD>
            <TD>0.0489690000</TD>
          </TR>
          <TR>
            <TD>196500.0</TD>
            <TD>0.0560020000</TD>
          </TR>
          <TR>
            <TD>196600.0</TD>
            <TD>0.0636540000</TD>
          </TR>
          <TR>
            <TD>196700.0</TD>
            <TD>0.0719270000</TD>
          </TR>
          <TR>
            <TD>196800.0</TD>
            <TD>0.0814340000</TD>
          </TR>
          <TR>
            <TD>196900.0</TD>
            <TD>0.0915640000</TD>
          </TR>
          <TR>
            <TD>197000.0</TD>
            <TD>0.1041300000</TD>
          </TR>
          <TR>
            <TD>197100.0</TD>
            <TD>0.1170100000</TD>
          </TR>
          <TR>
            <TD>197200.0</TD>
            <TD>0.1326100000</TD>
          </TR>
          <TR>
            <TD>197300.0</TD>
            <TD>0.1488700000</TD>
          </TR>
          <TR>
            <TD>197400.0</TD>
            <TD>0.1678500000</TD>
          </TR>
          <TR>
            <TD>197500.0</TD>
            <TD>0.1871300000</TD>
          </TR>
          <TR>
            <TD>197600.0</TD>
            <TD>0.2085800000</TD>
          </TR>
          <TR>
            <TD>197700.0</TD>
            <TD>0.2313200000</TD>
          </TR>
          <TR>
            <TD>197800.0</TD>
            <TD>0.2555800000</TD>
          </TR>
          <TR>
            <TD>197900.0</TD>
            <TD>0.2820300000</TD>
          </TR>
          <TR>
            <TD>198000.0</TD>
            <TD>0.3092800000</TD>
          </TR>
          <TR>
            <TD>198100.0</TD>
            <TD>0.3433700000</TD>
          </TR>
          <TR>
            <TD>198200.0</TD>
            <TD>0.3771900000</TD>
          </TR>
          <TR>
            <TD>198300.0</TD>
            <TD>0.4144400000</TD>
          </TR>
          <TR>
            <TD>198400.0</TD>
            <TD>0.4514200000</TD>
          </TR>
          <TR>
            <TD>198500.0</TD>
            <TD>0.4887400000</TD>
          </TR>
          <TR>
            <TD>198600.0</TD>
            <TD>0.5261000000</TD>
          </TR>
          <TR>
            <TD>198700.0</TD>
            <TD>0.5573100000</TD>
          </TR>
          <TR>
            <TD>198800.0</TD>
            <TD>0.5885500000</TD>
          </TR>
          <TR>
            <TD>198900.0</TD>
            <TD>0.6170400000</TD>
          </TR>
          <TR>
            <TD>199000.0</TD>
            <TD>0.6424500000</TD>
          </TR>
          <TR>
            <TD>199100.0</TD>
            <TD>0.6647900000</TD>
          </TR>
          <TR>
            <TD>199200.0</TD>
            <TD>0.6871500000</TD>
          </TR>
          <TR>
            <TD>199300.0</TD>
            <TD>0.7061200000</TD>
          </TR>
          <TR>
            <TD>199400.0</TD>
            <TD>0.7254100000</TD>
          </TR>
          <TR>
            <TD>199500.0</TD>
            <TD>0.7413100000</TD>
          </TR>
          <TR>
            <TD>199600.0</TD>
            <TD>0.7544300000</TD>
          </TR>
          <TR>
            <TD>199700.0</TD>
            <TD>0.7610300000</TD>
          </TR>
          <TR>
            <TD>199800.0</TD>
            <TD>0.7679400000</TD>
          </TR>
          <TR>
            <TD>199900.0</TD>
            <TD>0.7683300000</TD>
          </TR>
          <TR>
            <TD>200000.0</TD>
            <TD>0.7690200000</TD>
          </TR>
          <TR>
            <TD>200100.0</TD>
            <TD>0.7662900000</TD>
          </TR>
          <TR>
            <TD>200200.0</TD>
            <TD>0.7666700000</TD>
          </TR>
          <TR>
            <TD>200300.0</TD>
            <TD>0.7673700000</TD>
          </TR>
          <TR>
            <TD>200400.0</TD>
            <TD>0.7677500000</TD>
          </TR>
          <TR>
            <TD>200500.0</TD>
            <TD>0.7712600000</TD>
          </TR>
          <TR>
            <TD>200600.0</TD>
            <TD>0.7750800000</TD>
          </TR>
          <TR>
            <TD>200700.0</TD>
            <TD>0.7785900000</TD>
          </TR>
          <TR>
            <TD>200800.0</TD>
            <TD>0.7821100000</TD>
          </TR>
          <TR>
            <TD>200900.0</TD>
            <TD>0.7856200000</TD>
          </TR>
          <TR>
            <TD>201000.0</TD>
            <TD>0.7860100000</TD>
          </TR>
          <TR>
            <TD>201100.0</TD>
            <TD>0.7867200000</TD>
          </TR>
          <TR>
            <TD>201200.0</TD>
            <TD>0.7902400000</TD>
          </TR>
          <TR>
            <TD>201300.0</TD>
            <TD>0.7969100000</TD>
          </TR>
          <TR>
            <TD>201400.0</TD>
            <TD>0.8067100000</TD>
          </TR>
          <TR>
            <TD>201500.0</TD>
            <TD>0.8165300000</TD>
          </TR>
          <TR>
            <TD>201600.0</TD>
            <TD>0.8294900000</TD>
          </TR>
          <TR>
            <TD>201700.0</TD>
            <TD>0.8393300000</TD>
          </TR>
          <TR>
            <TD>201800.0</TD>
            <TD>0.8488600000</TD>
          </TR>
          <TR>
            <TD>201900.0</TD>
            <TD>0.8555600000</TD>
          </TR>
          <TR>
            <TD>202000.0</TD>
            <TD>0.8559900000</TD>
          </TR>
          <TR>
            <TD>202100.0</TD>
            <TD>0.8595600000</TD>
          </TR>
          <TR>
            <TD>202200.0</TD>
            <TD>0.8568400000</TD>
          </TR>
          <TR>
            <TD>202300.0</TD>
            <TD>0.8572600000</TD>
          </TR>
          <TR>
            <TD>202400.0</TD>
            <TD>0.8545300000</TD>
          </TR>
          <TR>
            <TD>202500.0</TD>
            <TD>0.8518000000</TD>
          </TR>
          <TR>
            <TD>202600.0</TD>
            <TD>0.8493800000</TD>
          </TR>
          <TR>
            <TD>202700.0</TD>
            <TD>0.8498000000</TD>
          </TR>
          <TR>
            <TD>202800.0</TD>
            <TD>0.8439000000</TD>
          </TR>
          <TR>
            <TD>202900.0</TD>
            <TD>0.8380000000</TD>
          </TR>
          <TR>
            <TD>203000.0</TD>
            <TD>0.8320900000</TD>
          </TR>
          <TR>
            <TD>203100.0</TD>
            <TD>0.8261700000</TD>
          </TR>
          <TR>
            <TD>203200.0</TD>
            <TD>0.8202500000</TD>
          </TR>
          <TR>
            <TD>203300.0</TD>
            <TD>0.8174900000</TD>
          </TR>
          <TR>
            <TD>203400.0</TD>
            <TD>0.8178900000</TD>
          </TR>
          <TR>
            <TD>203500.0</TD>
            <TD>0.8182900000</TD>
          </TR>
          <TR>
            <TD>203600.0</TD>
            <TD>0.8247200000</TD>
          </TR>
          <TR>
            <TD>203700.0</TD>
            <TD>0.8314700000</TD>
          </TR>
          <TR>
            <TD>203800.0</TD>
            <TD>0.8414000000</TD>
          </TR>
          <TR>
            <TD>203900.0</TD>
            <TD>0.8481600000</TD>
          </TR>
          <TR>
            <TD>204000.0</TD>
            <TD>0.8549300000</TD>
          </TR>
          <TR>
            <TD>204100.0</TD>
            <TD>0.8585300000</TD>
          </TR>
          <TR>
            <TD>204200.0</TD>
            <TD>0.8621300000</TD>
          </TR>
          <TR>
            <TD>204300.0</TD>
            <TD>0.8657300000</TD>
          </TR>
          <TR>
            <TD>204400.0</TD>
            <TD>0.8693400000</TD>
          </TR>
          <TR>
            <TD>204500.0</TD>
            <TD>0.8761400000</TD>
          </TR>
          <TR>
            <TD>204600.0</TD>
            <TD>0.8829400000</TD>
          </TR>
          <TR>
            <TD>204700.0</TD>
            <TD>0.8929300000</TD>
          </TR>
          <TR>
            <TD>204800.0</TD>
            <TD>0.8997500000</TD>
          </TR>
          <TR>
            <TD>204900.0</TD>
            <TD>0.9097600000</TD>
          </TR>
          <TR>
            <TD>205000.0</TD>
            <TD>0.9102000000</TD>
          </TR>
          <TR>
            <TD>205100.0</TD>
            <TD>0.9138400000</TD>
          </TR>
          <TR>
            <TD>205200.0</TD>
            <TD>0.9110900000</TD>
          </TR>
          <TR>
            <TD>205300.0</TD>
            <TD>0.9083400000</TD>
          </TR>
          <TR>
            <TD>205400.0</TD>
            <TD>0.9023800000</TD>
          </TR>
          <TR>
            <TD>205500.0</TD>
            <TD>0.8996200000</TD>
          </TR>
          <TR>
            <TD>205600.0</TD>
            <TD>0.8968600000</TD>
          </TR>
          <TR>
            <TD>205700.0</TD>
            <TD>0.8940900000</TD>
          </TR>
          <TR>
            <TD>205800.0</TD>
            <TD>0.8945300000</TD>
          </TR>
          <TR>
            <TD>205900.0</TD>
            <TD>0.8949600000</TD>
          </TR>
          <TR>
            <TD>206000.0</TD>
            <TD>0.8921900000</TD>
          </TR>
          <TR>
            <TD>206100.0</TD>
            <TD>0.8894100000</TD>
          </TR>
          <TR>
            <TD>206200.0</TD>
            <TD>0.8866300000</TD>
          </TR>
          <TR>
            <TD>206300.0</TD>
            <TD>0.8806400000</TD>
          </TR>
          <TR>
            <TD>206400.0</TD>
            <TD>0.8778500000</TD>
          </TR>
          <TR>
            <TD>206500.0</TD>
            <TD>0.8718400000</TD>
          </TR>
          <TR>
            <TD>206600.0</TD>
            <TD>0.8722600000</TD>
          </TR>
          <TR>
            <TD>206700.0</TD>
            <TD>0.8759000000</TD>
          </TR>
          <TR>
            <TD>206800.0</TD>
            <TD>0.8827700000</TD>
          </TR>
          <TR>
            <TD>206900.0</TD>
            <TD>0.8928600000</TD>
          </TR>
          <TR>
            <TD>207000.0</TD>
            <TD>0.8997400000</TD>
          </TR>
          <TR>
            <TD>207100.0</TD>
            <TD>0.9066300000</TD>
          </TR>
          <TR>
            <TD>207200.0</TD>
            <TD>0.9102900000</TD>
          </TR>
          <TR>
            <TD>207300.0</TD>
            <TD>0.9107300000</TD>
          </TR>
          <TR>
            <TD>207400.0</TD>
            <TD>0.9079400000</TD>
          </TR>
          <TR>
            <TD>207500.0</TD>
            <TD>0.9019200000</TD>
          </TR>
          <TR>
            <TD>207600.0</TD>
            <TD>0.8958800000</TD>
          </TR>
          <TR>
            <TD>207700.0</TD>
            <TD>0.8898500000</TD>
          </TR>
          <TR>
            <TD>207800.0</TD>
            <TD>0.8838000000</TD>
          </TR>
          <TR>
            <TD>207900.0</TD>
            <TD>0.8842300000</TD>
          </TR>
          <TR>
            <TD>208000.0</TD>
            <TD>0.8846500000</TD>
          </TR>
          <TR>
            <TD>208100.0</TD>
            <TD>0.8883200000</TD>
          </TR>
          <TR>
            <TD>208200.0</TD>
            <TD>0.8887500000</TD>
          </TR>
          <TR>
            <TD>208300.0</TD>
            <TD>0.8924200000</TD>
          </TR>
          <TR>
            <TD>208400.0</TD>
            <TD>0.8960900000</TD>
          </TR>
          <TR>
            <TD>208500.0</TD>
            <TD>0.8965200000</TD>
          </TR>
          <TR>
            <TD>208600.0</TD>
            <TD>0.8937000000</TD>
          </TR>
          <TR>
            <TD>208700.0</TD>
            <TD>0.8941300000</TD>
          </TR>
          <TR>
            <TD>208800.0</TD>
            <TD>0.8945600000</TD>
          </TR>
          <TR>
            <TD>208900.0</TD>
            <TD>0.8949900000</TD>
          </TR>
          <TR>
            <TD>209000.0</TD>
            <TD>0.8986700000</TD>
          </TR>
          <TR>
            <TD>209100.0</TD>
            <TD>0.8991000000</TD>
          </TR>
          <TR>
            <TD>209200.0</TD>
            <TD>0.9027900000</TD>
          </TR>
          <TR>
            <TD>209300.0</TD>
            <TD>0.9032200000</TD>
          </TR>
          <TR>
            <TD>209400.0</TD>
            <TD>0.9036500000</TD>
          </TR>
          <TR>
            <TD>209500.0</TD>
            <TD>0.8975600000</TD>
          </TR>
          <TR>
            <TD>209600.0</TD>
            <TD>0.8914600000</TD>
          </TR>
          <TR>
            <TD>209700.0</TD>
            <TD>0.8853500000</TD>
          </TR>
          <TR>
            <TD>209800.0</TD>
            <TD>0.8759700000</TD>
          </TR>
          <TR>
            <TD>209900.0</TD>
            <TD>0.8665800000</TD>
          </TR>
          <TR>
            <TD>210000.0</TD>
            <TD>0.8637300000</TD>
          </TR>
          <TR>
            <TD>210100.0</TD>
            <TD>0.8575900000</TD>
          </TR>
          <TR>
            <TD>210200.0</TD>
            <TD>0.8612700000</TD>
          </TR>
          <TR>
            <TD>210300.0</TD>
            <TD>0.8616800000</TD>
          </TR>
          <TR>
            <TD>210400.0</TD>
            <TD>0.8686500000</TD>
          </TR>
          <TR>
            <TD>210500.0</TD>
            <TD>0.8756200000</TD>
          </TR>
          <TR>
            <TD>210600.0</TD>
            <TD>0.8793100000</TD>
          </TR>
          <TR>
            <TD>210700.0</TD>
            <TD>0.8862900000</TD>
          </TR>
          <TR>
            <TD>210800.0</TD>
            <TD>0.8932800000</TD>
          </TR>
          <TR>
            <TD>210900.0</TD>
            <TD>0.8969900000</TD>
          </TR>
          <TR>
            <TD>211000.0</TD>
            <TD>0.9039800000</TD>
          </TR>
          <TR>
            <TD>211100.0</TD>
            <TD>0.9109900000</TD>
          </TR>
          <TR>
            <TD>211200.0</TD>
            <TD>0.9180000000</TD>
          </TR>
          <TR>
            <TD>211300.0</TD>
            <TD>0.9283000000</TD>
          </TR>
          <TR>
            <TD>211400.0</TD>
            <TD>0.9386200000</TD>
          </TR>
          <TR>
            <TD>211500.0</TD>
            <TD>0.9486200000</TD>
          </TR>
          <TR>
            <TD>211600.0</TD>
            <TD>0.9589500000</TD>
          </TR>
          <TR>
            <TD>211700.0</TD>
            <TD>0.9660000000</TD>
          </TR>
          <TR>
            <TD>211800.0</TD>
            <TD>0.9730500000</TD>
          </TR>
          <TR>
            <TD>211900.0</TD>
            <TD>0.9735100000</TD>
          </TR>
          <TR>
            <TD>212000.0</TD>
            <TD>0.9739700000</TD>
          </TR>
          <TR>
            <TD>212100.0</TD>
            <TD>0.9744300000</TD>
          </TR>
          <TR>
            <TD>212200.0</TD>
            <TD>0.9748900000</TD>
          </TR>
          <TR>
            <TD>212300.0</TD>
            <TD>0.9786500000</TD>
          </TR>
          <TR>
            <TD>212400.0</TD>
            <TD>0.9791200000</TD>
          </TR>
          <TR>
            <TD>212500.0</TD>
            <TD>0.9828900000</TD>
          </TR>
          <TR>
            <TD>212600.0</TD>
            <TD>0.9899700000</TD>
          </TR>
          <TR>
            <TD>212700.0</TD>
            <TD>0.9937500000</TD>
          </TR>
          <TR>
            <TD>212800.0</TD>
            <TD>0.9942200000</TD>
          </TR>
          <TR>
            <TD>212900.0</TD>
            <TD>0.9946800000</TD>
          </TR>
          <TR>
            <TD>213000.0</TD>
            <TD>0.9885200000</TD>
          </TR>
          <TR>
            <TD>213100.0</TD>
            <TD>0.9823400000</TD>
          </TR>
          <TR>
            <TD>213200.0</TD>
            <TD>0.9728400000</TD>
          </TR>
          <TR>
            <TD>213300.0</TD>
            <TD>0.9600100000</TD>
          </TR>
          <TR>
            <TD>213400.0</TD>
            <TD>0.9538100000</TD>
          </TR>
          <TR>
            <TD>213500.0</TD>
            <TD>0.9442900000</TD>
          </TR>
          <TR>
            <TD>213600.0</TD>
            <TD>0.9380800000</TD>
          </TR>
          <TR>
            <TD>213700.0</TD>
            <TD>0.9351900000</TD>
          </TR>
          <TR>
            <TD>213800.0</TD>
            <TD>0.9323000000</TD>
          </TR>
          <TR>
            <TD>213900.0</TD>
            <TD>0.9294000000</TD>
          </TR>
          <TR>
            <TD>214000.0</TD>
            <TD>0.9265000000</TD>
          </TR>
          <TR>
            <TD>214100.0</TD>
            <TD>0.9236000000</TD>
          </TR>
          <TR>
            <TD>214200.0</TD>
            <TD>0.9207000000</TD>
          </TR>
          <TR>
            <TD>214300.0</TD>
            <TD>0.9144500000</TD>
          </TR>
          <TR>
            <TD>214400.0</TD>
            <TD>0.9115400000</TD>
          </TR>
          <TR>
            <TD>214500.0</TD>
            <TD>0.9086200000</TD>
          </TR>
          <TR>
            <TD>214600.0</TD>
            <TD>0.9090500000</TD>
          </TR>
          <TR>
            <TD>214700.0</TD>
            <TD>0.9161600000</TD>
          </TR>
          <TR>
            <TD>214800.0</TD>
            <TD>0.9232800000</TD>
          </TR>
          <TR>
            <TD>214900.0</TD>
            <TD>0.9337500000</TD>
          </TR>
          <TR>
            <TD>215000.0</TD>
            <TD>0.9475700000</TD>
          </TR>
          <TR>
            <TD>215100.0</TD>
            <TD>0.9614100000</TD>
          </TR>
          <TR>
            <TD>215200.0</TD>
            <TD>0.9719100000</TD>
          </TR>
          <TR>
            <TD>215300.0</TD>
            <TD>0.9824300000</TD>
          </TR>
          <TR>
            <TD>215400.0</TD>
            <TD>0.9895900000</TD>
          </TR>
          <TR>
            <TD>215500.0</TD>
            <TD>0.9934100000</TD>
          </TR>
          <TR>
            <TD>215600.0</TD>
            <TD>0.9972200000</TD>
          </TR>
          <TR>
            <TD>215700.0</TD>
            <TD>0.9976900000</TD>
          </TR>
          <TR>
            <TD>215800.0</TD>
            <TD>0.9981500000</TD>
          </TR>
          <TR>
            <TD>215900.0</TD>
            <TD>0.9986100000</TD>
          </TR>
          <TR>
            <TD>216000.0</TD>
            <TD>0.9990700000</TD>
          </TR>
          <TR>
            <TD>216100.0</TD>
            <TD>0.9995400000</TD>
          </TR>
          <TR>
            <TD>216200.0</TD>
            <TD>1.0000000000</TD>
          </TR>
          <TR>
            <TD>216300.0</TD>
            <TD>0.9937300000</TD>
          </TR>
          <TR>
            <TD>216400.0</TD>
            <TD>0.9908100000</TD>
          </TR>
          <TR>
            <TD>216500.0</TD>
            <TD>0.9811600000</TD>
          </TR>
          <TR>
            <TD>216600.0</TD>
            <TD>0.9681200000</TD>
          </TR>
          <TR>
            <TD>216700.0</TD>
            <TD>0.9550700000</TD>
          </TR>
          <TR>
            <TD>216800.0</TD>
            <TD>0.9386200000</TD>
          </TR>
          <TR>
            <TD>216900.0</TD>
            <TD>0.9221700000</TD>
          </TR>
          <TR>
            <TD>217000.0</TD>
            <TD>0.9090800000</TD>
          </TR>
          <TR>
            <TD>217100.0</TD>
            <TD>0.8993500000</TD>
          </TR>
          <TR>
            <TD>217200.0</TD>
            <TD>0.8930000000</TD>
          </TR>
          <TR>
            <TD>217300.0</TD>
            <TD>0.8866400000</TD>
          </TR>
          <TR>
            <TD>217400.0</TD>
            <TD>0.8870500000</TD>
          </TR>
          <TR>
            <TD>217500.0</TD>
            <TD>0.8874600000</TD>
          </TR>
          <TR>
            <TD>217600.0</TD>
            <TD>0.8878700000</TD>
          </TR>
          <TR>
            <TD>217700.0</TD>
            <TD>0.8916700000</TD>
          </TR>
          <TR>
            <TD>217800.0</TD>
            <TD>0.8920800000</TD>
          </TR>
          <TR>
            <TD>217900.0</TD>
            <TD>0.8924800000</TD>
          </TR>
          <TR>
            <TD>218000.0</TD>
            <TD>0.8928900000</TD>
          </TR>
          <TR>
            <TD>218100.0</TD>
            <TD>0.8967000000</TD>
          </TR>
          <TR>
            <TD>218200.0</TD>
            <TD>0.9039100000</TD>
          </TR>
          <TR>
            <TD>218300.0</TD>
            <TD>0.9111200000</TD>
          </TR>
          <TR>
            <TD>218400.0</TD>
            <TD>0.9251400000</TD>
          </TR>
          <TR>
            <TD>218500.0</TD>
            <TD>0.9357800000</TD>
          </TR>
          <TR>
            <TD>218600.0</TD>
            <TD>0.9528900000</TD>
          </TR>
          <TR>
            <TD>218700.0</TD>
            <TD>0.9703500000</TD>
          </TR>
          <TR>
            <TD>218800.0</TD>
            <TD>0.9810200000</TD>
          </TR>
          <TR>
            <TD>218900.0</TD>
            <TD>0.9916900000</TD>
          </TR>
          <TR>
            <TD>219000.0</TD>
            <TD>0.9989700000</TD>
          </TR>
          <TR>
            <TD>219100.0</TD>
            <TD>0.9960100000</TD>
          </TR>
          <TR>
            <TD>219200.0</TD>
            <TD>0.9930500000</TD>
          </TR>
          <TR>
            <TD>219300.0</TD>
            <TD>0.9866700000</TD>
          </TR>
          <TR>
            <TD>219400.0</TD>
            <TD>0.9768700000</TD>
          </TR>
          <TR>
            <TD>219500.0</TD>
            <TD>0.9704800000</TD>
          </TR>
          <TR>
            <TD>219600.0</TD>
            <TD>0.9640800000</TD>
          </TR>
          <TR>
            <TD>219700.0</TD>
            <TD>0.9576800000</TD>
          </TR>
          <TR>
            <TD>219800.0</TD>
            <TD>0.9546900000</TD>
          </TR>
          <TR>
            <TD>219900.0</TD>
            <TD>0.9517000000</TD>
          </TR>
          <TR>
            <TD>220000.0</TD>
            <TD>0.9487100000</TD>
          </TR>
          <TR>
            <TD>220100.0</TD>
            <TD>0.9491400000</TD>
          </TR>
          <TR>
            <TD>220200.0</TD>
            <TD>0.9461400000</TD>
          </TR>
          <TR>
            <TD>220300.0</TD>
            <TD>0.9431400000</TD>
          </TR>
          <TR>
            <TD>220400.0</TD>
            <TD>0.9367100000</TD>
          </TR>
          <TR>
            <TD>220500.0</TD>
            <TD>0.9337000000</TD>
          </TR>
          <TR>
            <TD>220600.0</TD>
            <TD>0.9272500000</TD>
          </TR>
          <TR>
            <TD>220700.0</TD>
            <TD>0.9207900000</TD>
          </TR>
          <TR>
            <TD>220800.0</TD>
            <TD>0.9181200000</TD>
          </TR>
          <TR>
            <TD>220900.0</TD>
            <TD>0.9150900000</TD>
          </TR>
          <TR>
            <TD>221000.0</TD>
            <TD>0.9120700000</TD>
          </TR>
          <TR>
            <TD>221100.0</TD>
            <TD>0.9124800000</TD>
          </TR>
          <TR>
            <TD>221200.0</TD>
            <TD>0.9094500000</TD>
          </TR>
          <TR>
            <TD>221300.0</TD>
            <TD>0.9098600000</TD>
          </TR>
          <TR>
            <TD>221400.0</TD>
            <TD>0.9068200000</TD>
          </TR>
          <TR>
            <TD>221500.0</TD>
            <TD>0.9003300000</TD>
          </TR>
          <TR>
            <TD>221600.0</TD>
            <TD>0.8972900000</TD>
          </TR>
          <TR>
            <TD>221700.0</TD>
            <TD>0.8907900000</TD>
          </TR>
          <TR>
            <TD>221800.0</TD>
            <TD>0.8842800000</TD>
          </TR>
          <TR>
            <TD>221900.0</TD>
            <TD>0.8812200000</TD>
          </TR>
          <TR>
            <TD>222000.0</TD>
            <TD>0.8747000000</TD>
          </TR>
          <TR>
            <TD>222100.0</TD>
            <TD>0.8716400000</TD>
          </TR>
          <TR>
            <TD>222200.0</TD>
            <TD>0.8720300000</TD>
          </TR>
          <TR>
            <TD>222300.0</TD>
            <TD>0.8724200000</TD>
          </TR>
          <TR>
            <TD>222400.0</TD>
            <TD>0.8728200000</TD>
          </TR>
          <TR>
            <TD>222500.0</TD>
            <TD>0.8732100000</TD>
          </TR>
          <TR>
            <TD>222600.0</TD>
            <TD>0.8701400000</TD>
          </TR>
          <TR>
            <TD>222700.0</TD>
            <TD>0.8670600000</TD>
          </TR>
          <TR>
            <TD>222800.0</TD>
            <TD>0.8639800000</TD>
          </TR>
          <TR>
            <TD>222900.0</TD>
            <TD>0.8574200000</TD>
          </TR>
          <TR>
            <TD>223000.0</TD>
            <TD>0.8508600000</TD>
          </TR>
          <TR>
            <TD>223100.0</TD>
            <TD>0.8442900000</TD>
          </TR>
          <TR>
            <TD>223200.0</TD>
            <TD>0.8342400000</TD>
          </TR>
          <TR>
            <TD>223300.0</TD>
            <TD>0.8311400000</TD>
          </TR>
          <TR>
            <TD>223400.0</TD>
            <TD>0.8245500000</TD>
          </TR>
          <TR>
            <TD>223500.0</TD>
            <TD>0.8214400000</TD>
          </TR>
          <TR>
            <TD>223600.0</TD>
            <TD>0.8218100000</TD>
          </TR>
          <TR>
            <TD>223700.0</TD>
            <TD>0.8186900000</TD>
          </TR>
          <TR>
            <TD>223800.0</TD>
            <TD>0.8155700000</TD>
          </TR>
          <TR>
            <TD>223900.0</TD>
            <TD>0.8124500000</TD>
          </TR>
          <TR>
            <TD>224000.0</TD>
            <TD>0.8058400000</TD>
          </TR>
          <TR>
            <TD>224100.0</TD>
            <TD>0.7992200000</TD>
          </TR>
          <TR>
            <TD>224200.0</TD>
            <TD>0.7891000000</TD>
          </TR>
          <TR>
            <TD>224300.0</TD>
            <TD>0.7754800000</TD>
          </TR>
          <TR>
            <TD>224400.0</TD>
            <TD>0.7618500000</TD>
          </TR>
          <TR>
            <TD>224500.0</TD>
            <TD>0.7482000000</TD>
          </TR>
          <TR>
            <TD>224600.0</TD>
            <TD>0.7345400000</TD>
          </TR>
          <TR>
            <TD>224700.0</TD>
            <TD>0.7243700000</TD>
          </TR>
          <TR>
            <TD>224800.0</TD>
            <TD>0.7176900000</TD>
          </TR>
          <TR>
            <TD>224900.0</TD>
            <TD>0.7110100000</TD>
          </TR>
          <TR>
            <TD>225000.0</TD>
            <TD>0.7078200000</TD>
          </TR>
          <TR>
            <TD>225100.0</TD>
            <TD>0.7081300000</TD>
          </TR>
          <TR>
            <TD>225200.0</TD>
            <TD>0.7049400000</TD>
          </TR>
          <TR>
            <TD>225300.0</TD>
            <TD>0.7017400000</TD>
          </TR>
          <TR>
            <TD>225400.0</TD>
            <TD>0.6985500000</TD>
          </TR>
          <TR>
            <TD>225500.0</TD>
            <TD>0.6953400000</TD>
          </TR>
          <TR>
            <TD>225600.0</TD>
            <TD>0.6886300000</TD>
          </TR>
          <TR>
            <TD>225700.0</TD>
            <TD>0.6854200000</TD>
          </TR>
          <TR>
            <TD>225800.0</TD>
            <TD>0.6822000000</TD>
          </TR>
          <TR>
            <TD>225900.0</TD>
            <TD>0.6789900000</TD>
          </TR>
          <TR>
            <TD>226000.0</TD>
            <TD>0.6792900000</TD>
          </TR>
          <TR>
            <TD>226100.0</TD>
            <TD>0.6795900000</TD>
          </TR>
          <TR>
            <TD>226200.0</TD>
            <TD>0.6869300000</TD>
          </TR>
          <TR>
            <TD>226300.0</TD>
            <TD>0.6907600000</TD>
          </TR>
          <TR>
            <TD>226400.0</TD>
            <TD>0.6981200000</TD>
          </TR>
          <TR>
            <TD>226500.0</TD>
            <TD>0.7019500000</TD>
          </TR>
          <TR>
            <TD>226600.0</TD>
            <TD>0.7093200000</TD>
          </TR>
          <TR>
            <TD>226700.0</TD>
            <TD>0.7096400000</TD>
          </TR>
          <TR>
            <TD>226800.0</TD>
            <TD>0.7099500000</TD>
          </TR>
          <TR>
            <TD>226900.0</TD>
            <TD>0.7102600000</TD>
          </TR>
          <TR>
            <TD>227000.0</TD>
            <TD>0.7070400000</TD>
          </TR>
          <TR>
            <TD>227100.0</TD>
            <TD>0.7038100000</TD>
          </TR>
          <TR>
            <TD>227200.0</TD>
            <TD>0.7041200000</TD>
          </TR>
          <TR>
            <TD>227300.0</TD>
            <TD>0.7044300000</TD>
          </TR>
          <TR>
            <TD>227400.0</TD>
            <TD>0.7047400000</TD>
          </TR>
          <TR>
            <TD>227500.0</TD>
            <TD>0.7086000000</TD>
          </TR>
          <TR>
            <TD>227600.0</TD>
            <TD>0.7124500000</TD>
          </TR>
          <TR>
            <TD>227700.0</TD>
            <TD>0.7163100000</TD>
          </TR>
          <TR>
            <TD>227800.0</TD>
            <TD>0.7201700000</TD>
          </TR>
          <TR>
            <TD>227900.0</TD>
            <TD>0.7204900000</TD>
          </TR>
          <TR>
            <TD>228000.0</TD>
            <TD>0.7172600000</TD>
          </TR>
          <TR>
            <TD>228100.0</TD>
            <TD>0.7175700000</TD>
          </TR>
          <TR>
            <TD>228200.0</TD>
            <TD>0.7107800000</TD>
          </TR>
          <TR>
            <TD>228300.0</TD>
            <TD>0.7039800000</TD>
          </TR>
          <TR>
            <TD>228400.0</TD>
            <TD>0.6936200000</TD>
          </TR>
          <TR>
            <TD>228500.0</TD>
            <TD>0.6868000000</TD>
          </TR>
          <TR>
            <TD>228600.0</TD>
            <TD>0.6799800000</TD>
          </TR>
          <TR>
            <TD>228700.0</TD>
            <TD>0.6767200000</TD>
          </TR>
          <TR>
            <TD>228800.0</TD>
            <TD>0.6734500000</TD>
          </TR>
          <TR>
            <TD>228900.0</TD>
            <TD>0.6737400000</TD>
          </TR>
          <TR>
            <TD>229000.0</TD>
            <TD>0.6740400000</TD>
          </TR>
          <TR>
            <TD>229100.0</TD>
            <TD>0.6779000000</TD>
          </TR>
          <TR>
            <TD>229200.0</TD>
            <TD>0.6782000000</TD>
          </TR>
          <TR>
            <TD>229300.0</TD>
            <TD>0.6820600000</TD>
          </TR>
          <TR>
            <TD>229400.0</TD>
            <TD>0.6859300000</TD>
          </TR>
          <TR>
            <TD>229500.0</TD>
            <TD>0.6858800000</TD>
          </TR>
          <TR>
            <TD>229600.0</TD>
            <TD>0.6861700000</TD>
          </TR>
          <TR>
            <TD>229700.0</TD>
            <TD>0.6864700000</TD>
          </TR>
          <TR>
            <TD>229800.0</TD>
            <TD>0.6903500000</TD>
          </TR>
          <TR>
            <TD>229900.0</TD>
            <TD>0.6906500000</TD>
          </TR>
          <TR>
            <TD>230000.0</TD>
            <TD>0.6981200000</TD>
          </TR>
          <TR>
            <TD>230100.0</TD>
            <TD>0.7020000000</TD>
          </TR>
          <TR>
            <TD>230200.0</TD>
            <TD>0.7094800000</TD>
          </TR>
          <TR>
            <TD>230300.0</TD>
            <TD>0.7169600000</TD>
          </TR>
          <TR>
            <TD>230400.0</TD>
            <TD>0.7244500000</TD>
          </TR>
          <TR>
            <TD>230500.0</TD>
            <TD>0.7283500000</TD>
          </TR>
          <TR>
            <TD>230600.0</TD>
            <TD>0.7322600000</TD>
          </TR>
          <TR>
            <TD>230700.0</TD>
            <TD>0.7325800000</TD>
          </TR>
          <TR>
            <TD>230800.0</TD>
            <TD>0.7293000000</TD>
          </TR>
          <TR>
            <TD>230900.0</TD>
            <TD>0.7296200000</TD>
          </TR>
          <TR>
            <TD>231000.0</TD>
            <TD>0.7263300000</TD>
          </TR>
          <TR>
            <TD>231100.0</TD>
            <TD>0.7194500000</TD>
          </TR>
          <TR>
            <TD>231200.0</TD>
            <TD>0.7161600000</TD>
          </TR>
          <TR>
            <TD>231300.0</TD>
            <TD>0.7128700000</TD>
          </TR>
          <TR>
            <TD>231400.0</TD>
            <TD>0.7099300000</TD>
          </TR>
          <TR>
            <TD>231500.0</TD>
            <TD>0.7066300000</TD>
          </TR>
          <TR>
            <TD>231600.0</TD>
            <TD>0.7069400000</TD>
          </TR>
          <TR>
            <TD>231700.0</TD>
            <TD>0.7036400000</TD>
          </TR>
          <TR>
            <TD>231800.0</TD>
            <TD>0.6967200000</TD>
          </TR>
          <TR>
            <TD>231900.0</TD>
            <TD>0.6934100000</TD>
          </TR>
          <TR>
            <TD>232000.0</TD>
            <TD>0.6864800000</TD>
          </TR>
          <TR>
            <TD>232100.0</TD>
            <TD>0.6759300000</TD>
          </TR>
          <TR>
            <TD>232200.0</TD>
            <TD>0.6689900000</TD>
          </TR>
          <TR>
            <TD>232300.0</TD>
            <TD>0.6548100000</TD>
          </TR>
          <TR>
            <TD>232400.0</TD>
            <TD>0.6406200000</TD>
          </TR>
          <TR>
            <TD>232500.0</TD>
            <TD>0.6300300000</TD>
          </TR>
          <TR>
            <TD>232600.0</TD>
            <TD>0.6158100000</TD>
          </TR>
          <TR>
            <TD>232700.0</TD>
            <TD>0.6052000000</TD>
          </TR>
          <TR>
            <TD>232800.0</TD>
            <TD>0.5945900000</TD>
          </TR>
          <TR>
            <TD>232900.0</TD>
            <TD>0.5875900000</TD>
          </TR>
          <TR>
            <TD>233000.0</TD>
            <TD>0.5805800000</TD>
          </TR>
          <TR>
            <TD>233100.0</TD>
            <TD>0.5772000000</TD>
          </TR>
          <TR>
            <TD>233200.0</TD>
            <TD>0.5701900000</TD>
          </TR>
          <TR>
            <TD>233300.0</TD>
            <TD>0.5631600000</TD>
          </TR>
          <TR>
            <TD>233400.0</TD>
            <TD>0.5597700000</TD>
          </TR>
          <TR>
            <TD>233500.0</TD>
            <TD>0.5527400000</TD>
          </TR>
          <TR>
            <TD>233600.0</TD>
            <TD>0.5457000000</TD>
          </TR>
          <TR>
            <TD>233700.0</TD>
            <TD>0.5386500000</TD>
          </TR>
          <TR>
            <TD>233800.0</TD>
            <TD>0.5316000000</TD>
          </TR>
          <TR>
            <TD>233900.0</TD>
            <TD>0.5245400000</TD>
          </TR>
          <TR>
            <TD>234000.0</TD>
            <TD>0.5174800000</TD>
          </TR>
          <TR>
            <TD>234100.0</TD>
            <TD>0.5140500000</TD>
          </TR>
          <TR>
            <TD>234200.0</TD>
            <TD>0.5106300000</TD>
          </TR>
          <TR>
            <TD>234300.0</TD>
            <TD>0.5071900000</TD>
          </TR>
          <TR>
            <TD>234400.0</TD>
            <TD>0.5037600000</TD>
          </TR>
          <TR>
            <TD>234500.0</TD>
            <TD>0.5039800000</TD>
          </TR>
          <TR>
            <TD>234600.0</TD>
            <TD>0.5005400000</TD>
          </TR>
          <TR>
            <TD>234700.0</TD>
            <TD>0.4971000000</TD>
          </TR>
          <TR>
            <TD>234800.0</TD>
            <TD>0.4936500000</TD>
          </TR>
          <TR>
            <TD>234900.0</TD>
            <TD>0.4865400000</TD>
          </TR>
          <TR>
            <TD>235000.0</TD>
            <TD>0.4794300000</TD>
          </TR>
          <TR>
            <TD>235100.0</TD>
            <TD>0.4723100000</TD>
          </TR>
          <TR>
            <TD>235200.0</TD>
            <TD>0.4651900000</TD>
          </TR>
          <TR>
            <TD>235300.0</TD>
            <TD>0.4543900000</TD>
          </TR>
          <TR>
            <TD>235400.0</TD>
            <TD>0.4472500000</TD>
          </TR>
          <TR>
            <TD>235500.0</TD>
            <TD>0.4437800000</TD>
          </TR>
          <TR>
            <TD>235600.0</TD>
            <TD>0.4366300000</TD>
          </TR>
          <TR>
            <TD>235700.0</TD>
            <TD>0.4331400000</TD>
          </TR>
          <TR>
            <TD>235800.0</TD>
            <TD>0.4333200000</TD>
          </TR>
          <TR>
            <TD>235900.0</TD>
            <TD>0.4298300000</TD>
          </TR>
          <TR>
            <TD>236000.0</TD>
            <TD>0.4300200000</TD>
          </TR>
          <TR>
            <TD>236100.0</TD>
            <TD>0.4338800000</TD>
          </TR>
          <TR>
            <TD>236200.0</TD>
            <TD>0.4340600000</TD>
          </TR>
          <TR>
            <TD>236300.0</TD>
            <TD>0.4342400000</TD>
          </TR>
          <TR>
            <TD>236400.0</TD>
            <TD>0.4344300000</TD>
          </TR>
          <TR>
            <TD>236500.0</TD>
            <TD>0.4346100000</TD>
          </TR>
          <TR>
            <TD>236600.0</TD>
            <TD>0.4348000000</TD>
          </TR>
          <TR>
            <TD>236700.0</TD>
            <TD>0.4349800000</TD>
          </TR>
          <TR>
            <TD>236800.0</TD>
            <TD>0.4351600000</TD>
          </TR>
          <TR>
            <TD>236900.0</TD>
            <TD>0.4353500000</TD>
          </TR>
          <TR>
            <TD>237000.0</TD>
            <TD>0.4392200000</TD>
          </TR>
          <TR>
            <TD>237100.0</TD>
            <TD>0.4394100000</TD>
          </TR>
          <TR>
            <TD>237200.0</TD>
            <TD>0.4432900000</TD>
          </TR>
          <TR>
            <TD>237300.0</TD>
            <TD>0.4471700000</TD>
          </TR>
          <TR>
            <TD>237400.0</TD>
            <TD>0.4510500000</TD>
          </TR>
          <TR>
            <TD>237500.0</TD>
            <TD>0.4512400000</TD>
          </TR>
          <TR>
            <TD>237600.0</TD>
            <TD>0.4514300000</TD>
          </TR>
          <TR>
            <TD>237700.0</TD>
            <TD>0.4516200000</TD>
          </TR>
          <TR>
            <TD>237800.0</TD>
            <TD>0.4518100000</TD>
          </TR>
          <TR>
            <TD>237900.0</TD>
            <TD>0.4483000000</TD>
          </TR>
          <TR>
            <TD>238000.0</TD>
            <TD>0.4484900000</TD>
          </TR>
          <TR>
            <TD>238100.0</TD>
            <TD>0.4449700000</TD>
          </TR>
          <TR>
            <TD>238200.0</TD>
            <TD>0.4451500000</TD>
          </TR>
          <TR>
            <TD>238300.0</TD>
            <TD>0.4416300000</TD>
          </TR>
          <TR>
            <TD>238400.0</TD>
            <TD>0.4418200000</TD>
          </TR>
          <TR>
            <TD>238500.0</TD>
            <TD>0.4457200000</TD>
          </TR>
          <TR>
            <TD>238600.0</TD>
            <TD>0.4459000000</TD>
          </TR>
          <TR>
            <TD>238700.0</TD>
            <TD>0.4498100000</TD>
          </TR>
          <TR>
            <TD>238800.0</TD>
            <TD>0.4574300000</TD>
          </TR>
          <TR>
            <TD>238900.0</TD>
            <TD>0.4613400000</TD>
          </TR>
          <TR>
            <TD>239000.0</TD>
            <TD>0.4689800000</TD>
          </TR>
          <TR>
            <TD>239100.0</TD>
            <TD>0.4729000000</TD>
          </TR>
          <TR>
            <TD>239200.0</TD>
            <TD>0.4768200000</TD>
          </TR>
          <TR>
            <TD>239300.0</TD>
            <TD>0.4807500000</TD>
          </TR>
          <TR>
            <TD>239400.0</TD>
            <TD>0.4846800000</TD>
          </TR>
          <TR>
            <TD>239500.0</TD>
            <TD>0.4886100000</TD>
          </TR>
          <TR>
            <TD>239600.0</TD>
            <TD>0.4925500000</TD>
          </TR>
          <TR>
            <TD>239700.0</TD>
            <TD>0.4927500000</TD>
          </TR>
          <TR>
            <TD>239800.0</TD>
            <TD>0.4966900000</TD>
          </TR>
          <TR>
            <TD>239900.0</TD>
            <TD>0.5006400000</TD>
          </TR>
          <TR>
            <TD>240000.0</TD>
            <TD>0.5045800000</TD>
          </TR>
          <TR>
            <TD>240100.0</TD>
            <TD>0.5085300000</TD>
          </TR>
          <TR>
            <TD>240200.0</TD>
            <TD>0.5162300000</TD>
          </TR>
          <TR>
            <TD>240300.0</TD>
            <TD>0.5201800000</TD>
          </TR>
          <TR>
            <TD>240400.0</TD>
            <TD>0.5278900000</TD>
          </TR>
          <TR>
            <TD>240500.0</TD>
            <TD>0.5356000000</TD>
          </TR>
          <TR>
            <TD>240600.0</TD>
            <TD>0.5395700000</TD>
          </TR>
          <TR>
            <TD>240700.0</TD>
            <TD>0.5435400000</TD>
          </TR>
          <TR>
            <TD>240800.0</TD>
            <TD>0.5437700000</TD>
          </TR>
          <TR>
            <TD>240900.0</TD>
            <TD>0.5477400000</TD>
          </TR>
          <TR>
            <TD>241000.0</TD>
            <TD>0.5479700000</TD>
          </TR>
          <TR>
            <TD>241100.0</TD>
            <TD>0.5482000000</TD>
          </TR>
          <TR>
            <TD>241200.0</TD>
            <TD>0.5484300000</TD>
          </TR>
          <TR>
            <TD>241300.0</TD>
            <TD>0.5486500000</TD>
          </TR>
          <TR>
            <TD>241400.0</TD>
            <TD>0.5488800000</TD>
          </TR>
          <TR>
            <TD>241500.0</TD>
            <TD>0.5491100000</TD>
          </TR>
          <TR>
            <TD>241600.0</TD>
            <TD>0.5531000000</TD>
          </TR>
          <TR>
            <TD>241700.0</TD>
            <TD>0.5570900000</TD>
          </TR>
          <TR>
            <TD>241800.0</TD>
            <TD>0.5610900000</TD>
          </TR>
          <TR>
            <TD>241900.0</TD>
            <TD>0.5650900000</TD>
          </TR>
          <TR>
            <TD>242000.0</TD>
            <TD>0.5690900000</TD>
          </TR>
          <TR>
            <TD>242100.0</TD>
            <TD>0.5693200000</TD>
          </TR>
          <TR>
            <TD>242200.0</TD>
            <TD>0.5695600000</TD>
          </TR>
          <TR>
            <TD>242300.0</TD>
            <TD>0.5697900000</TD>
          </TR>
          <TR>
            <TD>242400.0</TD>
            <TD>0.5662500000</TD>
          </TR>
          <TR>
            <TD>242500.0</TD>
            <TD>0.5664900000</TD>
          </TR>
          <TR>
            <TD>242600.0</TD>
            <TD>0.5629400000</TD>
          </TR>
          <TR>
            <TD>242700.0</TD>
            <TD>0.5594000000</TD>
          </TR>
          <TR>
            <TD>242800.0</TD>
            <TD>0.5558500000</TD>
          </TR>
          <TR>
            <TD>242900.0</TD>
            <TD>0.5560700000</TD>
          </TR>
          <TR>
            <TD>243000.0</TD>
            <TD>0.5525200000</TD>
          </TR>
          <TR>
            <TD>243100.0</TD>
            <TD>0.5527500000</TD>
          </TR>
          <TR>
            <TD>243200.0</TD>
            <TD>0.5567600000</TD>
          </TR>
          <TR>
            <TD>243300.0</TD>
            <TD>0.5607800000</TD>
          </TR>
          <TR>
            <TD>243400.0</TD>
            <TD>0.5610100000</TD>
          </TR>
          <TR>
            <TD>243500.0</TD>
            <TD>0.5650300000</TD>
          </TR>
          <TR>
            <TD>243600.0</TD>
            <TD>0.5652600000</TD>
          </TR>
          <TR>
            <TD>243700.0</TD>
            <TD>0.5692900000</TD>
          </TR>
          <TR>
            <TD>243800.0</TD>
            <TD>0.5695300000</TD>
          </TR>
          <TR>
            <TD>243900.0</TD>
            <TD>0.5697600000</TD>
          </TR>
          <TR>
            <TD>244000.0</TD>
            <TD>0.5699900000</TD>
          </TR>
          <TR>
            <TD>244100.0</TD>
            <TD>0.5664200000</TD>
          </TR>
          <TR>
            <TD>244200.0</TD>
            <TD>0.5666600000</TD>
          </TR>
          <TR>
            <TD>244300.0</TD>
            <TD>0.5630800000</TD>
          </TR>
          <TR>
            <TD>244400.0</TD>
            <TD>0.5633100000</TD>
          </TR>
          <TR>
            <TD>244500.0</TD>
            <TD>0.5635400000</TD>
          </TR>
          <TR>
            <TD>244600.0</TD>
            <TD>0.5599700000</TD>
          </TR>
          <TR>
            <TD>244700.0</TD>
            <TD>0.5601900000</TD>
          </TR>
          <TR>
            <TD>244800.0</TD>
            <TD>0.5604200000</TD>
          </TR>
          <TR>
            <TD>244900.0</TD>
            <TD>0.5568400000</TD>
          </TR>
          <TR>
            <TD>245000.0</TD>
            <TD>0.5570700000</TD>
          </TR>
          <TR>
            <TD>245100.0</TD>
            <TD>0.5534800000</TD>
          </TR>
          <TR>
            <TD>245200.0</TD>
            <TD>0.5498800000</TD>
          </TR>
          <TR>
            <TD>245300.0</TD>
            <TD>0.5428500000</TD>
          </TR>
          <TR>
            <TD>245400.0</TD>
            <TD>0.5392500000</TD>
          </TR>
          <TR>
            <TD>245500.0</TD>
            <TD>0.5318200000</TD>
          </TR>
          <TR>
            <TD>245600.0</TD>
            <TD>0.5243900000</TD>
          </TR>
          <TR>
            <TD>245700.0</TD>
            <TD>0.5169500000</TD>
          </TR>
          <TR>
            <TD>245800.0</TD>
            <TD>0.5095000000</TD>
          </TR>
          <TR>
            <TD>245900.0</TD>
            <TD>0.5020500000</TD>
          </TR>
          <TR>
            <TD>246000.0</TD>
            <TD>0.4945900000</TD>
          </TR>
          <TR>
            <TD>246100.0</TD>
            <TD>0.4909600000</TD>
          </TR>
          <TR>
            <TD>246200.0</TD>
            <TD>0.4873300000</TD>
          </TR>
          <TR>
            <TD>246300.0</TD>
            <TD>0.4836900000</TD>
          </TR>
          <TR>
            <TD>246400.0</TD>
            <TD>0.4838900000</TD>
          </TR>
          <TR>
            <TD>246500.0</TD>
            <TD>0.4840800000</TD>
          </TR>
          <TR>
            <TD>246600.0</TD>
            <TD>0.4804400000</TD>
          </TR>
          <TR>
            <TD>246700.0</TD>
            <TD>0.4806300000</TD>
          </TR>
          <TR>
            <TD>246800.0</TD>
            <TD>0.4808300000</TD>
          </TR>
          <TR>
            <TD>246900.0</TD>
            <TD>0.4771800000</TD>
          </TR>
          <TR>
            <TD>247000.0</TD>
            <TD>0.4735200000</TD>
          </TR>
          <TR>
            <TD>247100.0</TD>
            <TD>0.4737200000</TD>
          </TR>
          <TR>
            <TD>247200.0</TD>
            <TD>0.4700600000</TD>
          </TR>
          <TR>
            <TD>247300.0</TD>
            <TD>0.4625500000</TD>
          </TR>
          <TR>
            <TD>247400.0</TD>
            <TD>0.4588800000</TD>
          </TR>
          <TR>
            <TD>247500.0</TD>
            <TD>0.4552100000</TD>
          </TR>
          <TR>
            <TD>247600.0</TD>
            <TD>0.4515400000</TD>
          </TR>
          <TR>
            <TD>247700.0</TD>
            <TD>0.4517200000</TD>
          </TR>
          <TR>
            <TD>247800.0</TD>
            <TD>0.4480400000</TD>
          </TR>
          <TR>
            <TD>247900.0</TD>
            <TD>0.4482300000</TD>
          </TR>
          <TR>
            <TD>248000.0</TD>
            <TD>0.4484100000</TD>
          </TR>
          <TR>
            <TD>248100.0</TD>
            <TD>0.4485900000</TD>
          </TR>
          <TR>
            <TD>248200.0</TD>
            <TD>0.4487700000</TD>
          </TR>
          <TR>
            <TD>248300.0</TD>
            <TD>0.4450800000</TD>
          </TR>
          <TR>
            <TD>248400.0</TD>
            <TD>0.4452600000</TD>
          </TR>
          <TR>
            <TD>248500.0</TD>
            <TD>0.4415700000</TD>
          </TR>
          <TR>
            <TD>248600.0</TD>
            <TD>0.4378800000</TD>
          </TR>
          <TR>
            <TD>248700.0</TD>
            <TD>0.4341800000</TD>
          </TR>
          <TR>
            <TD>248800.0</TD>
            <TD>0.4266000000</TD>
          </TR>
          <TR>
            <TD>248900.0</TD>
            <TD>0.4229000000</TD>
          </TR>
          <TR>
            <TD>249000.0</TD>
            <TD>0.4191900000</TD>
          </TR>
          <TR>
            <TD>249100.0</TD>
            <TD>0.4154800000</TD>
          </TR>
          <TR>
            <TD>249200.0</TD>
            <TD>0.4117700000</TD>
          </TR>
          <TR>
            <TD>249300.0</TD>
            <TD>0.4080500000</TD>
          </TR>
          <TR>
            <TD>249400.0</TD>
            <TD>0.4082100000</TD>
          </TR>
          <TR>
            <TD>249500.0</TD>
            <TD>0.4044900000</TD>
          </TR>
          <TR>
            <TD>249600.0</TD>
            <TD>0.4007700000</TD>
          </TR>
          <TR>
            <TD>249700.0</TD>
            <TD>0.4009300000</TD>
          </TR>
          <TR>
            <TD>249800.0</TD>
            <TD>0.3972000000</TD>
          </TR>
          <TR>
            <TD>249900.0</TD>
            <TD>0.3934600000</TD>
          </TR>
          <TR>
            <TD>250000.0</TD>
            <TD>0.3893400000</TD>
          </TR>
          <TR>
            <TD>250100.0</TD>
            <TD>0.3852900000</TD>
          </TR>
          <TR>
            <TD>250200.0</TD>
            <TD>0.3792100000</TD>
          </TR>
          <TR>
            <TD>250300.0</TD>
            <TD>0.3727700000</TD>
          </TR>
          <TR>
            <TD>250400.0</TD>
            <TD>0.3662900000</TD>
          </TR>
          <TR>
            <TD>250500.0</TD>
            <TD>0.3594500000</TD>
          </TR>
          <TR>
            <TD>250600.0</TD>
            <TD>0.3526100000</TD>
          </TR>
          <TR>
            <TD>250700.0</TD>
            <TD>0.3457200000</TD>
          </TR>
          <TR>
            <TD>250800.0</TD>
            <TD>0.3400400000</TD>
          </TR>
          <TR>
            <TD>250900.0</TD>
            <TD>0.3351400000</TD>
          </TR>
          <TR>
            <TD>251000.0</TD>
            <TD>0.3302300000</TD>
          </TR>
          <TR>
            <TD>251100.0</TD>
            <TD>0.3264500000</TD>
          </TR>
          <TR>
            <TD>251200.0</TD>
            <TD>0.3234500000</TD>
          </TR>
          <TR>
            <TD>251300.0</TD>
            <TD>0.3204500000</TD>
          </TR>
          <TR>
            <TD>251400.0</TD>
            <TD>0.3178000000</TD>
          </TR>
          <TR>
            <TD>251500.0</TD>
            <TD>0.3155300000</TD>
          </TR>
          <TR>
            <TD>251600.0</TD>
            <TD>0.3132700000</TD>
          </TR>
          <TR>
            <TD>251700.0</TD>
            <TD>0.3110000000</TD>
          </TR>
          <TR>
            <TD>251800.0</TD>
            <TD>0.3091600000</TD>
          </TR>
          <TR>
            <TD>251900.0</TD>
            <TD>0.3069300000</TD>
          </TR>
          <TR>
            <TD>252000.0</TD>
            <TD>0.3050900000</TD>
          </TR>
          <TR>
            <TD>252100.0</TD>
            <TD>0.3032900000</TD>
          </TR>
          <TR>
            <TD>252200.0</TD>
            <TD>0.3018800000</TD>
          </TR>
          <TR>
            <TD>252300.0</TD>
            <TD>0.3004700000</TD>
          </TR>
          <TR>
            <TD>252400.0</TD>
            <TD>0.2998400000</TD>
          </TR>
          <TR>
            <TD>252500.0</TD>
            <TD>0.2992100000</TD>
          </TR>
          <TR>
            <TD>252600.0</TD>
            <TD>0.2989700000</TD>
          </TR>
          <TR>
            <TD>252700.0</TD>
            <TD>0.2994900000</TD>
          </TR>
          <TR>
            <TD>252800.0</TD>
            <TD>0.3000000000</TD>
          </TR>
          <TR>
            <TD>252900.0</TD>
            <TD>0.3001200000</TD>
          </TR>
          <TR>
            <TD>253000.0</TD>
            <TD>0.3002400000</TD>
          </TR>
          <TR>
            <TD>253100.0</TD>
            <TD>0.3003600000</TD>
          </TR>
          <TR>
            <TD>253200.0</TD>
            <TD>0.3000800000</TD>
          </TR>
          <TR>
            <TD>253300.0</TD>
            <TD>0.2982300000</TD>
          </TR>
          <TR>
            <TD>253400.0</TD>
            <TD>0.2967300000</TD>
          </TR>
          <TR>
            <TD>253500.0</TD>
            <TD>0.2944700000</TD>
          </TR>
          <TR>
            <TD>253600.0</TD>
            <TD>0.2914300000</TD>
          </TR>
          <TR>
            <TD>253700.0</TD>
            <TD>0.2883400000</TD>
          </TR>
          <TR>
            <TD>253800.0</TD>
            <TD>0.2853000000</TD>
          </TR>
          <TR>
            <TD>253900.0</TD>
            <TD>0.2822500000</TD>
          </TR>
          <TR>
            <TD>254000.0</TD>
            <TD>0.2791500000</TD>
          </TR>
          <TR>
            <TD>254100.0</TD>
            <TD>0.2764900000</TD>
          </TR>
          <TR>
            <TD>254200.0</TD>
            <TD>0.2742300000</TD>
          </TR>
          <TR>
            <TD>254300.0</TD>
            <TD>0.2719600000</TD>
          </TR>
          <TR>
            <TD>254400.0</TD>
            <TD>0.2696900000</TD>
          </TR>
          <TR>
            <TD>254500.0</TD>
            <TD>0.2674200000</TD>
          </TR>
          <TR>
            <TD>254600.0</TD>
            <TD>0.2643900000</TD>
          </TR>
          <TR>
            <TD>254700.0</TD>
            <TD>0.2617200000</TD>
          </TR>
          <TR>
            <TD>254800.0</TD>
            <TD>0.2574900000</TD>
          </TR>
          <TR>
            <TD>254900.0</TD>
            <TD>0.2524700000</TD>
          </TR>
          <TR>
            <TD>255000.0</TD>
            <TD>0.2478100000</TD>
          </TR>
          <TR>
            <TD>255100.0</TD>
            <TD>0.2419800000</TD>
          </TR>
          <TR>
            <TD>255200.0</TD>
            <TD>0.2353600000</TD>
          </TR>
          <TR>
            <TD>255300.0</TD>
            <TD>0.2291300000</TD>
          </TR>
          <TR>
            <TD>255400.0</TD>
            <TD>0.2229000000</TD>
          </TR>
          <TR>
            <TD>255500.0</TD>
            <TD>0.2174500000</TD>
          </TR>
          <TR>
            <TD>255600.0</TD>
            <TD>0.2120100000</TD>
          </TR>
          <TR>
            <TD>255700.0</TD>
            <TD>0.2073100000</TD>
          </TR>
          <TR>
            <TD>255800.0</TD>
            <TD>0.2042500000</TD>
          </TR>
          <TR>
            <TD>255900.0</TD>
            <TD>0.2015400000</TD>
          </TR>
          <TR>
            <TD>256000.0</TD>
            <TD>0.1988600000</TD>
          </TR>
          <TR>
            <TD>256100.0</TD>
            <TD>0.1969500000</TD>
          </TR>
          <TR>
            <TD>256200.0</TD>
            <TD>0.1950300000</TD>
          </TR>
          <TR>
            <TD>256300.0</TD>
            <TD>0.1931500000</TD>
          </TR>
          <TR>
            <TD>256400.0</TD>
            <TD>0.1900300000</TD>
          </TR>
          <TR>
            <TD>256500.0</TD>
            <TD>0.1861500000</TD>
          </TR>
          <TR>
            <TD>256600.0</TD>
            <TD>0.1826700000</TD>
          </TR>
          <TR>
            <TD>256700.0</TD>
            <TD>0.1775800000</TD>
          </TR>
          <TR>
            <TD>256800.0</TD>
            <TD>0.1717300000</TD>
          </TR>
          <TR>
            <TD>256900.0</TD>
            <TD>0.1654800000</TD>
          </TR>
          <TR>
            <TD>257000.0</TD>
            <TD>0.1591800000</TD>
          </TR>
          <TR>
            <TD>257100.0</TD>
            <TD>0.1524700000</TD>
          </TR>
          <TR>
            <TD>257200.0</TD>
            <TD>0.1458000000</TD>
          </TR>
          <TR>
            <TD>257300.0</TD>
            <TD>0.1394900000</TD>
          </TR>
          <TR>
            <TD>257400.0</TD>
            <TD>0.1347300000</TD>
          </TR>
          <TR>
            <TD>257500.0</TD>
            <TD>0.1295700000</TD>
          </TR>
          <TR>
            <TD>257600.0</TD>
            <TD>0.1252100000</TD>
          </TR>
          <TR>
            <TD>257700.0</TD>
            <TD>0.1233300000</TD>
          </TR>
          <TR>
            <TD>257800.0</TD>
            <TD>0.1214100000</TD>
          </TR>
          <TR>
            <TD>257900.0</TD>
            <TD>0.1195300000</TD>
          </TR>
          <TR>
            <TD>258000.0</TD>
            <TD>0.1196600000</TD>
          </TR>
          <TR>
            <TD>258100.0</TD>
            <TD>0.1198200000</TD>
          </TR>
          <TR>
            <TD>258200.0</TD>
            <TD>0.1203500000</TD>
          </TR>
          <TR>
            <TD>258300.0</TD>
            <TD>0.1212800000</TD>
          </TR>
          <TR>
            <TD>258400.0</TD>
            <TD>0.1225800000</TD>
          </TR>
          <TR>
            <TD>258500.0</TD>
            <TD>0.1243200000</TD>
          </TR>
          <TR>
            <TD>258600.0</TD>
            <TD>0.1256100000</TD>
          </TR>
          <TR>
            <TD>258700.0</TD>
            <TD>0.1276300000</TD>
          </TR>
          <TR>
            <TD>258800.0</TD>
            <TD>0.1293000000</TD>
          </TR>
          <TR>
            <TD>258900.0</TD>
            <TD>0.1313200000</TD>
          </TR>
          <TR>
            <TD>259000.0</TD>
            <TD>0.1333100000</TD>
          </TR>
          <TR>
            <TD>259100.0</TD>
            <TD>0.1353000000</TD>
          </TR>
          <TR>
            <TD>259200.0</TD>
            <TD>0.1373300000</TD>
          </TR>
          <TR>
            <TD>259300.0</TD>
            <TD>0.1385500000</TD>
          </TR>
          <TR>
            <TD>259400.0</TD>
            <TD>0.1401800000</TD>
          </TR>
          <TR>
            <TD>259500.0</TD>
            <TD>0.1414500000</TD>
          </TR>
          <TR>
            <TD>259600.0</TD>
            <TD>0.1419100000</TD>
          </TR>
          <TR>
            <TD>259700.0</TD>
            <TD>0.1423200000</TD>
          </TR>
          <TR>
            <TD>259800.0</TD>
            <TD>0.1424200000</TD>
          </TR>
          <TR>
            <TD>259900.0</TD>
            <TD>0.1420700000</TD>
          </TR>
          <TR>
            <TD>260000.0</TD>
            <TD>0.1409500000</TD>
          </TR>
          <TR>
            <TD>260100.0</TD>
            <TD>0.1394200000</TD>
          </TR>
          <TR>
            <TD>260200.0</TD>
            <TD>0.1379400000</TD>
          </TR>
          <TR>
            <TD>260300.0</TD>
            <TD>0.1356000000</TD>
          </TR>
          <TR>
            <TD>260400.0</TD>
            <TD>0.1333000000</TD>
          </TR>
          <TR>
            <TD>260500.0</TD>
            <TD>0.1310000000</TD>
          </TR>
          <TR>
            <TD>260600.0</TD>
            <TD>0.1283300000</TD>
          </TR>
          <TR>
            <TD>260700.0</TD>
            <TD>0.1256200000</TD>
          </TR>
          <TR>
            <TD>260800.0</TD>
            <TD>0.1229400000</TD>
          </TR>
          <TR>
            <TD>260900.0</TD>
            <TD>0.1206800000</TD>
          </TR>
          <TR>
            <TD>261000.0</TD>
            <TD>0.1184000000</TD>
          </TR>
          <TR>
            <TD>261100.0</TD>
            <TD>0.1161700000</TD>
          </TR>
          <TR>
            <TD>261200.0</TD>
            <TD>0.1139400000</TD>
          </TR>
          <TR>
            <TD>261300.0</TD>
            <TD>0.1117400000</TD>
          </TR>
          <TR>
            <TD>261400.0</TD>
            <TD>0.1098700000</TD>
          </TR>
          <TR>
            <TD>261500.0</TD>
            <TD>0.1076000000</TD>
          </TR>
          <TR>
            <TD>261600.0</TD>
            <TD>0.1053100000</TD>
          </TR>
          <TR>
            <TD>261700.0</TD>
            <TD>0.1029900000</TD>
          </TR>
          <TR>
            <TD>261800.0</TD>
            <TD>0.1003400000</TD>
          </TR>
          <TR>
            <TD>261900.0</TD>
            <TD>0.0971960000</TD>
          </TR>
          <TR>
            <TD>262000.0</TD>
            <TD>0.0939690000</TD>
          </TR>
          <TR>
            <TD>262100.0</TD>
            <TD>0.0908210000</TD>
          </TR>
          <TR>
            <TD>262200.0</TD>
            <TD>0.0875890000</TD>
          </TR>
          <TR>
            <TD>262300.0</TD>
            <TD>0.0846810000</TD>
          </TR>
          <TR>
            <TD>262400.0</TD>
            <TD>0.0817710000</TD>
          </TR>
          <TR>
            <TD>262500.0</TD>
            <TD>0.0792270000</TD>
          </TR>
          <TR>
            <TD>262600.0</TD>
            <TD>0.0778660000</TD>
          </TR>
          <TR>
            <TD>262700.0</TD>
            <TD>0.0768320000</TD>
          </TR>
          <TR>
            <TD>262800.0</TD>
            <TD>0.0754700000</TD>
          </TR>
          <TR>
            <TD>262900.0</TD>
            <TD>0.0761540000</TD>
          </TR>
          <TR>
            <TD>263000.0</TD>
            <TD>0.0765100000</TD>
          </TR>
          <TR>
            <TD>263100.0</TD>
            <TD>0.0772360000</TD>
          </TR>
          <TR>
            <TD>263200.0</TD>
            <TD>0.0780850000</TD>
          </TR>
          <TR>
            <TD>263300.0</TD>
            <TD>0.0789760000</TD>
          </TR>
          <TR>
            <TD>263400.0</TD>
            <TD>0.0798670000</TD>
          </TR>
          <TR>
            <TD>263500.0</TD>
            <TD>0.0803490000</TD>
          </TR>
          <TR>
            <TD>263600.0</TD>
            <TD>0.0807900000</TD>
          </TR>
          <TR>
            <TD>263700.0</TD>
            <TD>0.0808620000</TD>
          </TR>
          <TR>
            <TD>263800.0</TD>
            <TD>0.0809340000</TD>
          </TR>
          <TR>
            <TD>263900.0</TD>
            <TD>0.0809640000</TD>
          </TR>
          <TR>
            <TD>264000.0</TD>
            <TD>0.0806250000</TD>
          </TR>
          <TR>
            <TD>264100.0</TD>
            <TD>0.0802440000</TD>
          </TR>
          <TR>
            <TD>264200.0</TD>
            <TD>0.0803160000</TD>
          </TR>
          <TR>
            <TD>264300.0</TD>
            <TD>0.0803460000</TD>
          </TR>
          <TR>
            <TD>264400.0</TD>
            <TD>0.0803770000</TD>
          </TR>
          <TR>
            <TD>264500.0</TD>
            <TD>0.0804480000</TD>
          </TR>
          <TR>
            <TD>264600.0</TD>
            <TD>0.0805610000</TD>
          </TR>
          <TR>
            <TD>264700.0</TD>
            <TD>0.0806740000</TD>
          </TR>
          <TR>
            <TD>264800.0</TD>
            <TD>0.0807460000</TD>
          </TR>
          <TR>
            <TD>264900.0</TD>
            <TD>0.0796620000</TD>
          </TR>
          <TR>
            <TD>265000.0</TD>
            <TD>0.0786190000</TD>
          </TR>
          <TR>
            <TD>265100.0</TD>
            <TD>0.0775340000</TD>
          </TR>
          <TR>
            <TD>265200.0</TD>
            <TD>0.0757460000</TD>
          </TR>
          <TR>
            <TD>265300.0</TD>
            <TD>0.0730890000</TD>
          </TR>
          <TR>
            <TD>265400.0</TD>
            <TD>0.0704300000</TD>
          </TR>
          <TR>
            <TD>265500.0</TD>
            <TD>0.0678100000</TD>
          </TR>
          <TR>
            <TD>265600.0</TD>
            <TD>0.0651060000</TD>
          </TR>
          <TR>
            <TD>265700.0</TD>
            <TD>0.0620270000</TD>
          </TR>
          <TR>
            <TD>265800.0</TD>
            <TD>0.0592770000</TD>
          </TR>
          <TR>
            <TD>265900.0</TD>
            <TD>0.0561520000</TD>
          </TR>
          <TR>
            <TD>266000.0</TD>
            <TD>0.0536460000</TD>
          </TR>
          <TR>
            <TD>266100.0</TD>
            <TD>0.0508480000</TD>
          </TR>
          <TR>
            <TD>266200.0</TD>
            <TD>0.0480900000</TD>
          </TR>
          <TR>
            <TD>266300.0</TD>
            <TD>0.0452880000</TD>
          </TR>
          <TR>
            <TD>266400.0</TD>
            <TD>0.0425250000</TD>
          </TR>
          <TR>
            <TD>266500.0</TD>
            <TD>0.0397190000</TD>
          </TR>
          <TR>
            <TD>266600.0</TD>
            <TD>0.0370430000</TD>
          </TR>
          <TR>
            <TD>266700.0</TD>
            <TD>0.0343700000</TD>
          </TR>
          <TR>
            <TD>266800.0</TD>
            <TD>0.0316200000</TD>
          </TR>
          <TR>
            <TD>266900.0</TD>
            <TD>0.0295910000</TD>
          </TR>
          <TR>
            <TD>267000.0</TD>
            <TD>0.0292980000</TD>
          </TR>
          <TR>
            <TD>267100.0</TD>
            <TD>0.0286730000</TD>
          </TR>
          <TR>
            <TD>267200.0</TD>
            <TD>0.0275720000</TD>
          </TR>
          <TR>
            <TD>267300.0</TD>
            <TD>0.0997830000</TD>
          </TR>
          <TR>
            <TD>267400.0</TD>
            <TD>0.1111100000</TD>
          </TR>
          <TR>
            <TD>267500.0</TD>
            <TD>0.1109000000</TD>
          </TR>
          <TR>
            <TD>267600.0</TD>
            <TD>0.1121100000</TD>
          </TR>
          <TR>
            <TD>267700.0</TD>
            <TD>0.1084400000</TD>
          </TR>
          <TR>
            <TD>267800.0</TD>
            <TD>0.1047700000</TD>
          </TR>
          <TR>
            <TD>267900.0</TD>
            <TD>0.1014700000</TD>
          </TR>
          <TR>
            <TD>268000.0</TD>
            <TD>0.0981660000</TD>
          </TR>
          <TR>
            <TD>268100.0</TD>
            <TD>0.0948620000</TD>
          </TR>
          <TR>
            <TD>268200.0</TD>
            <TD>0.0916400000</TD>
          </TR>
          <TR>
            <TD>268300.0</TD>
            <TD>0.0879550000</TD>
          </TR>
          <TR>
            <TD>268400.0</TD>
            <TD>0.0841000000</TD>
          </TR>
          <TR>
            <TD>268500.0</TD>
            <TD>0.0804100000</TD>
          </TR>
          <TR>
            <TD>268600.0</TD>
            <TD>0.0768850000</TD>
          </TR>
          <TR>
            <TD>268700.0</TD>
            <TD>0.0734820000</TD>
          </TR>
          <TR>
            <TD>268800.0</TD>
            <TD>0.0703280000</TD>
          </TR>
          <TR>
            <TD>268900.0</TD>
            <TD>0.0672550000</TD>
          </TR>
          <TR>
            <TD>269000.0</TD>
            <TD>0.0643060000</TD>
          </TR>
          <TR>
            <TD>269100.0</TD>
            <TD>0.0615640000</TD>
          </TR>
          <TR>
            <TD>269200.0</TD>
            <TD>0.0589030000</TD>
          </TR>
          <TR>
            <TD>269300.0</TD>
            <TD>0.0563670000</TD>
          </TR>
          <TR>
            <TD>269400.0</TD>
            <TD>0.0539540000</TD>
          </TR>
          <TR>
            <TD>269500.0</TD>
            <TD>0.0515400000</TD>
          </TR>
          <TR>
            <TD>269600.0</TD>
            <TD>0.0492500000</TD>
          </TR>
          <TR>
            <TD>269700.0</TD>
            <TD>0.0470840000</TD>
          </TR>
          <TR>
            <TD>269800.0</TD>
            <TD>0.0449590000</TD>
          </TR>
          <TR>
            <TD>269900.0</TD>
            <TD>0.0428740000</TD>
          </TR>
          <TR>
            <TD>270000.0</TD>
            <TD>0.0403540000</TD>
          </TR>
          <TR>
            <TD>270100.0</TD>
            <TD>0.0374460000</TD>
          </TR>
          <TR>
            <TD>270200.0</TD>
            <TD>0.0345560000</TD>
          </TR>
          <TR>
            <TD>270300.0</TD>
            <TD>0.0302960000</TD>
          </TR>
          <TR>
            <TD>270400.0</TD>
            <TD>0.0185250000</TD>
          </TR>
          <TR>
            <TD>270500.0</TD>
            <TD>0.0198580000</TD>
          </TR>
          <TR>
            <TD>270600.0</TD>
            <TD>0.0213910000</TD>
          </TR>
          <TR>
            <TD>270700.0</TD>
            <TD>0.0231990000</TD>
          </TR>
          <TR>
            <TD>270800.0</TD>
            <TD>0.0245280000</TD>
          </TR>
          <TR>
            <TD>270900.0</TD>
            <TD>0.0258790000</TD>
          </TR>
          <TR>
            <TD>271000.0</TD>
            <TD>0.0272470000</TD>
          </TR>
          <TR>
            <TD>271100.0</TD>
            <TD>0.0281860000</TD>
          </TR>
          <TR>
            <TD>271200.0</TD>
            <TD>0.0286820000</TD>
          </TR>
          <TR>
            <TD>271300.0</TD>
            <TD>0.0290860000</TD>
          </TR>
          <TR>
            <TD>271400.0</TD>
            <TD>0.0295150000</TD>
          </TR>
          <TR>
            <TD>271500.0</TD>
            <TD>0.0293820000</TD>
          </TR>
          <TR>
            <TD>271600.0</TD>
            <TD>0.0292660000</TD>
          </TR>
          <TR>
            <TD>271700.0</TD>
            <TD>0.0291290000</TD>
          </TR>
          <TR>
            <TD>271800.0</TD>
            <TD>0.0288470000</TD>
          </TR>
          <TR>
            <TD>271900.0</TD>
            <TD>0.0284810000</TD>
          </TR>
          <TR>
            <TD>272000.0</TD>
            <TD>0.0281610000</TD>
          </TR>
          <TR>
            <TD>272100.0</TD>
            <TD>0.0278620000</TD>
          </TR>
          <TR>
            <TD>272200.0</TD>
            <TD>0.0272790000</TD>
          </TR>
          <TR>
            <TD>272300.0</TD>
            <TD>0.0265510000</TD>
          </TR>
          <TR>
            <TD>272400.0</TD>
            <TD>0.0259030000</TD>
          </TR>
          <TR>
            <TD>272500.0</TD>
            <TD>0.0250130000</TD>
          </TR>
          <TR>
            <TD>272600.0</TD>
            <TD>0.0232480000</TD>
          </TR>
          <TR>
            <TD>272700.0</TD>
            <TD>0.0214940000</TD>
          </TR>
          <TR>
            <TD>272800.0</TD>
            <TD>0.0198450000</TD>
          </TR>
          <TR>
            <TD>272900.0</TD>
            <TD>0.0174680000</TD>
          </TR>
          <TR>
            <TD>273000.0</TD>
            <TD>0.0148590000</TD>
          </TR>
          <TR>
            <TD>273100.0</TD>
            <TD>0.0124960000</TD>
          </TR>
          <TR>
            <TD>273200.0</TD>
            <TD>0.0101860000</TD>
          </TR>
          <TR>
            <TD>273300.0</TD>
            <TD>0.0060779000</TD>
          </TR>
          <TR>
            <TD>273400.0</TD>
            <TD>0.0036136000</TD>
          </TR>
          <TR>
            <TD>273500.0</TD>
            <TD>0.0021906000</TD>
          </TR>
          <TR>
            <TD>273600.0</TD>
            <TD>0.0016946000</TD>
          </TR>
          <TR>
            <TD>273700.0</TD>
            <TD>0.0002669600</TD>
          </TR>
          <TR>
            <TD>273800.0</TD>
            <TD>0.0004443100</TD>
          </TR>
          <TR>
            <TD>273900.0</TD>
            <TD>0.0003745200</TD>
          </TR>
          <TR>
            <TD>274000.0</TD>
            <TD>0.0003148300</TD>
          </TR>
          <TR>
            <TD>274100.0</TD>
            <TD>0.0002660700</TD>
          </TR>
          <TR>
            <TD>274200.0</TD>
            <TD>0.0002235500</TD>
          </TR>
          <TR>
            <TD>274300.0</TD>
            <TD>0.0001887700</TD>
          </TR>
          <TR>
            <TD>274400.0</TD>
            <TD>0.0001594800</TD>
          </TR>
          <TR>
            <TD>274500.0</TD>
            <TD>0.0001338900</TD>
          </TR>
          <TR>
            <TD>274600.0</TD>
            <TD>0.0001126000</TD>
          </TR>
          <TR>
            <TD>274700.0</TD>
            <TD>0.0000947160</TD>
          </TR>
          <TR>
            <TD>274800.0</TD>
            <TD>0.0000796440</TD>
          </TR>
          <TR>
            <TD>274900.0</TD>
            <TD>0.0000668720</TD>
          </TR>
          <TR>
            <TD>275000.0</TD>
            <TD>0.0000563180</TD>
          </TR>
          <TR>
            <TD>275100.0</TD>
            <TD>0.0000473410</TD>
          </TR>
          <TR>
            <TD>275200.0</TD>
            <TD>0.0000397640</TD>
          </TR>
          <TR>
            <TD>275300.0</TD>
            <TD>0.0000334200</TD>
          </TR>
          <TR>
            <TD>275400.0</TD>
            <TD>0.0000303530</TD>
          </TR>
          <TR>
            <TD>275500.0</TD>
            <TD>0.0000284250</TD>
          </TR>
          <TR>
            <TD>275600.0</TD>
            <TD>0.0000265770</TD>
          </TR>
          <TR>
            <TD>275700.0</TD>
            <TD>0.0000248860</TD>
          </TR>
          <TR>
            <TD>275800.0</TD>
            <TD>0.0000231980</TD>
          </TR>
          <TR>
            <TD>275900.0</TD>
            <TD>0.0000217420</TD>
          </TR>
          <TR>
            <TD>276000.0</TD>
            <TD>0.0000203610</TD>
          </TR>
          <TR>
            <TD>276100.0</TD>
            <TD>0.0000190570</TD>
          </TR>
          <TR>
            <TD>276200.0</TD>
            <TD>0.0000178340</TD>
          </TR>
          <TR>
            <TD>276300.0</TD>
            <TD>0.0000166870</TD>
          </TR>
          <TR>
            <TD>276400.0</TD>
            <TD>0.0000156170</TD>
          </TR>
          <TR>
            <TD>276500.0</TD>
            <TD>0.0000145460</TD>
          </TR>
          <TR>
            <TD>276600.0</TD>
            <TD>0.0000136080</TD>
          </TR>
          <TR>
            <TD>276700.0</TD>
            <TD>0.0000127250</TD>
          </TR>
          <TR>
            <TD>276800.0</TD>
            <TD>0.0000119110</TD>
          </TR>
          <TR>
            <TD>276900.0</TD>
            <TD>0.0000111130</TD>
          </TR>
          <TR>
            <TD>277000.0</TD>
            <TD>0.0000103710</TD>
          </TR>
          <TR>
            <TD>277100.0</TD>
            <TD>0.0000097054</TD>
          </TR>
          <TR>
            <TD>277200.0</TD>
            <TD>0.0000206090</TD>
          </TR>
          <TR>
            <TD>277300.0</TD>
            <TD>0.0000310290</TD>
          </TR>
          <TR>
            <TD>277400.0</TD>
            <TD>0.0000747380</TD>
          </TR>
          <TR>
            <TD>277500.0</TD>
            <TD>0.0003783600</TD>
          </TR>
          <TR>
            <TD>277600.0</TD>
            <TD>0.0034715000</TD>
          </TR>
          <TR>
            <TD>277700.0</TD>
            <TD>0.0046232000</TD>
          </TR>
          <TR>
            <TD>277800.0</TD>
            <TD>0.0060612000</TD>
          </TR>
          <TR>
            <TD>277900.0</TD>
            <TD>0.0077859000</TD>
          </TR>
          <TR>
            <TD>278000.0</TD>
            <TD>0.0091135000</TD>
          </TR>
          <TR>
            <TD>278100.0</TD>
            <TD>0.0094632000</TD>
          </TR>
          <TR>
            <TD>278200.0</TD>
            <TD>0.0097179000</TD>
          </TR>
          <TR>
            <TD>278300.0</TD>
            <TD>0.0100680000</TD>
          </TR>
          <TR>
            <TD>278400.0</TD>
            <TD>0.0101760000</TD>
          </TR>
          <TR>
            <TD>278500.0</TD>
            <TD>0.0102010000</TD>
          </TR>
          <TR>
            <TD>278600.0</TD>
            <TD>0.0102350000</TD>
          </TR>
          <TR>
            <TD>278700.0</TD>
            <TD>0.0102820000</TD>
          </TR>
          <TR>
            <TD>278800.0</TD>
            <TD>0.0102250000</TD>
          </TR>
          <TR>
            <TD>278900.0</TD>
            <TD>0.0102160000</TD>
          </TR>
          <TR>
            <TD>279000.0</TD>
            <TD>0.0102150000</TD>
          </TR>
          <TR>
            <TD>279100.0</TD>
            <TD>0.0100580000</TD>
          </TR>
          <TR>
            <TD>279200.0</TD>
            <TD>0.0092572000</TD>
          </TR>
          <TR>
            <TD>279300.0</TD>
            <TD>0.0085689000</TD>
          </TR>
          <TR>
            <TD>279400.0</TD>
            <TD>0.0079019000</TD>
          </TR>
          <TR>
            <TD>279500.0</TD>
            <TD>0.0066076000</TD>
          </TR>
          <TR>
            <TD>279600.0</TD>
            <TD>0.0048464000</TD>
          </TR>
          <TR>
            <TD>279700.0</TD>
            <TD>0.0035244000</TD>
          </TR>
          <TR>
            <TD>279800.0</TD>
            <TD>0.0025783000</TD>
          </TR>
          <TR>
            <TD>279900.0</TD>
            <TD>0.0005714700</TD>
          </TR>
          <TR>
            <TD>280000.0</TD>
            <TD>0.0001596000</TD>
          </TR>
          <TR>
            <TD>280500.0</TD>
            <TD>0.0000384290</TD>
          </TR>
        </TABLEDATA>
      </DATA>
    </TABLE>
  </RESOURCE>
</VOTABLE>
